doctype,fieldname,fieldtype,part,source
Print Heading,print_heading,Data,label,Print Heading
Print Heading,description,Small Text,label,Description
Print Format,print_format_for,Select,label,Print Format For
Print Format,print_format_for,Select,option,DocType
Print Format,print_format_for,Select,option,Report
Print Format,doc_type,Link,label,DocType
Print Format,report,Link,label,Report
Print Format,module,Link,label,Module
Print Format,default_print_language,Link,label,Default Print Language
Print Format,standard,Select,label,Standard
Print Format,standard,Select,option,No
Print Format,standard,Select,option,Yes
Print Format,custom_format,Check,label,Custom Format
Print Format,disabled,Check,label,Disabled
Print Format,pdf_generator,Select,label,PDF Generator
Print Format,print_format_type,Select,label,Print Format Type
Print Format,print_format_type,Select,option,Jinja
Print Format,print_format_type,Select,option,JS
Print Format,raw_printing,Check,label,Raw Printing
Print Format,html,Code,label,HTML
Print Format,raw_commands,Code,label,Raw Commands
Print Format,raw_commands,Code,description,Any string-based printer languages can be used. Writing raw commands requires knowledge of the printer's native language provided by the printer manufacturer. Please refer to the developer manual provided by the printer manufacturer on how to write their native commands. These commands are rendered on the server side using the Jinja Templating Language.
Print Format,section_break_9,Section Break,label,Style Settings
Print Format,margin_top,Float,label,Margin Top
Print Format,margin_bottom,Float,label,Margin Bottom
Print Format,margin_left,Float,label,Margin Left
Print Format,margin_right,Float,label,Margin Right
Print Format,align_labels_right,Check,label,Align Labels to the Right
Print Format,show_section_headings,Check,label,Show Section Headings
Print Format,line_breaks,Check,label,Show Line Breaks after Sections
Print Format,absolute_value,Check,label,Show Absolute Values
Print Format,absolute_value,Check,description,"If checked, negative numeric values of Currency, Quantity or Count would be shown as positive"
Print Format,font_size,Int,label,Font Size
Print Format,font,Data,label,Google Font
Print Format,page_number,Select,label,Page Number
Print Format,page_number,Select,option,Hide
Print Format,page_number,Select,option,Top Left
Print Format,page_number,Select,option,Top Center
Print Format,page_number,Select,option,Top Right
Print Format,page_number,Select,option,Bottom Left
Print Format,page_number,Select,option,Bottom Center
Print Format,page_number,Select,option,Bottom Right
Print Format,css,Code,label,Custom CSS
Print Format,custom_html_help,HTML,label,Custom HTML Help
Print Format,custom_html_help,HTML,option,<h3>Custom CSS Help</h3>
Print Format,custom_html_help,HTML,option,<p>Notes:</p>
Print Format,custom_html_help,HTML,option,<ol>
Print Format,custom_html_help,HTML,option,<li>All field groups (label + value) are set attributes <code>data-fieldtype</code> and <code>data-fieldname</code></li>
Print Format,custom_html_help,HTML,option,<li>All values are given class <code>value</code></li>
Print Format,custom_html_help,HTML,option,<li>All Section Breaks are given class <code>section-break</code></li>
Print Format,custom_html_help,HTML,option,<li>All Column Breaks are given class <code>column-break</code></li>
Print Format,custom_html_help,HTML,option,</ol>
Print Format,custom_html_help,HTML,option,<h4>Examples</h4>
Print Format,custom_html_help,HTML,option,<p>1. Left align integers</p>
Print Format,custom_html_help,HTML,option,"<pre><code>[data-fieldtype=""Int""] .value { text-align: left; }</code></pre>"
Print Format,custom_html_help,HTML,option,<p>1. Add border to sections except the last section</p>
Print Format,custom_html_help,HTML,option,<pre><code>.section-break { padding: 30px 0px; border-bottom: 1px solid #eee; }
Print Format,custom_html_help,HTML,option,.section-break:last-child { padding-bottom: 0px; border-bottom: 0px;  }</code></pre>
Print Format,print_format_help,HTML,label,Print Format Help
Print Format,print_format_help,HTML,option,<h3>Print Format Help</h3>
Print Format,print_format_help,HTML,option,<hr>
Print Format,print_format_help,HTML,option,<h4>Introduction</h4>
Print Format,print_format_help,HTML,option,<p>Print Formats are rendered on the server side using the Jinja Templating Language. All forms have access to the <code>doc</code> object which contains information about the document that is being formatted. You can also access common utilities via the <code>frappe</code> module.</p>
Print Format,print_format_help,HTML,option,"<p>For styling, the Boostrap CSS framework is provided and you can enjoy the full range of classes.</p>"
Print Format,print_format_help,HTML,option,<hr>
Print Format,print_format_help,HTML,option,<h4>References</h4>
Print Format,print_format_help,HTML,option,<ol>
Print Format,print_format_help,HTML,option,"<li><a href=""http://jinja.pocoo.org/docs/templates/"" target=""_blank"">Jinja Templating Language</a></li>"
Print Format,print_format_help,HTML,option,"<li><a href=""http://getbootstrap.com"" target=""_blank"">Bootstrap CSS Framework</a></li>"
Print Format,print_format_help,HTML,option,</ol>
Print Format,print_format_help,HTML,option,<hr>
Print Format,print_format_help,HTML,option,<h4>Example</h4>
Print Format,print_format_help,HTML,option,"<pre><code>&lt;h3&gt;{{ doc.select_print_heading or ""Invoice"" }}&lt;/h3&gt;"
Print Format,print_format_help,HTML,option,"&lt;div class=""row""&gt;"
Print Format,print_format_help,HTML,option,"&lt;div class=""col-md-3 text-right""&gt;Customer Name&lt;/div&gt;"
Print Format,print_format_help,HTML,option,"&lt;div class=""col-md-9""&gt;{{ doc.customer_name }}&lt;/div&gt;"
Print Format,print_format_help,HTML,option,&lt;/div&gt;
Print Format,print_format_help,HTML,option,"&lt;div class=""row""&gt;"
Print Format,print_format_help,HTML,option,"&lt;div class=""col-md-3 text-right""&gt;Date&lt;/div&gt;"
Print Format,print_format_help,HTML,option,"&lt;div class=""col-md-9""&gt;{{ doc.get_formatted(""invoice_date"") }}&lt;/div&gt;"
Print Format,print_format_help,HTML,option,&lt;/div&gt;
Print Format,print_format_help,HTML,option,"&lt;table class=""table table-bordered""&gt;"
Print Format,print_format_help,HTML,option,&lt;tbody&gt;
Print Format,print_format_help,HTML,option,&lt;tr&gt;
Print Format,print_format_help,HTML,option,&lt;th&gt;Sr&lt;/th&gt;
Print Format,print_format_help,HTML,option,&lt;th&gt;Item Name&lt;/th&gt;
Print Format,print_format_help,HTML,option,&lt;th&gt;Description&lt;/th&gt;
Print Format,print_format_help,HTML,option,"&lt;th class=""text-right""&gt;Qty&lt;/th&gt;"
Print Format,print_format_help,HTML,option,"&lt;th class=""text-right""&gt;Rate&lt;/th&gt;"
Print Format,print_format_help,HTML,option,"&lt;th class=""text-right""&gt;Amount&lt;/th&gt;"
Print Format,print_format_help,HTML,option,&lt;/tr&gt;
Print Format,print_format_help,HTML,option,{%- for row in doc.items -%}
Print Format,print_format_help,HTML,option,&lt;tr&gt;
Print Format,print_format_help,HTML,option,"&lt;td style=""width: 3%;""&gt;{{ row.idx }}&lt;/td&gt;"
Print Format,print_format_help,HTML,option,"&lt;td style=""width: 20%;""&gt;"
Print Format,print_format_help,HTML,option,{{ row.item_name }}
Print Format,print_format_help,HTML,option,{% if row.item_code != row.item_name -%}
Print Format,print_format_help,HTML,option,&lt;br&gt;Item Code: {{ row.item_code}}
Print Format,print_format_help,HTML,option,{%- endif %}
Print Format,print_format_help,HTML,option,&lt;/td&gt;
Print Format,print_format_help,HTML,option,"&lt;td style=""width: 37%;""&gt;"
Print Format,print_format_help,HTML,option,"&lt;div style=""border: 0px;""&gt;{{ row.description }}&lt;/div&gt;&lt;/td&gt;"
Print Format,print_format_help,HTML,option,"&lt;td style=""width: 10%; text-align: right;""&gt;{{ row.qty }} {{ row.uom or row.stock_uom }}&lt;/td&gt;"
Print Format,print_format_help,HTML,option,"&lt;td style=""width: 15%; text-align: right;""&gt;{{"
Print Format,print_format_help,HTML,option,"row.get_formatted(""rate"", doc) }}&lt;/td&gt;"
Print Format,print_format_help,HTML,option,"&lt;td style=""width: 15%; text-align: right;""&gt;{{"
Print Format,print_format_help,HTML,option,"row.get_formatted(""amount"", doc) }}&lt;/td&gt;"
Print Format,print_format_help,HTML,option,&lt;/tr&gt;
Print Format,print_format_help,HTML,option,{%- endfor -%}
Print Format,print_format_help,HTML,option,&lt;/tbody&gt;
Print Format,print_format_help,HTML,option,&lt;/table&gt;</code></pre>
Print Format,print_format_help,HTML,option,<hr>
Print Format,print_format_help,HTML,option,<h4>Common Functions</h4>
Print Format,print_format_help,HTML,option,"<table class=""table table-bordered"">"
Print Format,print_format_help,HTML,option,<tbody>
Print Format,print_format_help,HTML,option,<tr>
Print Format,print_format_help,HTML,option,"<td style=""width: 30%;""><code>doc.get_formatted(""[fieldname]"", [parent_doc])</code></td>"
Print Format,print_format_help,HTML,option,"<td>Get document value formatted as Date, Currency, etc. Pass parent <code>doc</code> for currency type fields.</td>"
Print Format,print_format_help,HTML,option,</tr>
Print Format,print_format_help,HTML,option,<tr>
Print Format,print_format_help,HTML,option,"<td style=""width: 30%;""><code>frappe.db.get_value(""[doctype]"", ""[name]"", ""fieldname"")</code></td>"
Print Format,print_format_help,HTML,option,<td>Get value from another document.</td>
Print Format,print_format_help,HTML,option,</tr>
Print Format,print_format_help,HTML,option,</tbody>
Print Format,print_format_help,HTML,option,</table>
Print Format,format_data,Code,label,Format Data
Print Format,print_format_builder,Check,label,Print Format Builder
Print Format,print_format_builder_beta,Check,label,Print Format Builder Beta
Serial and Batch Bundle,item_details_tab,Tab Break,label,Serial and Batch
Serial and Batch Bundle,naming_series,Select,label,Naming Series
Serial and Batch Bundle,naming_series,Select,option,SABB-.########
Serial and Batch Bundle,company,Link,label,Company
Serial and Batch Bundle,item_name,Data,label,Item Name
Serial and Batch Bundle,has_serial_no,Check,label,Has Serial No
Serial and Batch Bundle,has_batch_no,Check,label,Has Batch No
Serial and Batch Bundle,item_code,Link,label,Item Code
Serial and Batch Bundle,warehouse,Link,label,Warehouse
Serial and Batch Bundle,type_of_transaction,Select,label,Type of Transaction
Serial and Batch Bundle,type_of_transaction,Select,option,Inward
Serial and Batch Bundle,type_of_transaction,Select,option,Outward
Serial and Batch Bundle,type_of_transaction,Select,option,Maintenance
Serial and Batch Bundle,type_of_transaction,Select,option,Asset Repair
Serial and Batch Bundle,serial_no_and_batch_no_tab,Section Break,label,Serial / Batch No
Serial and Batch Bundle,quantity_and_rate_section,Tab Break,label,Quantity and Rate
Serial and Batch Bundle,total_qty,Float,label,Total Qty
Serial and Batch Bundle,item_group,Link,label,Item Group
Serial and Batch Bundle,avg_rate,Float,label,Avg Rate
Serial and Batch Bundle,total_amount,Float,label,Total Amount
Serial and Batch Bundle,tab_break_12,Tab Break,label,Reference
Serial and Batch Bundle,voucher_type,Link,label,Voucher Type
Serial and Batch Bundle,voucher_no,Dynamic Link,label,Voucher No
Serial and Batch Bundle,voucher_detail_no,Data,label,Voucher Detail No
Serial and Batch Bundle,posting_date,Date,label,Posting Date
Serial and Batch Bundle,posting_time,Time,label,Posting Time
Serial and Batch Bundle,returned_against,Data,label,Returned Against
Serial and Batch Bundle,is_cancelled,Check,label,Is Cancelled
Serial and Batch Bundle,is_rejected,Check,label,Is Rejected
Serial and Batch Bundle,amended_from,Link,label,Amended From
Sales Invoice,customer_section,Section Break,option,fa fa-user
Sales Invoice,title,Data,label,Title
Sales Invoice,naming_series,Select,label,Series
Sales Invoice,naming_series,Select,option,فاکتور-فروش-.YYYY.-#####
Sales Invoice,naming_series,Select,option,ACC-SINV-.YYYY.-
Sales Invoice,naming_series,Select,option,ACC-SINV-RET-.YYYY.-
Sales Invoice,customer,Link,label,Customer
Sales Invoice,customer_name,Small Text,label,Customer Name
Sales Invoice,tax_id,Data,label,Tax Id
Sales Invoice,company,Link,label,Company
Sales Invoice,company_tax_id,Data,label,Company Tax ID
Sales Invoice,posting_date,Date,label,Date
Sales Invoice,posting_time,Time,label,Posting Time
Sales Invoice,set_posting_time,Check,label,Edit Posting Date and Time
Sales Invoice,due_date,Date,label,Payment Due Date
Sales Invoice,is_pos,Check,label,Include Payment (POS)
Sales Invoice,pos_profile,Link,label,POS Profile
Sales Invoice,is_consolidated,Check,label,Is Consolidated
Sales Invoice,is_return,Check,label,Is Return (Credit Note)
Sales Invoice,return_against,Link,label,Return Against
Sales Invoice,update_outstanding_for_self,Check,label,Update Outstanding for Self
Sales Invoice,update_outstanding_for_self,Check,description,"Credit Note will update it's own outstanding amount, even if 'Return Against' is specified."
Sales Invoice,update_billed_amount_in_sales_order,Check,label,Update Billed Amount in Sales Order
Sales Invoice,update_billed_amount_in_delivery_note,Check,label,Update Billed Amount in Delivery Note
Sales Invoice,is_debit_note,Check,label,Is Rate Adjustment Entry (Debit Note)
Sales Invoice,is_debit_note,Check,description,Issue a debit note with 0 qty against an existing Sales Invoice
Sales Invoice,amended_from,Link,label,Amended From
Sales Invoice,accounting_dimensions_section,Section Break,label,Accounting Dimensions
Sales Invoice,cost_center,Link,label,Cost Center
Sales Invoice,project,Link,label,Project
Sales Invoice,currency_and_price_list,Section Break,label,Currency and Price List
Sales Invoice,currency,Link,label,Currency
Sales Invoice,conversion_rate,Float,label,Exchange Rate
Sales Invoice,conversion_rate,Float,description,Rate at which Customer Currency is converted to customer's base currency
Sales Invoice,selling_price_list,Link,label,Price List
Sales Invoice,price_list_currency,Link,label,Price List Currency
Sales Invoice,plc_conversion_rate,Float,label,Price List Exchange Rate
Sales Invoice,plc_conversion_rate,Float,description,Rate at which Price list currency is converted to customer's base currency
Sales Invoice,ignore_pricing_rule,Check,label,Ignore Pricing Rule
Sales Invoice,items_section,Section Break,label,Items
Sales Invoice,items_section,Section Break,option,fa fa-shopping-cart
Sales Invoice,scan_barcode,Data,label,Scan Barcode
Sales Invoice,update_stock,Check,label,Update Stock
Sales Invoice,last_scanned_warehouse,Data,label,Last Scanned Warehouse
Sales Invoice,set_warehouse,Link,label,Source Warehouse
Sales Invoice,set_target_warehouse,Link,label,Set Target Warehouse
Sales Invoice,items,Table,label,Items
Sales Invoice,total_qty,Float,label,Total Quantity
Sales Invoice,total_net_weight,Float,label,Total Net Weight
Sales Invoice,base_total,Currency,label,Total (Company Currency)
Sales Invoice,base_net_total,Currency,label,Net Total (Company Currency)
Sales Invoice,total,Currency,label,Total
Sales Invoice,net_total,Currency,label,Net Total
Sales Invoice,taxes_section,Section Break,label,Taxes and Charges
Sales Invoice,taxes_section,Section Break,option,fa fa-money
Sales Invoice,tax_category,Link,label,Tax Category
Sales Invoice,taxes_and_charges,Link,label,Sales Taxes and Charges Template
Sales Invoice,shipping_rule,Link,label,Shipping Rule
Sales Invoice,incoterm,Link,label,Incoterm
Sales Invoice,named_place,Data,label,Named Place
Sales Invoice,taxes,Table,label,Sales Taxes and Charges
Sales Invoice,base_total_taxes_and_charges,Currency,label,Total Taxes and Charges (Company Currency)
Sales Invoice,total_taxes_and_charges,Currency,label,Total Taxes and Charges
Sales Invoice,totals,Section Break,label,Totals
Sales Invoice,totals,Section Break,option,fa fa-money
Sales Invoice,base_grand_total,Currency,label,Grand Total (Company Currency)
Sales Invoice,base_rounding_adjustment,Currency,label,Rounding Adjustment (Company Currency)
Sales Invoice,base_rounded_total,Currency,label,Rounded Total (Company Currency)
Sales Invoice,base_in_words,Small Text,label,In Words (Company Currency)
Sales Invoice,base_in_words,Small Text,description,In Words will be visible once you save the Sales Invoice.
Sales Invoice,grand_total,Currency,label,Grand Total
Sales Invoice,rounding_adjustment,Currency,label,Rounding Adjustment
Sales Invoice,use_company_roundoff_cost_center,Check,label,Use Company default Cost Center for Round off
Sales Invoice,rounded_total,Currency,label,Rounded Total
Sales Invoice,in_words,Small Text,label,In Words
Sales Invoice,total_advance,Currency,label,Total Advance
Sales Invoice,outstanding_amount,Currency,label,Outstanding Amount
Sales Invoice,disable_rounded_total,Check,label,Disable Rounded Total
Sales Invoice,section_break_49,Section Break,label,Additional Discount
Sales Invoice,apply_discount_on,Select,label,Apply Additional Discount On
Sales Invoice,apply_discount_on,Select,option,Grand Total
Sales Invoice,apply_discount_on,Select,option,Net Total
Sales Invoice,base_discount_amount,Currency,label,Additional Discount Amount (Company Currency)
Sales Invoice,is_cash_or_non_trade_discount,Check,label,Is Cash or Non Trade Discount
Sales Invoice,additional_discount_account,Link,label,Discount Account
Sales Invoice,additional_discount_percentage,Float,label,Additional Discount Percentage
Sales Invoice,discount_amount,Currency,label,Additional Discount Amount
Sales Invoice,sec_tax_breakup,Section Break,label,Tax Breakup
Sales Invoice,other_charges_calculation,Text Editor,label,Taxes and Charges Calculation
Sales Invoice,pricing_rule_details,Section Break,label,Pricing Rules
Sales Invoice,pricing_rules,Table,label,Pricing Rule Detail
Sales Invoice,packing_list,Section Break,label,Packing List
Sales Invoice,packing_list,Section Break,option,fa fa-suitcase
Sales Invoice,packed_items,Table,label,Packed Items
Sales Invoice,product_bundle_help,HTML,label,Product Bundle Help
Sales Invoice,time_sheet_list,Section Break,label,Time Sheet List
Sales Invoice,timesheets,Table,label,Time Sheets
Sales Invoice,total_billing_hours,Float,label,Total Billing Hours
Sales Invoice,total_billing_amount,Currency,label,Total Billing Amount
Sales Invoice,payments_tab,Tab Break,label,Payments
Sales Invoice,payments_section,Section Break,label,Payments
Sales Invoice,payments_section,Section Break,option,fa fa-money
Sales Invoice,cash_bank_account,Link,label,Cash/Bank Account
Sales Invoice,payments,Table,label,Sales Invoice Payment
Sales Invoice,base_paid_amount,Currency,label,Paid Amount (Company Currency)
Sales Invoice,paid_amount,Currency,label,Paid Amount
Sales Invoice,section_break_88,Section Break,label,Changes
Sales Invoice,base_change_amount,Currency,label,Base Change Amount (Company Currency)
Sales Invoice,change_amount,Currency,label,Change Amount
Sales Invoice,account_for_change_amount,Link,label,Account for Change Amount
Sales Invoice,advances_section,Section Break,label,Advance Payments
Sales Invoice,advances_section,Section Break,option,fa fa-money
Sales Invoice,allocate_advances_automatically,Check,label,Allocate Advances Automatically (FIFO)
Sales Invoice,only_include_allocated_payments,Check,label,Only Include Allocated Payments
Sales Invoice,only_include_allocated_payments,Check,description,Advance payments allocated against orders will only be fetched
Sales Invoice,get_advances,Button,label,Get Advances Received
Sales Invoice,advances,Table,label,Advances
Sales Invoice,write_off_section,Section Break,label,Write Off
Sales Invoice,write_off_amount,Currency,label,Write Off Amount
Sales Invoice,base_write_off_amount,Currency,label,Write Off Amount (Company Currency)
Sales Invoice,write_off_outstanding_amount_automatically,Check,label,Write Off Outstanding Amount
Sales Invoice,write_off_account,Link,label,Write Off Account
Sales Invoice,write_off_cost_center,Link,label,Write Off Cost Center
Sales Invoice,loyalty_points_redemption,Section Break,label,Loyalty Points Redemption
Sales Invoice,redeem_loyalty_points,Check,label,Redeem Loyalty Points
Sales Invoice,loyalty_points,Int,label,Loyalty Points
Sales Invoice,loyalty_amount,Currency,label,Loyalty Amount
Sales Invoice,loyalty_program,Link,label,Loyalty Program
Sales Invoice,loyalty_redemption_account,Link,label,Redemption Account
Sales Invoice,loyalty_redemption_cost_center,Link,label,Redemption Cost Center
Sales Invoice,contact_and_address_tab,Tab Break,label,Address & Contact
Sales Invoice,address_and_contact,Section Break,label,Billing Address
Sales Invoice,customer_address,Link,label,Customer Address
Sales Invoice,address_display,Small Text,label,Address
Sales Invoice,contact_person,Link,label,Contact Person
Sales Invoice,contact_display,Small Text,label,Contact
Sales Invoice,contact_mobile,Small Text,label,Mobile No
Sales Invoice,contact_email,Data,label,Contact Email
Sales Invoice,territory,Link,label,Territory
Sales Invoice,shipping_address_section,Section Break,label,Shipping Address
Sales Invoice,shipping_address_name,Link,label,Shipping Address Name
Sales Invoice,shipping_address,Small Text,label,Shipping Address
Sales Invoice,dispatch_address_name,Link,label,Dispatch Address Name
Sales Invoice,dispatch_address,Small Text,label,Dispatch Address
Sales Invoice,company_address_section,Section Break,label,Company Address
Sales Invoice,company_address,Link,label,Company Address Name
Sales Invoice,company_address_display,Small Text,label,Company Address
Sales Invoice,company_contact_person,Link,label,Company Contact Person
Sales Invoice,terms_tab,Tab Break,label,Terms
Sales Invoice,payment_schedule_section,Section Break,label,Payment Terms
Sales Invoice,ignore_default_payment_terms_template,Check,label,Ignore Default Payment Terms Template
Sales Invoice,payment_terms_template,Link,label,Payment Terms Template
Sales Invoice,payment_schedule,Table,label,Payment Schedule
Sales Invoice,terms_section_break,Section Break,label,Terms and Conditions
Sales Invoice,tc_name,Link,label,Terms
Sales Invoice,terms,Text Editor,label,Terms and Conditions Details
Sales Invoice,more_info_tab,Tab Break,label,More Info
Sales Invoice,customer_po_details,Section Break,label,Customer PO Details
Sales Invoice,po_no,Data,label,Customer's Purchase Order
Sales Invoice,po_date,Date,label,Customer's Purchase Order Date
Sales Invoice,more_info,Section Break,label,Accounting Details
Sales Invoice,more_info,Section Break,option,fa fa-file-text
Sales Invoice,debit_to,Link,label,Debit To
Sales Invoice,party_account_currency,Link,label,Party Account Currency
Sales Invoice,is_opening,Select,label,Is Opening Entry
Sales Invoice,is_opening,Select,option,No
Sales Invoice,is_opening,Select,option,Yes
Sales Invoice,unrealized_profit_loss_account,Link,label,Unrealized Profit / Loss Account
Sales Invoice,unrealized_profit_loss_account,Link,description,Unrealized Profit / Loss account for intra-company transfers
Sales Invoice,against_income_account,Small Text,label,Against Income Account
Sales Invoice,sales_team_section_break,Section Break,label,Commission
Sales Invoice,sales_team_section_break,Section Break,option,fa fa-group
Sales Invoice,sales_partner,Link,label,Sales Partner
Sales Invoice,amount_eligible_for_commission,Currency,label,Amount Eligible for Commission
Sales Invoice,commission_rate,Float,label,Commission Rate (%)
Sales Invoice,total_commission,Currency,label,Total Commission
Sales Invoice,section_break2,Section Break,label,Sales Team
Sales Invoice,sales_team,Table,label,Sales Contributions and Incentives
Sales Invoice,edit_printing_settings,Section Break,label,Print Settings
Sales Invoice,letter_head,Link,label,Letter Head
Sales Invoice,group_same_items,Check,label,Group same items
Sales Invoice,select_print_heading,Link,label,Print Heading
Sales Invoice,language,Data,label,Print Language
Sales Invoice,subscription_section,Section Break,label,Subscription
Sales Invoice,subscription,Link,label,Subscription
Sales Invoice,from_date,Date,label,From Date
Sales Invoice,auto_repeat,Link,label,Auto Repeat
Sales Invoice,to_date,Date,label,To Date
Sales Invoice,update_auto_repeat_reference,Button,label,Update Auto Repeat Reference
Sales Invoice,more_information,Section Break,label,Additional Info
Sales Invoice,status,Select,label,Status
Sales Invoice,status,Select,option,Draft
Sales Invoice,status,Select,option,Return
Sales Invoice,status,Select,option,Credit Note Issued
Sales Invoice,status,Select,option,Submitted
Sales Invoice,status,Select,option,Paid
Sales Invoice,status,Select,option,Partly Paid
Sales Invoice,status,Select,option,Unpaid
Sales Invoice,status,Select,option,Unpaid and Discounted
Sales Invoice,status,Select,option,Partly Paid and Discounted
Sales Invoice,status,Select,option,Overdue and Discounted
Sales Invoice,status,Select,option,Overdue
Sales Invoice,status,Select,option,Cancelled
Sales Invoice,status,Select,option,Internal Transfer
Sales Invoice,inter_company_invoice_reference,Link,label,Inter Company Invoice Reference
Sales Invoice,campaign,Link,label,Campaign
Sales Invoice,represents_company,Link,label,Represents Company
Sales Invoice,represents_company,Link,description,Company which internal customer represents
Sales Invoice,source,Link,label,Source
Sales Invoice,customer_group,Link,label,Customer Group
Sales Invoice,is_internal_customer,Check,label,Is Internal Customer
Sales Invoice,is_discounted,Check,label,Is Discounted
Sales Invoice,remarks,Small Text,label,Remarks
Sales Invoice,connections_tab,Tab Break,label,Connections
System Settings,app_name,Data,label,Application Name
System Settings,app_name,Data,description,The application name will be used in the Login page.
System Settings,country,Link,label,Country
System Settings,language,Link,label,Language
System Settings,time_zone,Select,label,Time Zone
System Settings,currency,Link,label,Currency
System Settings,currency,Link,description,Default display currency
System Settings,enable_onboarding,Check,label,Enable Onboarding
System Settings,setup_complete,Check,label,Setup Complete
System Settings,disable_document_sharing,Check,label,Disable Document Sharing
System Settings,date_and_number_format,Section Break,label,Date and Number Format
System Settings,date_format,Select,label,Date Format
System Settings,date_format,Select,option,yyyy-mm-dd
System Settings,date_format,Select,option,dd-mm-yyyy
System Settings,date_format,Select,option,dd/mm/yyyy
System Settings,date_format,Select,option,dd.mm.yyyy
System Settings,date_format,Select,option,mm/dd/yyyy
System Settings,date_format,Select,option,mm-dd-yyyy
System Settings,time_format,Select,label,Time Format
System Settings,time_format,Select,option,HH:mm:ss
System Settings,time_format,Select,option,HH:mm
System Settings,number_format,Select,label,Number Format
System Settings,number_format,Select,option,"#,###.##"
System Settings,number_format,Select,option,"#.###,##"
System Settings,number_format,Select,option,# ###.##
System Settings,number_format,Select,option,"# ###,##"
System Settings,number_format,Select,option,#'###.##
System Settings,number_format,Select,option,"#, ###.##"
System Settings,number_format,Select,option,"#,##,###.##"
System Settings,number_format,Select,option,"#,###.###"
System Settings,number_format,Select,option,#.###
System Settings,number_format,Select,option,"#,###"
System Settings,use_number_format_from_currency,Check,label,Use Number Format from Currency
System Settings,first_day_of_the_week,Select,label,First Day of the Week
System Settings,first_day_of_the_week,Select,option,Sunday
System Settings,first_day_of_the_week,Select,option,Monday
System Settings,first_day_of_the_week,Select,option,Tuesday
System Settings,first_day_of_the_week,Select,option,Wednesday
System Settings,first_day_of_the_week,Select,option,Thursday
System Settings,first_day_of_the_week,Select,option,Friday
System Settings,first_day_of_the_week,Select,option,Saturday
System Settings,float_precision,Select,label,Float Precision
System Settings,float_precision,Select,option,2
System Settings,float_precision,Select,option,3
System Settings,float_precision,Select,option,4
System Settings,float_precision,Select,option,5
System Settings,float_precision,Select,option,6
System Settings,float_precision,Select,option,7
System Settings,float_precision,Select,option,8
System Settings,float_precision,Select,option,9
System Settings,currency_precision,Select,label,Currency Precision
System Settings,currency_precision,Select,description,"If not set, the currency precision will depend on number format"
System Settings,currency_precision,Select,option,0
System Settings,currency_precision,Select,option,1
System Settings,currency_precision,Select,option,2
System Settings,currency_precision,Select,option,3
System Settings,currency_precision,Select,option,4
System Settings,currency_precision,Select,option,5
System Settings,currency_precision,Select,option,6
System Settings,currency_precision,Select,option,7
System Settings,currency_precision,Select,option,8
System Settings,currency_precision,Select,option,9
System Settings,rounding_method,Select,label,Rounding Method
System Settings,rounding_method,Select,option,Banker's Rounding (legacy)
System Settings,rounding_method,Select,option,Banker's Rounding
System Settings,rounding_method,Select,option,Commercial Rounding
System Settings,permissions,Section Break,label,Permissions
System Settings,apply_strict_user_permissions,Check,label,Apply Strict User Permissions
System Settings,apply_strict_user_permissions,Check,description,"If Apply Strict User Permission is checked and User Permission is defined for a DocType for a User, then all the documents where value of the link is blank, will not be shown to that User"
System Settings,allow_older_web_view_links,Check,label,Allow Older Web View Links (Insecure)
System Settings,security_tab,Tab Break,label,Login
System Settings,session_expiry,Data,label,Session Expiry (idle timeout)
System Settings,session_expiry,Data,description,Example: Setting this to 24:00 will log out a user if they are not active for 24:00 hours.
System Settings,document_share_key_expiry,Int,label,Document Share Key Expiry (in Days)
System Settings,document_share_key_expiry,Int,description,Number of days after which the document Web View link shared on email will be expired
System Settings,deny_multiple_sessions,Check,label,Allow only one session per user
System Settings,deny_multiple_sessions,Check,description,Note: Multiple sessions will be allowed in case of mobile device
System Settings,disable_user_pass_login,Check,label,Disable Username/Password Login
System Settings,disable_user_pass_login,Check,description,Make sure to configure a Social Login Key before disabling to prevent lockout
System Settings,max_signups_allowed_per_hour,Int,label,Max signups allowed per hour
System Settings,login_methods_section,Section Break,label,Login Methods
System Settings,allow_login_using_mobile_number,Check,label,Allow Login using Mobile Number
System Settings,allow_login_using_mobile_number,Check,description,User can login using Email id or Mobile number
System Settings,allow_login_using_user_name,Check,label,Allow Login using User Name
System Settings,allow_login_using_user_name,Check,description,User can login using Email id or User Name
System Settings,login_with_email_link,Check,label,Login with email link
System Settings,login_with_email_link,Check,description,"Allow users to log in without a password, using a login link sent to their email"
System Settings,login_with_email_link_expiry,Int,label,Login with email link expiry (in minutes)
System Settings,rate_limit_email_link_login,Int,label,Rate limit for email link login
System Settings,rate_limit_email_link_login,Int,description,You can set a high value here if multiple users will be logging in from the same network.
System Settings,brute_force_security,Section Break,label,Brute Force Security
System Settings,allow_consecutive_login_attempts,Int,label,Allow Consecutive Login Attempts
System Settings,allow_login_after_fail,Int,label,Allow Login After Fail
System Settings,allow_login_after_fail,Int,description,In seconds
System Settings,two_factor_authentication,Section Break,label,Two Factor Authentication
System Settings,enable_two_factor_auth,Check,label,Enable Two Factor Auth
System Settings,bypass_2fa_for_retricted_ip_users,Check,label,Bypass Two Factor Auth for users who login from restricted IP Address
System Settings,bypass_2fa_for_retricted_ip_users,Check,description,"If enabled, users who login from Restricted IP Address, won't be prompted for Two Factor Auth"
System Settings,bypass_restrict_ip_check_if_2fa_enabled,Check,label,Bypass restricted IP Address check If Two Factor Auth Enabled
System Settings,bypass_restrict_ip_check_if_2fa_enabled,Check,description,"If enabled, all users can login from any IP Address using Two Factor Auth. This can also be set only for specific user(s) in User Page"
System Settings,two_factor_method,Select,label,Two Factor Authentication method
System Settings,two_factor_method,Select,description,Choose authentication method to be used by all users
System Settings,two_factor_method,Select,option,OTP App
System Settings,two_factor_method,Select,option,SMS
System Settings,two_factor_method,Select,option,Email
System Settings,lifespan_qrcode_image,Int,label,Expiry time of QR Code Image Page
System Settings,lifespan_qrcode_image,Int,description,Time in seconds to retain QR code image on server. Min:<strong>240</strong>
System Settings,otp_issuer_name,Data,label,OTP Issuer Name
System Settings,password_tab,Tab Break,label,Password
System Settings,password_settings,Section Break,label,Password
System Settings,logout_on_password_reset,Check,label,Logout All Sessions on Password Reset
System Settings,force_user_to_reset_password,Int,label,Force User to Reset Password
System Settings,force_user_to_reset_password,Int,description,In Days
System Settings,reset_password_link_expiry_duration,Duration,label,Reset Password Link Expiry Duration
System Settings,password_reset_limit,Int,label,Password Reset Link Generation Limit
System Settings,password_reset_limit,Int,description,Hourly rate limit for generating password reset links
System Settings,enable_password_policy,Check,label,Enable Password Policy
System Settings,enable_password_policy,Check,description,"If enabled, the password strength will be enforced based on the Minimum Password Score value. A value of 2 being medium strong and 4 being very strong."
System Settings,minimum_password_score,Select,label,Minimum Password Score
System Settings,minimum_password_score,Select,option,2
System Settings,minimum_password_score,Select,option,3
System Settings,minimum_password_score,Select,option,4
System Settings,email_tab,Tab Break,label,Email
System Settings,email_footer_address,Small Text,label,Email Footer Address
System Settings,email_footer_address,Small Text,description,Your organization name and address for the email footer.
System Settings,email_retry_limit,Int,label,Email Retry Limit
System Settings,disable_standard_email_footer,Check,label,Disable Standard Email Footer
System Settings,hide_footer_in_auto_email_reports,Check,label,Hide footer in auto email reports
System Settings,attach_view_link,Check,label,Include Web View Link in Email
System Settings,store_attached_pdf_document,Check,label,Store Attached PDF Document
System Settings,store_attached_pdf_document,Check,description,"When sending document using email, store the PDF on Communication. Warning: This can increase your storage usage."
System Settings,welcome_email_template,Link,label,Welcome Email Template
System Settings,reset_password_template,Link,label,Reset Password Template
System Settings,files_tab,Tab Break,label,Files
System Settings,max_file_size,Int,label,Max File Size (MB)
System Settings,allow_guests_to_upload_files,Check,label,Allow Guests to Upload Files
System Settings,allow_guests_to_upload_files,Check,description,"When enabled this will allow guests to upload files to your application, You can enable this if you wish to collect files from user without having them to log in, for example in job applications web form."
System Settings,force_web_capture_mode_for_uploads,Check,label,Force Web Capture Mode for Uploads
System Settings,force_web_capture_mode_for_uploads,Check,description,"When uploading files, force the use of the web-based image capture. If this is unchecked, the default behavior is to use the mobile native camera when use from a mobile is detected."
System Settings,strip_exif_metadata_from_uploaded_images,Check,label,Strip EXIF tags from uploaded images
System Settings,delete_background_exported_reports_after,Int,label,Delete Background Exported Reports After (Hours)
System Settings,delete_background_exported_reports_after,Int,description,Defines how long exported reports sent via email are kept in the system. Older files will be automatically deleted.
System Settings,allowed_file_extensions,Small Text,label,Allowed File Extensions
System Settings,allowed_file_extensions,Small Text,description,"Provide a list of allowed file extensions for file uploads. Each line should contain one allowed file type. If unset, all file extensions are allowed. Example: <br>CSV<br>JPG<br>PNG"
System Settings,app_tab,Tab Break,label,App
System Settings,default_app,Select,label,Default App
System Settings,default_app,Select,description,Redirect to the selected app after login
System Settings,updates_tab,Tab Break,label,Updates
System Settings,disable_system_update_notification,Check,label,Disable System Update Notification
System Settings,disable_change_log_notification,Check,label,Disable Change Log Notification
System Settings,backups_tab,Tab Break,label,Backups
System Settings,backup_limit,Int,label,Number of Backups
System Settings,backup_limit,Int,description,Older backups will be automatically deleted
System Settings,encrypt_backup,Check,label,Encrypt Backups
System Settings,advanced_tab,Tab Break,label,Advanced
System Settings,prepared_report_section,Section Break,label,Reports
System Settings,max_auto_email_report_per_user,Int,label,Max auto email report per user
System Settings,max_report_rows,Int,label,Max Report Rows
System Settings,max_report_rows,Int,description,This value specifies the max number of rows that can be rendered in report view.
System Settings,background_workers,Section Break,label,Background Workers
System Settings,enable_scheduler,Check,label,Enable Scheduled Jobs
System Settings,enable_scheduler,Check,description,Run scheduled jobs only if checked
System Settings,dormant_days,Int,label,Run Jobs only Daily if Inactive For (Days)
System Settings,dormant_days,Int,description,Will run scheduled jobs only once a day for inactive sites. Set it to 0 to avoid automatically disabling the scheduler.
System Settings,telemetry_section,Section Break,label,Telemetry
System Settings,allow_error_traceback,Check,label,Show Full Error and Allow Reporting of Issues to the Developer
System Settings,enable_telemetry,Check,label,Allow Sending Usage Data for Improving Applications
System Settings,search_section,Section Break,label,Search
System Settings,link_field_results_limit,Int,label,Link Field Results Limit
System Settings,show_absolute_datetime_in_timeline,Check,label,Show Absolute Datetime in Timeline
System Settings,api_logging_section,Section Break,label,API Logging
System Settings,log_api_requests,Check,label,Log API Requests
Server Script,script_type,Select,label,Script Type
Server Script,script_type,Select,option,DocType Event
Server Script,script_type,Select,option,Scheduler Event
Server Script,script_type,Select,option,Permission Query
Server Script,script_type,Select,option,API
Server Script,reference_doctype,Link,label,Reference Document Type
Server Script,event_frequency,Select,label,Event Frequency
Server Script,event_frequency,Select,option,All
Server Script,event_frequency,Select,option,Hourly
Server Script,event_frequency,Select,option,Daily
Server Script,event_frequency,Select,option,Weekly
Server Script,event_frequency,Select,option,Monthly
Server Script,event_frequency,Select,option,Yearly
Server Script,event_frequency,Select,option,Hourly Long
Server Script,event_frequency,Select,option,Daily Long
Server Script,event_frequency,Select,option,Weekly Long
Server Script,event_frequency,Select,option,Monthly Long
Server Script,event_frequency,Select,option,Cron
Server Script,cron_format,Data,label,Cron Format
Server Script,cron_format,Data,description,"<pre>*  *  *  *  *
┬  ┬  ┬  ┬  ┬
│  │  │  │  │
│  │  │  │  └ day of week (0 - 6) (0 is Sunday)
│  │  │  └───── month (1 - 12)
│  │  └────────── day of month (1 - 31)
│  └─────────────── hour (0 - 23)
└──────────────────── minute (0 - 59)

---

* - Any value
/ - Step values
</pre>"
Server Script,doctype_event,Select,label,DocType Event
Server Script,doctype_event,Select,option,Before Insert
Server Script,doctype_event,Select,option,Before Validate
Server Script,doctype_event,Select,option,Before Save
Server Script,doctype_event,Select,option,After Insert
Server Script,doctype_event,Select,option,After Save
Server Script,doctype_event,Select,option,Before Rename
Server Script,doctype_event,Select,option,After Rename
Server Script,doctype_event,Select,option,Before Submit
Server Script,doctype_event,Select,option,After Submit
Server Script,doctype_event,Select,option,Before Cancel
Server Script,doctype_event,Select,option,After Cancel
Server Script,doctype_event,Select,option,Before Delete
Server Script,doctype_event,Select,option,After Delete
Server Script,doctype_event,Select,option,Before Save (Submitted Document)
Server Script,doctype_event,Select,option,After Save (Submitted Document)
Server Script,doctype_event,Select,option,Before Print
Server Script,doctype_event,Select,option,On Payment Authorization
Server Script,api_method,Data,label,API Method
Server Script,allow_guest,Check,label,Allow Guest
Server Script,module,Link,label,Module (for export)
Server Script,disabled,Check,label,Disabled
Server Script,script,Code,label,Script
Server Script,rate_limiting_section,Section Break,label,Rate Limiting
Server Script,enable_rate_limit,Check,label,Enable Rate Limit
Server Script,rate_limit_count,Int,label,Request Limit
Server Script,rate_limit_seconds,Int,label,Time Window (Seconds)
Server Script,help_section,Section Break,label,Help
Report,report_name,Data,label,Report Name
Report,ref_doctype,Link,label,Ref DocType
Report,reference_report,Data,label,Reference Report
Report,is_standard,Select,label,Is Standard
Report,is_standard,Select,option,No
Report,is_standard,Select,option,Yes
Report,module,Link,label,Module
Report,report_type,Select,label,Report Type
Report,report_type,Select,option,Report Builder
Report,report_type,Select,option,Query Report
Report,report_type,Select,option,Script Report
Report,report_type,Select,option,Custom Report
Report,letter_head,Link,label,Letter Head
Report,add_total_row,Check,label,Add Total Row
Report,disabled,Check,label,Disabled
Report,prepared_report,Check,label,Prepared Report
Report,add_translate_data,Check,label,Add Translate Data
Report,timeout,Int,label,Timeout (In Seconds)
Report,timeout,Int,description,"Specify a custom timeout, default timeout is 1500 seconds"
Report,filters_section,Section Break,label,Filters
Report,filters,Table,label,Filters
Report,columns_section,Section Break,label,Columns
Report,columns,Table,label,Columns
Report,section_break_6,Section Break,label,Query / Script
Report,query,Code,label,Query
Report,report_script,Code,label,Script
Report,report_script,Code,description,"Filters will be accessible via <code>filters</code>. <br><br>Send output as <code>result = [result]</code>, or for old style <code>data = [columns], [result]</code>"
Report,client_code_section,Section Break,label,Client Code
Report,javascript,Code,label,Javascript
Report,javascript,Code,description,JavaScript Format: frappe.query_reports['REPORTNAME'] = {}
Report,json,Code,label,JSON
Report,roles,Table,label,Roles
Company,,DocType,doctype_description,Legal Entity / Subsidiary with a separate Chart of Accounts belonging to the Organization.
Company,company_name,Data,label,Company
Company,abbr,Data,label,Abbr
Company,default_currency,Link,label,Default Currency
Company,country,Link,label,Country
Company,is_group,Check,label,Is Group
Company,default_holiday_list,Link,label,Default Holiday List
Company,default_letter_head,Link,label,Default Letter Head
Company,tax_id,Data,label,Tax ID
Company,domain,Data,label,Domain
Company,date_of_establishment,Date,label,Date of Establishment
Company,parent_company,Link,label,Parent Company
Company,company_info,Section Break,label,Address & Contact
Company,company_logo,Attach Image,label,Company Logo
Company,date_of_incorporation,Date,label,Date of Incorporation
Company,phone_no,Data,label,Phone No
Company,email,Data,label,Email
Company,company_description,Text Editor,label,Company Description
Company,date_of_commencement,Date,label,Date of Commencement
Company,fax,Data,label,Fax
Company,website,Data,label,Website
Company,registration_details,Code,label,Registration Details
Company,registration_details,Code,description,Company registration numbers for your reference. Tax numbers etc.
Company,lft,Int,label,Lft
Company,rgt,Int,label,Rgt
Company,old_parent,Data,label,old_parent
Company,accounts_tab,Tab Break,label,Accounts
Company,section_break_28,Section Break,label,Chart of Accounts
Company,create_chart_of_accounts_based_on,Select,label,Create Chart Of Accounts Based On
Company,create_chart_of_accounts_based_on,Select,option,Standard Template
Company,create_chart_of_accounts_based_on,Select,option,Existing Company
Company,existing_company,Link,label,Existing Company
Company,chart_of_accounts,Select,label,Chart Of Accounts Template
Company,default_settings,Section Break,label,Default Accounts
Company,default_bank_account,Link,label,Default Bank Account
Company,default_cash_account,Link,label,Default Cash Account
Company,default_receivable_account,Link,label,Default Receivable Account
Company,default_payable_account,Link,label,Default Payable Account
Company,write_off_account,Link,label,Write Off Account
Company,unrealized_profit_loss_account,Link,label,Unrealized Profit / Loss Account
Company,allow_account_creation_against_child_company,Check,label,Allow Account Creation Against Child Company
Company,default_expense_account,Link,label,Default Cost of Goods Sold Account
Company,default_income_account,Link,label,Default Income Account
Company,default_discount_account,Link,label,Default Payment Discount Account
Company,payment_terms,Link,label,Default Payment Terms Template
Company,cost_center,Link,label,Default Cost Center
Company,default_finance_book,Link,label,Default Finance Book
Company,exchange_gain__loss_section,Section Break,label,Exchange Gain / Loss
Company,exchange_gain_loss_account,Link,label,Exchange Gain / Loss Account
Company,unrealized_exchange_gain_loss_account,Link,label,Unrealized Exchange Gain/Loss Account
Company,round_off_section,Section Break,label,Round Off
Company,round_off_account,Link,label,Round Off Account
Company,round_off_cost_center,Link,label,Round Off Cost Center
Company,round_off_for_opening,Link,label,Round Off for Opening
Company,deferred_accounting_section,Section Break,label,Deferred Accounting
Company,default_deferred_revenue_account,Link,label,Default Deferred Revenue Account
Company,default_deferred_expense_account,Link,label,Default Deferred Expense Account
Company,advance_payments_section,Section Break,label,Advance Payments
Company,book_advance_payments_in_separate_party_account,Check,label,Book Advance Payments in Separate Party Account
Company,book_advance_payments_in_separate_party_account,Check,description,Enabling this option will allow you to record - <br><br> 1. Advances Received in a <b>Liability Account</b> instead of the <b>Asset Account</b><br><br>2. Advances Paid in an <b>Asset Account</b> instead of the <b> Liability Account</b>
Company,reconcile_on_advance_payment_date,Check,label,Reconcile on Advance Payment Date
Company,reconcile_on_advance_payment_date,Check,description,"If <b>Enabled</b> - Reconciliation happens on the <b>Advance Payment posting date</b><br>
If <b>Disabled</b> - Reconciliation happens on oldest of 2 Dates: <b>Invoice Date</b> or the <b>Advance Payment posting date</b><br>"
Company,reconciliation_takes_effect_on,Select,label,Reconciliation Takes Effect On
Company,reconciliation_takes_effect_on,Select,option,Advance Payment Date
Company,reconciliation_takes_effect_on,Select,option,Oldest Of Invoice Or Advance
Company,reconciliation_takes_effect_on,Select,option,Reconciliation Date
Company,default_advance_received_account,Link,label,Default Advance Received Account
Company,default_advance_received_account,Link,description,Only 'Payment Entries' made against this advance account are supported.
Company,default_advance_paid_account,Link,label,Default Advance Paid Account
Company,default_advance_paid_account,Link,description,Only 'Payment Entries' made against this advance account are supported.
Company,exchange_rate_revaluation_settings_section,Section Break,label,Exchange Rate Revaluation Settings
Company,auto_exchange_rate_revaluation,Check,label,Auto Create Exchange Rate Revaluation
Company,auto_err_frequency,Select,label,Frequency
Company,auto_err_frequency,Select,option,Daily
Company,auto_err_frequency,Select,option,Weekly
Company,auto_err_frequency,Select,option,Monthly
Company,submit_err_jv,Check,label,Submit ERR Journals?
Company,submit_err_jv,Check,description,"Upon enabling this, the JV will be submitted for a different exchange rate."
Company,budget_detail,Section Break,label,Budget Detail
Company,exception_budget_approver_role,Link,label,Exception Budget Approver Role
Company,fixed_asset_defaults,Section Break,label,Fixed Asset Defaults
Company,accumulated_depreciation_account,Link,label,Accumulated Depreciation Account
Company,depreciation_expense_account,Link,label,Depreciation Expense Account
Company,series_for_depreciation_entry,Data,label,Series for Asset Depreciation Entry (Journal Entry)
Company,expenses_included_in_asset_valuation,Link,label,Expenses Included In Asset Valuation
Company,disposal_account,Link,label,Gain/Loss Account on Asset Disposal
Company,depreciation_cost_center,Link,label,Asset Depreciation Cost Center
Company,capital_work_in_progress_account,Link,label,Capital Work In Progress Account
Company,asset_received_but_not_billed,Link,label,Asset Received But Not Billed
Company,buying_and_selling_tab,Tab Break,label,Buying and Selling
Company,sales_settings,Section Break,label,Buying & Selling Settings
Company,default_buying_terms,Link,label,Default Buying Terms
Company,sales_monthly_history,Small Text,label,Sales Monthly History
Company,monthly_sales_target,Currency,label,Monthly Sales Target
Company,total_monthly_sales,Currency,label,Total Monthly Sales
Company,default_selling_terms,Link,label,Default Selling Terms
Company,default_warehouse_for_sales_return,Link,label,Default Warehouse for Sales Return
Company,credit_limit,Currency,label,Credit Limit
Company,hr_and_payroll_tab,Tab Break,label,HR & Payroll
Company,hr_settings_section,Section Break,label,HR & Payroll Settings
Company,default_expense_claim_payable_account,Link,label,Default Expense Claim Payable Account
Company,default_employee_advance_account,Link,label,Default Employee Advance Account
Company,default_payroll_payable_account,Link,label,Default Payroll Payable Account
Company,transactions_annual_history,Code,label,Transactions Annual History
Company,stock_tab,Tab Break,label,Stock and Manufacturing
Company,auto_accounting_for_stock_settings,Section Break,label,Stock Settings
Company,enable_perpetual_inventory,Check,label,Enable Perpetual Inventory
Company,enable_provisional_accounting_for_non_stock_items,Check,label,Enable Provisional Accounting For Non Stock Items
Company,default_inventory_account,Link,label,Default Inventory Account
Company,stock_adjustment_account,Link,label,Stock Adjustment Account
Company,default_in_transit_warehouse,Link,label,Default In-Transit Warehouse
Company,stock_received_but_not_billed,Link,label,Stock Received But Not Billed
Company,default_provisional_account,Link,label,Default Provisional Account
Company,expenses_included_in_valuation,Link,label,Expenses Included In Valuation
Company,manufacturing_section,Section Break,label,Manufacturing
Company,default_operating_cost_account,Link,label,Default Operating Cost Account
Company,dashboard_tab,Tab Break,label,Dashboard
Project,naming_series,Select,label,Series
Project,naming_series,Select,option,PROJ-.####
Project,project_name,Data,label,Project Name
Project,status,Select,label,Status
Project,status,Select,option,Open
Project,status,Select,option,Completed
Project,status,Select,option,Cancelled
Project,project_type,Link,label,Project Type
Project,is_active,Select,label,Is Active
Project,is_active,Select,option,Yes
Project,is_active,Select,option,No
Project,percent_complete_method,Select,label,% Complete Method
Project,percent_complete_method,Select,option,Manual
Project,percent_complete_method,Select,option,Task Completion
Project,percent_complete_method,Select,option,Task Progress
Project,percent_complete_method,Select,option,Task Weight
Project,percent_complete,Percent,label,% Completed
Project,project_template,Link,label,From Template
Project,expected_start_date,Date,label,Expected Start Date
Project,expected_end_date,Date,label,Expected End Date
Project,priority,Select,label,Priority
Project,priority,Select,option,Medium
Project,priority,Select,option,Low
Project,priority,Select,option,High
Project,department,Link,label,Department
Project,customer_details,Section Break,label,Customer Details
Project,customer_details,Section Break,option,fa fa-user
Project,customer,Link,label,Customer
Project,sales_order,Link,label,Sales Order
Project,users_section,Section Break,label,Users
Project,users,Table,label,Users
Project,users,Table,description,Project will be accessible on the website to these users
Project,copied_from,Data,label,Copied From
Project,section_break0,Section Break,label,Notes
Project,section_break0,Section Break,option,fa fa-list
Project,notes,Text Editor,label,Notes
Project,section_break_18,Section Break,label,Start and End Dates
Project,actual_start_date,Date,label,Actual Start Date (via Timesheet)
Project,actual_time,Float,label,Actual Time in Hours (via Timesheet)
Project,actual_end_date,Date,label,Actual End Date (via Timesheet)
Project,project_details,Section Break,label,Costing and Billing
Project,project_details,Section Break,option,fa fa-money
Project,estimated_costing,Currency,label,Estimated Cost
Project,total_costing_amount,Currency,label,Total Costing Amount (via Timesheet)
Project,total_expense_claim,Currency,label,Total Expense Claim (via Expense Claims)
Project,total_purchase_cost,Currency,label,Total Purchase Cost (via Purchase Invoice)
Project,company,Link,label,Company
Project,total_sales_amount,Currency,label,Total Sales Amount (via Sales Order)
Project,total_billable_amount,Currency,label,Total Billable Amount (via Timesheet)
Project,total_billed_amount,Currency,label,Total Billed Amount (via Sales Invoice)
Project,total_consumed_material_cost,Currency,label,Total Consumed Material Cost (via Stock Entry)
Project,cost_center,Link,label,Default Cost Center
Project,margin,Section Break,label,Margin
Project,gross_margin,Currency,label,Gross Margin
Project,per_gross_margin,Percent,label,Gross Margin %
Project,monitor_progress,Section Break,label,Monitor Progress
Project,collect_progress,Check,label,Collect Progress
Project,holiday_list,Link,label,Holiday List
Project,frequency,Select,label,Frequency To Collect Progress
Project,frequency,Select,option,Hourly
Project,frequency,Select,option,Twice Daily
Project,frequency,Select,option,Daily
Project,frequency,Select,option,Weekly
Project,from_time,Time,label,From Time
Project,to_time,Time,label,To Time
Project,first_email,Time,label,First Email
Project,second_email,Time,label,Second Email
Project,daily_time_to_send,Time,label,Daily Time to send
Project,day_to_send,Select,label,Day to Send
Project,day_to_send,Select,option,Monday
Project,day_to_send,Select,option,Tuesday
Project,day_to_send,Select,option,Wednesday
Project,day_to_send,Select,option,Thursday
Project,day_to_send,Select,option,Friday
Project,day_to_send,Select,option,Saturday
Project,day_to_send,Select,option,Sunday
Project,weekly_time_to_send,Time,label,Weekly Time to send
Project,subject,Data,label,Subject
Project,message,Text,label,Message
Project,message,Text,description,Message will be sent to the users to get their status on the Project
Buying Settings,supplier_and_price_defaults_section,Tab Break,label,Naming Series and Price Defaults
Buying Settings,supp_master_name,Select,label,Supplier Naming By
Buying Settings,supp_master_name,Select,option,Supplier Name
Buying Settings,supp_master_name,Select,option,Naming Series
Buying Settings,supp_master_name,Select,option,Auto Name
Buying Settings,supplier_group,Link,label,Default Supplier Group
Buying Settings,buying_price_list,Link,label,Default Buying Price List
Buying Settings,maintain_same_rate_action,Select,label,Action If Same Rate is Not Maintained
Buying Settings,maintain_same_rate_action,Select,description,Configure the action to stop the transaction or just warn if the same rate is not maintained.
Buying Settings,maintain_same_rate_action,Select,option,Stop
Buying Settings,maintain_same_rate_action,Select,option,Warn
Buying Settings,role_to_override_stop_action,Link,label,Role Allowed to Override Stop Action
Buying Settings,po_required,Select,label,Is Purchase Order Required for Purchase Invoice & Receipt Creation?
Buying Settings,po_required,Select,option,No
Buying Settings,po_required,Select,option,Yes
Buying Settings,blanket_order_allowance,Float,label,Blanket Order Allowance (%)
Buying Settings,blanket_order_allowance,Float,description,Percentage you are allowed to order beyond the Blanket Order quantity.
Buying Settings,pr_required,Select,label,Is Purchase Receipt Required for Purchase Invoice Creation?
Buying Settings,pr_required,Select,option,No
Buying Settings,pr_required,Select,option,Yes
Buying Settings,project_update_frequency,Select,label,Update frequency of Project
Buying Settings,project_update_frequency,Select,description,How often should Project be updated of Total Purchase Cost ?
Buying Settings,project_update_frequency,Select,option,Each Transaction
Buying Settings,project_update_frequency,Select,option,Manual
Buying Settings,transaction_settings_section,Tab Break,label,Transaction Settings
Buying Settings,set_landed_cost_based_on_purchase_invoice_rate,Check,label,Set Landed Cost Based on Purchase Invoice Rate
Buying Settings,set_landed_cost_based_on_purchase_invoice_rate,Check,description,Users can enable the checkbox If they want to adjust the incoming rate (set using purchase receipt) based on the purchase invoice rate.
Buying Settings,allow_zero_qty_in_supplier_quotation,Check,label,Allow Supplier Quotation with Zero Quantity
Buying Settings,allow_zero_qty_in_supplier_quotation,Check,description,Allows users to submit Supplier Quotations with zero quantity. Useful when rates are fixed but the quantities are not. Eg. Rate Contracts.
Buying Settings,use_transaction_date_exchange_rate,Check,label,Use Transaction Date Exchange Rate
Buying Settings,use_transaction_date_exchange_rate,Check,description,"While making Purchase Invoice from Purchase Order, use Exchange Rate on Invoice's transaction date rather than inheriting it from Purchase Order. Only applies for Purchase Invoice."
Buying Settings,allow_zero_qty_in_request_for_quotation,Check,label,Allow Request for Quotation with Zero Quantity
Buying Settings,allow_zero_qty_in_request_for_quotation,Check,description,Allows users to submit Request for Quotations with zero quantity. Useful when rates are fixed but the quantities are not. Eg. Rate Contracts.
Buying Settings,maintain_same_rate,Check,label,Maintain Same Rate Throughout the Purchase Cycle
Buying Settings,allow_multiple_items,Check,label,Allow Item To Be Added Multiple Times in a Transaction
Buying Settings,bill_for_rejected_quantity_in_purchase_invoice,Check,label,Bill for Rejected Quantity in Purchase Invoice
Buying Settings,bill_for_rejected_quantity_in_purchase_invoice,Check,description,"If checked, Rejected Quantity will be included while making Purchase Invoice from Purchase Receipt."
Buying Settings,set_valuation_rate_for_rejected_materials,Check,label,Set Valuation Rate for Rejected Materials
Buying Settings,set_valuation_rate_for_rejected_materials,Check,description,"If enabled, the system will generate an accounting entry for materials rejected in the Purchase Receipt."
Buying Settings,disable_last_purchase_rate,Check,label,Disable Last Purchase Rate
Buying Settings,show_pay_button,Check,label,Show Pay Button in Purchase Order Portal
Buying Settings,allow_zero_qty_in_purchase_order,Check,label,Allow Purchase Order with Zero Quantity
Buying Settings,allow_zero_qty_in_purchase_order,Check,description,Allows users to submit Purchase Orders with zero quantity. Useful when rates are fixed but the quantities are not. Eg. Rate Contracts.
Buying Settings,subcontract,Tab Break,label,Subcontracting Settings
Buying Settings,backflush_raw_materials_of_subcontract_based_on,Select,label,Backflush Raw Materials of Subcontract Based On
Buying Settings,backflush_raw_materials_of_subcontract_based_on,Select,option,BOM
Buying Settings,backflush_raw_materials_of_subcontract_based_on,Select,option,Material Transferred for Subcontract
Buying Settings,over_transfer_allowance,Float,label,Over Transfer Allowance (%)
Buying Settings,over_transfer_allowance,Float,description,Percentage you are allowed to transfer more against the quantity ordered. For example: If you have ordered 100 units. and your Allowance is 10% then you are allowed to transfer 110 units.
Buying Settings,auto_create_subcontracting_order,Check,label,Auto Create Subcontracting Order
Buying Settings,auto_create_subcontracting_order,Check,description,Subcontracting Order (Draft) will be auto-created on submission of Purchase Order.
Buying Settings,auto_create_purchase_receipt,Check,label,Auto Create Purchase Receipt
Buying Settings,auto_create_purchase_receipt,Check,description,Purchase Receipt (Draft) will be auto-created on submission of Subcontracting Receipt.
Buying Settings,request_for_quotation_tab,Tab Break,label,Request for Quotation
Buying Settings,fixed_email,Link,label,Fixed Outgoing Email Account
Buying Settings,fixed_email,Link,description,"If set, the system does not use the user's Email or the standard outgoing Email account for sending request for quotations."
Promotional Scheme,apply_on,Select,label,Apply On
Promotional Scheme,apply_on,Select,option,Item Code
Promotional Scheme,apply_on,Select,option,Item Group
Promotional Scheme,apply_on,Select,option,Brand
Promotional Scheme,apply_on,Select,option,Transaction
Promotional Scheme,disable,Check,label,Disable
Promotional Scheme,items,Table,label,Pricing Rule Item Code
Promotional Scheme,item_groups,Table,label,Pricing Rule Item Group
Promotional Scheme,brands,Table,label,Pricing Rule Brand
Promotional Scheme,mixed_conditions,Check,label,Mixed Conditions
Promotional Scheme,is_cumulative,Check,label,Is Cumulative
Promotional Scheme,section_break_10,Section Break,label,Discount on Other Item
Promotional Scheme,apply_rule_on_other,Select,label,Apply Rule On Other
Promotional Scheme,apply_rule_on_other,Select,option,Item Code
Promotional Scheme,apply_rule_on_other,Select,option,Item Group
Promotional Scheme,apply_rule_on_other,Select,option,Brand
Promotional Scheme,other_item_code,Link,label,Item Code
Promotional Scheme,other_item_group,Link,label,Item Group
Promotional Scheme,other_brand,Link,label,Brand
Promotional Scheme,section_break_8,Section Break,label,Party Information
Promotional Scheme,selling,Check,label,Selling
Promotional Scheme,buying,Check,label,Buying
Promotional Scheme,applicable_for,Select,label,Applicable For
Promotional Scheme,applicable_for,Select,option,Customer
Promotional Scheme,applicable_for,Select,option,Customer Group
Promotional Scheme,applicable_for,Select,option,Territory
Promotional Scheme,applicable_for,Select,option,Sales Partner
Promotional Scheme,applicable_for,Select,option,Campaign
Promotional Scheme,applicable_for,Select,option,Supplier
Promotional Scheme,applicable_for,Select,option,Supplier Group
Promotional Scheme,customer,Table MultiSelect,label,Customer
Promotional Scheme,customer_group,Table MultiSelect,label,Customer Group
Promotional Scheme,territory,Table MultiSelect,label,Territory
Promotional Scheme,sales_partner,Table MultiSelect,label,Sales Partner
Promotional Scheme,campaign,Table MultiSelect,label,Campaign
Promotional Scheme,supplier,Table MultiSelect,label,Supplier
Promotional Scheme,supplier_group,Table MultiSelect,label,Supplier Group
Promotional Scheme,period_settings_section,Section Break,label,Period Settings
Promotional Scheme,valid_from,Date,label,Valid From
Promotional Scheme,valid_upto,Date,label,Valid Upto
Promotional Scheme,company,Link,label,Company
Promotional Scheme,currency,Link,label,Currency
Promotional Scheme,section_break_14,Section Break,label,Price Discount Slabs
Promotional Scheme,price_discount_slabs,Table,label,Promotional Scheme Price Discount
Promotional Scheme,section_break_15,Section Break,label,Product Discount Slabs
Promotional Scheme,product_discount_slabs,Table,label,Promotional Scheme Product Discount
Pricing Rule,naming_series,Select,label,Naming Series
Pricing Rule,naming_series,Select,option,PRLE-.####
Pricing Rule,title,Data,label,Title
Pricing Rule,disable,Check,label,Disable
Pricing Rule,apply_on,Select,label,Apply On
Pricing Rule,apply_on,Select,option,Item Code
Pricing Rule,apply_on,Select,option,Item Group
Pricing Rule,apply_on,Select,option,Brand
Pricing Rule,apply_on,Select,option,Transaction
Pricing Rule,price_or_product_discount,Select,label,Price or Product Discount
Pricing Rule,price_or_product_discount,Select,option,Price
Pricing Rule,price_or_product_discount,Select,option,Product
Pricing Rule,warehouse,Link,label,Warehouse
Pricing Rule,items,Table,label,Apply Rule On Item Code
Pricing Rule,item_groups,Table,label,Apply Rule On Item Group
Pricing Rule,brands,Table,label,Apply Rule On Brand
Pricing Rule,mixed_conditions,Check,label,Mixed Conditions
Pricing Rule,mixed_conditions,Check,description,Conditions will be applied on all the selected items combined.
Pricing Rule,is_cumulative,Check,label,Is Cumulative
Pricing Rule,coupon_code_based,Check,label,Coupon Code Based
Pricing Rule,section_break_18,Section Break,label,Discount on Other Item
Pricing Rule,apply_rule_on_other,Select,label,Apply Rule On Other
Pricing Rule,apply_rule_on_other,Select,option,Item Code
Pricing Rule,apply_rule_on_other,Select,option,Item Group
Pricing Rule,apply_rule_on_other,Select,option,Brand
Pricing Rule,other_item_code,Link,label,Item Code
Pricing Rule,other_item_group,Link,label,Item Group
Pricing Rule,other_brand,Link,label,Brand
Pricing Rule,section_break_7,Section Break,label,Party Information
Pricing Rule,selling,Check,label,Selling
Pricing Rule,buying,Check,label,Buying
Pricing Rule,applicable_for,Select,label,Applicable For
Pricing Rule,applicable_for,Select,option,Customer
Pricing Rule,applicable_for,Select,option,Customer Group
Pricing Rule,applicable_for,Select,option,Territory
Pricing Rule,applicable_for,Select,option,Sales Partner
Pricing Rule,applicable_for,Select,option,Campaign
Pricing Rule,applicable_for,Select,option,Supplier
Pricing Rule,applicable_for,Select,option,Supplier Group
Pricing Rule,customer,Link,label,Customer
Pricing Rule,customer_group,Link,label,Customer Group
Pricing Rule,territory,Link,label,Territory
Pricing Rule,sales_partner,Link,label,Sales Partner
Pricing Rule,campaign,Link,label,Campaign
Pricing Rule,supplier,Link,label,Supplier
Pricing Rule,supplier_group,Link,label,Supplier Group
Pricing Rule,section_break_19,Section Break,label,Quantity and Amount
Pricing Rule,min_qty,Float,label,Min Qty (As Per Stock UOM)
Pricing Rule,max_qty,Float,label,Max Qty (As Per Stock UOM)
Pricing Rule,min_amt,Currency,label,Min Amt
Pricing Rule,max_amt,Currency,label,Max Amt
Pricing Rule,product_discount_scheme_section,Section Break,label,Product Discount Scheme
Pricing Rule,same_item,Check,label,Same Item
Pricing Rule,free_item,Link,label,Free Item
Pricing Rule,free_qty,Float,label,Qty
Pricing Rule,free_item_rate,Currency,label,Free Item Rate
Pricing Rule,free_item_rate,Currency,description,"If rate is zero then item will be treated as ""Free Item"""
Pricing Rule,free_item_uom,Link,label,UOM
Pricing Rule,round_free_qty,Check,label,Round Free Qty
Pricing Rule,dont_enforce_free_item_qty,Check,label,Don't Enforce Free Item Qty
Pricing Rule,is_recursive,Check,label,Is Recursive
Pricing Rule,is_recursive,Check,description,"Discounts to be applied in sequential ranges like buy 1 get 1, buy 2 get 2, buy 3 get 3 and so on"
Pricing Rule,recurse_for,Float,label,Recurse Every (As Per Transaction UOM)
Pricing Rule,recurse_for,Float,description,Give free item for every N quantity
Pricing Rule,apply_recursion_over,Float,label,Apply Recursion Over (As Per Transaction UOM)
Pricing Rule,apply_recursion_over,Float,description,Qty for which recursion isn't applicable.
Pricing Rule,section_break_23,Section Break,label,Period Settings
Pricing Rule,valid_from,Date,label,Valid From
Pricing Rule,valid_upto,Date,label,Valid Upto
Pricing Rule,company,Link,label,Company
Pricing Rule,currency,Link,label,Currency
Pricing Rule,margin,Section Break,label,Margin
Pricing Rule,margin_type,Select,label,Margin Type
Pricing Rule,margin_type,Select,option,Percentage
Pricing Rule,margin_type,Select,option,Amount
Pricing Rule,margin_rate_or_amount,Float,label,Margin Rate or Amount
Pricing Rule,price_discount_scheme_section,Section Break,label,Price Discount Scheme
Pricing Rule,rate_or_discount,Select,label,Rate or Discount
Pricing Rule,rate_or_discount,Select,option,Rate
Pricing Rule,rate_or_discount,Select,option,Discount Percentage
Pricing Rule,rate_or_discount,Select,option,Discount Amount
Pricing Rule,apply_discount_on,Select,label,Apply Discount On
Pricing Rule,apply_discount_on,Select,option,Grand Total
Pricing Rule,apply_discount_on,Select,option,Net Total
Pricing Rule,rate,Currency,label,Rate
Pricing Rule,discount_amount,Currency,label,Discount Amount
Pricing Rule,discount_percentage,Float,label,Discount Percentage
Pricing Rule,for_price_list,Link,label,For Price List
Pricing Rule,dynamic_condition_tab,Tab Break,label,Dynamic Condition
Pricing Rule,condition,Code,label,Condition
Pricing Rule,condition,Code,description,"Simple Python Expression, Example: territory != 'All Territories'"
Pricing Rule,section_break_13,Tab Break,label,Advanced Settings
Pricing Rule,apply_multiple_pricing_rules,Check,label,Apply Multiple Pricing Rules
Pricing Rule,apply_discount_on_rate,Check,label,Apply Discount on Discounted Rate
Pricing Rule,threshold_percentage,Percent,label,Threshold for Suggestion (In Percentage)
Pricing Rule,threshold_percentage,Percent,description,System will notify to increase or decrease quantity or amount
Pricing Rule,validate_pricing_rule_section,Section Break,label,Validate Pricing Rule
Pricing Rule,validate_applied_rule,Check,label,Validate Applied Rule
Pricing Rule,validate_applied_rule,Check,description,"If enabled, then system will only validate the pricing rule and not apply automatically. User has to manually set the discount percentage / margin / free items to validate the pricing rule"
Pricing Rule,rule_description,Small Text,label,Rule Description
Pricing Rule,priority_section,Section Break,label,Priority
Pricing Rule,has_priority,Check,label,Has Priority
Pricing Rule,has_priority,Check,description,Enable this checkbox even if you want to set the zero priority
Pricing Rule,priority,Select,label,Priority
Pricing Rule,priority,Select,description,"Higher the number, higher the priority"
Pricing Rule,priority,Select,option,1
Pricing Rule,priority,Select,option,2
Pricing Rule,priority,Select,option,3
Pricing Rule,priority,Select,option,4
Pricing Rule,priority,Select,option,5
Pricing Rule,priority,Select,option,6
Pricing Rule,priority,Select,option,7
Pricing Rule,priority,Select,option,8
Pricing Rule,priority,Select,option,9
Pricing Rule,priority,Select,option,10
Pricing Rule,priority,Select,option,11
Pricing Rule,priority,Select,option,12
Pricing Rule,priority,Select,option,13
Pricing Rule,priority,Select,option,14
Pricing Rule,priority,Select,option,15
Pricing Rule,priority,Select,option,16
Pricing Rule,priority,Select,option,17
Pricing Rule,priority,Select,option,18
Pricing Rule,priority,Select,option,19
Pricing Rule,priority,Select,option,20
Pricing Rule,help_section,Tab Break,label,Help Article
Pricing Rule,pricing_rule_help,HTML,label,Pricing Rule Help
Pricing Rule,reference_section,Section Break,label,Reference
Pricing Rule,promotional_scheme_id,Data,label,Promotional Scheme Id
Pricing Rule,promotional_scheme,Link,label,Promotional Scheme
Event,details,Section Break,label,Details
Event,subject,Small Text,label,Subject
Event,event_category,Select,label,Event Category
Event,event_category,Select,option,Event
Event,event_category,Select,option,Meeting
Event,event_category,Select,option,Call
Event,event_category,Select,option,Sent/Received Email
Event,event_category,Select,option,Other
Event,event_type,Select,label,Event Type
Event,event_type,Select,option,Private
Event,event_type,Select,option,Public
Event,color,Color,label,Color
Event,send_reminder,Check,label,Send an email reminder in the morning
Event,repeat_this_event,Check,label,Repeat this Event
Event,starts_on,Datetime,label,Starts on
Event,ends_on,Datetime,label,Ends on
Event,status,Select,label,Status
Event,status,Select,option,Open
Event,status,Select,option,Completed
Event,status,Select,option,Closed
Event,status,Select,option,Cancelled
Event,sender,Data,label,Sender
Event,all_day,Check,label,All Day
Event,sync_with_google_calendar,Check,label,Sync with Google Calendar
Event,add_video_conferencing,Check,label,Add Video Conferencing
Event,add_video_conferencing,Check,description,via Google Meet
Event,sb_00,Section Break,label,Google Calendar
Event,google_calendar,Link,label,Google Calendar
Event,google_calendar_id,Data,label,Google Calendar ID
Event,google_calendar_event_id,Data,label,Google Calendar Event ID
Event,google_meet_link,Small Text,label,Google Meet Link
Event,pulled_from_google_calendar,Check,label,Pulled from Google Calendar
Event,repeat_on,Select,label,Repeat On
Event,repeat_on,Select,option,Daily
Event,repeat_on,Select,option,Weekly
Event,repeat_on,Select,option,Monthly
Event,repeat_on,Select,option,Yearly
Event,repeat_till,Date,label,Repeat Till
Event,repeat_till,Date,description,Leave blank to repeat always
Event,monday,Check,label,Monday
Event,tuesday,Check,label,Tuesday
Event,wednesday,Check,label,Wednesday
Event,thursday,Check,label,Thursday
Event,friday,Check,label,Friday
Event,saturday,Check,label,Saturday
Event,sunday,Check,label,Sunday
Event,description,Text Editor,label,Description
Event,participants,Section Break,label,Participants
Event,event_participants,Table,label,Event Participants
Event,reference_doctype,Link,label,Reference Document Type
Event,reference_docname,Dynamic Link,label,Reference Doc
Event,links,Table,label,Links
Item,,DocType,doctype_description,"A Product or a Service that is bought, sold or kept in stock."
Item,details,Tab Break,label,Details
Item,details,Tab Break,option,fa fa-flag
Item,naming_series,Select,label,Series
Item,naming_series,Select,option,STO-ITEM-.YYYY.-
Item,item_code,Data,label,Item Code
Item,item_name,Data,label,Item Name
Item,item_group,Link,label,Item Group
Item,stock_uom,Link,label,Default Unit of Measure
Item,disabled,Check,label,Disabled
Item,allow_alternative_item,Check,label,Allow Alternative Item
Item,is_stock_item,Check,label,Maintain Stock
Item,has_variants,Check,label,Has Variants
Item,has_variants,Check,description,"If this item has variants, then it cannot be selected in sales orders etc."
Item,opening_stock,Float,label,Opening Stock
Item,valuation_rate,Currency,label,Valuation Rate
Item,standard_rate,Currency,label,Standard Selling Rate
Item,is_fixed_asset,Check,label,Is Fixed Asset
Item,auto_create_assets,Check,label,Auto Create Assets on Purchase
Item,is_grouped_asset,Check,label,Create Grouped Asset
Item,asset_category,Link,label,Asset Category
Item,asset_naming_series,Select,label,Asset Naming Series
Item,over_delivery_receipt_allowance,Float,label,Over Delivery/Receipt Allowance (%)
Item,over_billing_allowance,Float,label,Over Billing Allowance (%)
Item,image,Attach Image,label,Image
Item,section_break_11,Section Break,label,Description
Item,description,Text Editor,label,Description
Item,brand,Link,label,Brand
Item,unit_of_measure_conversion,Section Break,label,Units of Measure
Item,uoms,Table,label,UOMs
Item,uoms,Table,description,Will also apply for variants
Item,dashboard_tab,Tab Break,label,Dashboard
Item,inventory_section,Tab Break,label,Inventory
Item,inventory_section,Tab Break,option,fa fa-truck
Item,inventory_settings_section,Section Break,label,Inventory Settings
Item,shelf_life_in_days,Int,label,Shelf Life In Days
Item,end_of_life,Date,label,End of Life
Item,default_material_request_type,Select,label,Default Material Request Type
Item,default_material_request_type,Select,option,Purchase
Item,default_material_request_type,Select,option,Material Transfer
Item,default_material_request_type,Select,option,Material Issue
Item,default_material_request_type,Select,option,Manufacture
Item,default_material_request_type,Select,option,Customer Provided
Item,valuation_method,Select,label,Valuation Method
Item,valuation_method,Select,option,FIFO
Item,valuation_method,Select,option,Moving Average
Item,valuation_method,Select,option,LIFO
Item,warranty_period,Data,label,Warranty Period (in days)
Item,weight_per_unit,Float,label,Weight Per Unit
Item,weight_uom,Link,label,Weight UOM
Item,allow_negative_stock,Check,label,Allow Negative Stock
Item,sb_barcodes,Section Break,label,Barcodes
Item,barcodes,Table,label,Barcodes
Item,reorder_section,Section Break,label,Auto re-order
Item,reorder_section,Section Break,option,fa fa-rss
Item,reorder_levels,Table,label,Reorder level based on Warehouse
Item,reorder_levels,Table,description,Will also apply for variants unless overrridden
Item,serial_nos_and_batches,Section Break,label,Serial Nos and Batches
Item,has_batch_no,Check,label,Has Batch No
Item,create_new_batch,Check,label,Automatically Create New Batch
Item,batch_number_series,Data,label,Batch Number Series
Item,batch_number_series,Data,description,"Example: ABCD.#####. If series is set and Batch No is not mentioned in transactions, then automatic batch number will be created based on this series. If you always want to explicitly mention Batch No for this item, leave this blank. Note: this setting will take priority over the Naming Series Prefix in Stock Settings."
Item,has_expiry_date,Check,label,Has Expiry Date
Item,retain_sample,Check,label,Retain Sample
Item,sample_quantity,Int,label,Max Sample Quantity
Item,sample_quantity,Int,description,Maximum sample quantity that can be retained
Item,has_serial_no,Check,label,Has Serial No
Item,serial_no_series,Data,label,Serial Number Series
Item,serial_no_series,Data,description,"Example: ABCD.#####
If series is set and Serial No is not mentioned in transactions, then automatic serial number will be created based on this series. If you always want to explicitly mention Serial Nos for this item. leave this blank."
Item,variants_section,Tab Break,label,Variants
Item,variant_of,Link,label,Variant Of
Item,variant_of,Link,description,"If item is a variant of another item then description, image, pricing, taxes etc will be set from the template unless explicitly specified"
Item,variant_based_on,Select,label,Variant Based On
Item,variant_based_on,Select,option,Item Attribute
Item,variant_based_on,Select,option,Manufacturer
Item,attributes,Table,label,Variant Attributes
Item,accounting,Tab Break,label,Accounting
Item,deferred_accounting_section,Section Break,label,Deferred Accounting
Item,enable_deferred_expense,Check,label,Enable Deferred Expense
Item,no_of_months_exp,Int,label,No of Months (Expense)
Item,enable_deferred_revenue,Check,label,Enable Deferred Revenue
Item,no_of_months,Int,label,No of Months (Revenue)
Item,item_defaults,Table,label,Item Defaults
Item,purchasing_tab,Tab Break,label,Purchasing
Item,purchase_uom,Link,label,Default Purchase Unit of Measure
Item,min_order_qty,Float,label,Minimum Order Qty
Item,min_order_qty,Float,description,Minimum quantity should be as per Stock UOM
Item,safety_stock,Float,label,Safety Stock
Item,is_purchase_item,Check,label,Allow Purchase
Item,lead_time_days,Int,label,Lead Time in days
Item,lead_time_days,Int,description,Average time taken by the supplier to deliver
Item,last_purchase_rate,Float,label,Last Purchase Rate
Item,is_customer_provided_item,Check,label,Is Customer Provided Item
Item,customer,Link,label,Customer
Item,supplier_details,Section Break,label,Supplier Details
Item,delivered_by_supplier,Check,label,Delivered by Supplier (Drop Ship)
Item,supplier_items,Table,label,Supplier Items
Item,foreign_trade_details,Section Break,label,Foreign Trade Details
Item,country_of_origin,Link,label,Country of Origin
Item,customs_tariff_number,Link,label,Customs Tariff Number
Item,sales_details,Tab Break,label,Sales
Item,sales_details,Tab Break,option,fa fa-tag
Item,sales_uom,Link,label,Default Sales Unit of Measure
Item,grant_commission,Check,label,Grant Commission
Item,is_sales_item,Check,label,Allow Sales
Item,max_discount,Float,label,Max Discount (%)
Item,customer_details,Section Break,label,Customer Details
Item,customer_items,Table,label,Customer Items
Item,item_tax_section_break,Tab Break,label,Tax
Item,item_tax_section_break,Tab Break,option,fa fa-money
Item,taxes,Table,label,Taxes
Item,taxes,Table,description,Will also apply for variants
Item,quality_tab,Tab Break,label,Quality
Item,inspection_required_before_purchase,Check,label,Inspection Required before Purchase
Item,quality_inspection_template,Link,label,Quality Inspection Template
Item,inspection_required_before_delivery,Check,label,Inspection Required before Delivery
Item,manufacturing,Tab Break,label,Manufacturing
Item,manufacturing,Tab Break,option,fa fa-cogs
Item,include_item_in_manufacturing,Check,label,Include Item In Manufacturing
Item,is_sub_contracted_item,Check,label,Supply Raw Materials for Purchase
Item,is_sub_contracted_item,Check,description,If subcontracted to a vendor
Item,default_bom,Link,label,Default BOM
Item,customer_code,Small Text,label,Customer Code
Item,default_item_manufacturer,Link,label,Default Item Manufacturer
Item,default_manufacturer_part_no,Data,label,Default Manufacturer Part No
Item,total_projected_qty,Float,label,Total Projected Qty
Accounting Dimension Filter,accounting_dimension,Select,label,Accounting Dimension
Accounting Dimension Filter,fieldname,Data,label,Fieldname
Accounting Dimension Filter,disabled,Check,label,Disabled
Accounting Dimension Filter,company,Link,label,Company
Accounting Dimension Filter,apply_restriction_on_values,Check,label,Apply restriction on dimension values
Accounting Dimension Filter,allow_or_restrict,Select,label,Allow Or Restrict Dimension
Accounting Dimension Filter,allow_or_restrict,Select,option,Allow
Accounting Dimension Filter,allow_or_restrict,Select,option,Restrict
Accounting Dimension Filter,accounts,Table,label,Applicable On Account
Accounting Dimension Filter,dimensions,Table,label,Applicable Dimension
Accounting Dimension Filter,dimension_filter_help,HTML,label,Dimension Filter Help
Purchase Receipt,supplier_section,Section Break,option,fa fa-user
Purchase Receipt,title,Data,label,Title
Purchase Receipt,naming_series,Select,label,Series
Purchase Receipt,naming_series,Select,option,رسید-خرید-.YYYY.-#####
Purchase Receipt,naming_series,Select,option,MAT-PRE-.YYYY.-
Purchase Receipt,naming_series,Select,option,MAT-PR-RET-.YYYY.-
Purchase Receipt,supplier,Link,label,Supplier
Purchase Receipt,supplier_name,Data,label,Supplier Name
Purchase Receipt,supplier_delivery_note,Data,label,Supplier Delivery Note
Purchase Receipt,subcontracting_receipt,Link,label,Subcontracting Receipt
Purchase Receipt,posting_date,Date,label,Date
Purchase Receipt,posting_time,Time,label,Posting Time
Purchase Receipt,set_posting_time,Check,label,Edit Posting Date and Time
Purchase Receipt,company,Link,label,Company
Purchase Receipt,apply_putaway_rule,Check,label,Apply Putaway Rule
Purchase Receipt,is_return,Check,label,Is Return
Purchase Receipt,return_against,Link,label,Return Against Purchase Receipt
Purchase Receipt,accounting_dimensions_section,Section Break,label,Accounting Dimensions
Purchase Receipt,cost_center,Link,label,Cost Center
Purchase Receipt,project,Link,label,Project
Purchase Receipt,currency_and_price_list,Section Break,label,Currency and Price List
Purchase Receipt,currency_and_price_list,Section Break,option,fa fa-tag
Purchase Receipt,currency,Link,label,Currency
Purchase Receipt,conversion_rate,Float,label,Exchange Rate
Purchase Receipt,conversion_rate,Float,description,Rate at which supplier's currency is converted to company's base currency
Purchase Receipt,buying_price_list,Link,label,Price List
Purchase Receipt,price_list_currency,Link,label,Price List Currency
Purchase Receipt,plc_conversion_rate,Float,label,Price List Exchange Rate
Purchase Receipt,ignore_pricing_rule,Check,label,Ignore Pricing Rule
Purchase Receipt,sec_warehouse,Section Break,label,Items
Purchase Receipt,scan_barcode,Data,label,Scan Barcode
Purchase Receipt,last_scanned_warehouse,Data,label,Last Scanned Warehouse
Purchase Receipt,set_warehouse,Link,label,Accepted Warehouse
Purchase Receipt,set_from_warehouse,Link,label,Set From Warehouse
Purchase Receipt,rejected_warehouse,Link,label,Rejected Warehouse
Purchase Receipt,is_subcontracted,Check,label,Is Subcontracted
Purchase Receipt,supplier_warehouse,Link,label,Supplier Warehouse
Purchase Receipt,items_section,Section Break,option,fa fa-shopping-cart
Purchase Receipt,items,Table,label,Items
Purchase Receipt,total_qty,Float,label,Total Quantity
Purchase Receipt,total_net_weight,Float,label,Total Net Weight
Purchase Receipt,base_total,Currency,label,Total (Company Currency)
Purchase Receipt,base_net_total,Currency,label,Net Total (Company Currency)
Purchase Receipt,total,Currency,label,Total
Purchase Receipt,net_total,Currency,label,Net Total
Purchase Receipt,tax_withholding_net_total,Currency,label,Tax Withholding Net Total
Purchase Receipt,base_tax_withholding_net_total,Currency,label,Base Tax Withholding Net Total
Purchase Receipt,taxes_charges_section,Section Break,label,Taxes and Charges
Purchase Receipt,tax_category,Link,label,Tax Category
Purchase Receipt,taxes_and_charges,Link,label,Purchase Taxes and Charges Template
Purchase Receipt,shipping_rule,Link,label,Shipping Rule
Purchase Receipt,incoterm,Link,label,Incoterm
Purchase Receipt,named_place,Data,label,Named Place
Purchase Receipt,taxes,Table,label,Purchase Taxes and Charges
Purchase Receipt,totals,Section Break,option,fa fa-money
Purchase Receipt,base_taxes_and_charges_added,Currency,label,Taxes and Charges Added (Company Currency)
Purchase Receipt,base_taxes_and_charges_deducted,Currency,label,Taxes and Charges Deducted (Company Currency)
Purchase Receipt,base_total_taxes_and_charges,Currency,label,Total Taxes and Charges (Company Currency)
Purchase Receipt,taxes_and_charges_added,Currency,label,Taxes and Charges Added
Purchase Receipt,taxes_and_charges_deducted,Currency,label,Taxes and Charges Deducted
Purchase Receipt,total_taxes_and_charges,Currency,label,Total Taxes and Charges
Purchase Receipt,section_break_46,Section Break,label,Totals
Purchase Receipt,base_grand_total,Currency,label,Grand Total (Company Currency)
Purchase Receipt,base_rounding_adjustment,Currency,label,Rounding Adjustment (Company Currency)
Purchase Receipt,base_rounded_total,Currency,label,Rounded Total (Company Currency)
Purchase Receipt,base_in_words,Data,label,In Words (Company Currency)
Purchase Receipt,grand_total,Currency,label,Grand Total
Purchase Receipt,rounding_adjustment,Currency,label,Rounding Adjustment
Purchase Receipt,rounded_total,Currency,label,Rounded Total
Purchase Receipt,in_words,Data,label,In Words
Purchase Receipt,disable_rounded_total,Check,label,Disable Rounded Total
Purchase Receipt,section_break_42,Section Break,label,Additional Discount
Purchase Receipt,apply_discount_on,Select,label,Apply Additional Discount On
Purchase Receipt,apply_discount_on,Select,option,Grand Total
Purchase Receipt,apply_discount_on,Select,option,Net Total
Purchase Receipt,base_discount_amount,Currency,label,Additional Discount Amount (Company Currency)
Purchase Receipt,additional_discount_percentage,Float,label,Additional Discount Percentage
Purchase Receipt,discount_amount,Currency,label,Additional Discount Amount
Purchase Receipt,sec_tax_breakup,Section Break,label,Tax Breakup
Purchase Receipt,other_charges_calculation,Text Editor,label,Taxes and Charges Calculation
Purchase Receipt,pricing_rule_details,Section Break,label,Pricing Rules
Purchase Receipt,pricing_rules,Table,label,Pricing Rule Detail
Purchase Receipt,raw_material_details,Section Break,label,Raw Materials Consumed
Purchase Receipt,raw_material_details,Section Break,option,fa fa-table
Purchase Receipt,get_current_stock,Button,label,Get Current Stock
Purchase Receipt,supplied_items,Table,label,Consumed Items
Purchase Receipt,address_and_contact_tab,Tab Break,label,Address & Contact
Purchase Receipt,section_addresses,Section Break,label,Supplier Address
Purchase Receipt,supplier_address,Link,label,Supplier Address
Purchase Receipt,address_display,Small Text,label,Address
Purchase Receipt,contact_person,Link,label,Contact Person
Purchase Receipt,contact_display,Small Text,label,Contact
Purchase Receipt,contact_mobile,Small Text,label,Mobile No
Purchase Receipt,contact_email,Small Text,label,Contact Email
Purchase Receipt,section_break_98,Section Break,label,Shipping Address
Purchase Receipt,dispatch_address,Link,label,Dispatch Address Template
Purchase Receipt,dispatch_address_display,Text Editor,label,Dispatch Address
Purchase Receipt,shipping_address,Link,label,Shipping Address Template
Purchase Receipt,shipping_address_display,Small Text,label,Shipping Address
Purchase Receipt,billing_address_section,Section Break,label,Company Billing Address
Purchase Receipt,billing_address,Link,label,Billing Address
Purchase Receipt,billing_address_display,Small Text,label,Billing Address
Purchase Receipt,terms_tab,Tab Break,label,Terms
Purchase Receipt,tc_name,Link,label,Terms
Purchase Receipt,terms,Text Editor,label,Terms and Conditions
Purchase Receipt,more_info_tab,Tab Break,label,More Info
Purchase Receipt,status_section,Section Break,label,Status
Purchase Receipt,status_section,Section Break,option,fa fa-file-text
Purchase Receipt,status,Select,label,Status
Purchase Receipt,status,Select,option,Draft
Purchase Receipt,status,Select,option,Partly Billed
Purchase Receipt,status,Select,option,To Bill
Purchase Receipt,status,Select,option,Completed
Purchase Receipt,status,Select,option,Return Issued
Purchase Receipt,status,Select,option,Cancelled
Purchase Receipt,status,Select,option,Closed
Purchase Receipt,per_billed,Percent,label,% Amount Billed
Purchase Receipt,per_returned,Percent,label,% Returned
Purchase Receipt,subscription_detail,Section Break,label,Auto Repeat
Purchase Receipt,auto_repeat,Link,label,Auto Repeat
Purchase Receipt,printing_settings,Section Break,label,Printing Settings
Purchase Receipt,letter_head,Link,label,Letter Head
Purchase Receipt,group_same_items,Check,label,Group same items
Purchase Receipt,select_print_heading,Link,label,Print Heading
Purchase Receipt,language,Data,label,Print Language
Purchase Receipt,transporter_info,Section Break,label,Transporter
Purchase Receipt,transporter_info,Section Break,option,fa fa-truck
Purchase Receipt,transporter_name,Data,label,Transporter Name
Purchase Receipt,lr_no,Data,label,Vehicle Number
Purchase Receipt,lr_date,Date,label,Vehicle Date
Purchase Receipt,additional_info_section,Section Break,label,Additional Info
Purchase Receipt,instructions,Small Text,label,Instructions
Purchase Receipt,is_internal_supplier,Check,label,Is Internal Supplier
Purchase Receipt,represents_company,Link,label,Represents Company
Purchase Receipt,inter_company_reference,Link,label,Inter Company Reference
Purchase Receipt,remarks,Small Text,label,Remarks
Purchase Receipt,range,Data,label,Range
Purchase Receipt,amended_from,Link,label,Amended From
Purchase Receipt,is_old_subcontracting_flow,Check,label,Is Old Subcontracting Flow
Purchase Receipt,other_details,HTML,label,Other Details
Purchase Receipt,connections_tab,Tab Break,label,Connections
POS Invoice,customer_section,Section Break,option,fa fa-user
POS Invoice,title,Data,label,Title
POS Invoice,naming_series,Select,label,Series
POS Invoice,naming_series,Select,option,ACC-PSINV-.YYYY.-
POS Invoice,customer,Link,label,Customer
POS Invoice,customer_name,Data,label,Customer Name
POS Invoice,tax_id,Data,label,Tax Id
POS Invoice,pos_profile,Link,label,POS Profile
POS Invoice,consolidated_invoice,Link,label,Consolidated Sales Invoice
POS Invoice,is_pos,Check,label,Include Payment (POS)
POS Invoice,is_return,Check,label,Is Return (Credit Note)
POS Invoice,update_billed_amount_in_sales_order,Check,label,Update Billed Amount in Sales Order
POS Invoice,update_billed_amount_in_delivery_note,Check,label,Update Billed Amount in Delivery Note
POS Invoice,company,Link,label,Company
POS Invoice,posting_date,Date,label,Date
POS Invoice,posting_time,Time,label,Posting Time
POS Invoice,set_posting_time,Check,label,Edit Posting Date and Time
POS Invoice,due_date,Date,label,Payment Due Date
POS Invoice,amended_from,Link,label,Amended From
POS Invoice,return_against,Link,label,Return Against
POS Invoice,accounting_dimensions_section,Section Break,label,Accounting Dimensions
POS Invoice,project,Link,label,Project
POS Invoice,cost_center,Link,label,Cost Center
POS Invoice,customer_po_details,Section Break,label,Customer PO Details
POS Invoice,po_no,Data,label,Customer's Purchase Order
POS Invoice,po_date,Date,label,Customer's Purchase Order Date
POS Invoice,address_and_contact,Section Break,label,Address and Contact
POS Invoice,customer_address,Link,label,Customer Address
POS Invoice,address_display,Small Text,label,Address
POS Invoice,contact_person,Link,label,Contact Person
POS Invoice,contact_display,Small Text,label,Contact
POS Invoice,contact_mobile,Data,label,Mobile No
POS Invoice,contact_email,Data,label,Contact Email
POS Invoice,territory,Link,label,Territory
POS Invoice,shipping_address_name,Link,label,Shipping Address Name
POS Invoice,shipping_address,Small Text,label,Shipping Address
POS Invoice,company_address,Link,label,Company Address Name
POS Invoice,company_address_display,Small Text,label,Company Address
POS Invoice,company_contact_person,Link,label,Company Contact Person
POS Invoice,currency_and_price_list,Section Break,label,Currency and Price List
POS Invoice,currency,Link,label,Currency
POS Invoice,conversion_rate,Float,label,Exchange Rate
POS Invoice,conversion_rate,Float,description,Rate at which Customer Currency is converted to customer's base currency
POS Invoice,selling_price_list,Link,label,Price List
POS Invoice,price_list_currency,Link,label,Price List Currency
POS Invoice,plc_conversion_rate,Float,label,Price List Exchange Rate
POS Invoice,plc_conversion_rate,Float,description,Rate at which Price list currency is converted to customer's base currency
POS Invoice,ignore_pricing_rule,Check,label,Ignore Pricing Rule
POS Invoice,sec_warehouse,Section Break,label,Warehouse
POS Invoice,set_warehouse,Link,label,Source Warehouse
POS Invoice,items_section,Section Break,label,Items
POS Invoice,items_section,Section Break,option,fa fa-shopping-cart
POS Invoice,update_stock,Check,label,Update Stock
POS Invoice,scan_barcode,Data,label,Scan Barcode
POS Invoice,last_scanned_warehouse,Data,label,Last Scanned Warehouse
POS Invoice,items,Table,label,Items
POS Invoice,pricing_rule_details,Section Break,label,Pricing Rules
POS Invoice,pricing_rules,Table,label,Pricing Rule Detail
POS Invoice,packing_list,Section Break,label,Packing List
POS Invoice,packing_list,Section Break,option,fa fa-suitcase
POS Invoice,packed_items,Table,label,Packed Items
POS Invoice,product_bundle_help,HTML,label,Product Bundle Help
POS Invoice,time_sheet_list,Section Break,label,Time Sheet List
POS Invoice,timesheets,Table,label,Time Sheets
POS Invoice,total_billing_amount,Currency,label,Total Billing Amount
POS Invoice,total_qty,Float,label,Total Quantity
POS Invoice,base_total,Currency,label,Total (Company Currency)
POS Invoice,base_net_total,Currency,label,Net Total (Company Currency)
POS Invoice,total,Currency,label,Total
POS Invoice,net_total,Currency,label,Net Total
POS Invoice,total_net_weight,Float,label,Total Net Weight
POS Invoice,taxes_section,Section Break,option,fa fa-money
POS Invoice,taxes_and_charges,Link,label,Sales Taxes and Charges Template
POS Invoice,shipping_rule,Link,label,Shipping Rule
POS Invoice,tax_category,Link,label,Tax Category
POS Invoice,taxes,Table,label,Sales Taxes and Charges
POS Invoice,sec_tax_breakup,Section Break,label,Tax Breakup
POS Invoice,other_charges_calculation,Text Editor,label,Taxes and Charges Calculation
POS Invoice,base_total_taxes_and_charges,Currency,label,Total Taxes and Charges (Company Currency)
POS Invoice,total_taxes_and_charges,Currency,label,Total Taxes and Charges
POS Invoice,loyalty_points_redemption,Section Break,label,Loyalty Points Redemption
POS Invoice,loyalty_points,Int,label,Loyalty Points
POS Invoice,loyalty_amount,Currency,label,Loyalty Amount
POS Invoice,redeem_loyalty_points,Check,label,Redeem Loyalty Points
POS Invoice,loyalty_program,Link,label,Loyalty Program
POS Invoice,loyalty_redemption_account,Link,label,Redemption Account
POS Invoice,loyalty_redemption_cost_center,Link,label,Redemption Cost Center
POS Invoice,section_break_49,Section Break,label,Additional Discount
POS Invoice,coupon_code,Link,label,Coupon Code
POS Invoice,apply_discount_on,Select,label,Apply Additional Discount On
POS Invoice,apply_discount_on,Select,option,Grand Total
POS Invoice,apply_discount_on,Select,option,Net Total
POS Invoice,base_discount_amount,Currency,label,Additional Discount Amount (Company Currency)
POS Invoice,additional_discount_percentage,Float,label,Additional Discount Percentage
POS Invoice,discount_amount,Currency,label,Additional Discount Amount
POS Invoice,totals,Section Break,option,fa fa-money
POS Invoice,base_grand_total,Currency,label,Grand Total (Company Currency)
POS Invoice,base_rounding_adjustment,Currency,label,Rounding Adjustment (Company Currency)
POS Invoice,base_rounded_total,Currency,label,Rounded Total (Company Currency)
POS Invoice,base_in_words,Data,label,In Words (Company Currency)
POS Invoice,base_in_words,Data,description,In Words will be visible once you save the Sales Invoice.
POS Invoice,grand_total,Currency,label,Grand Total
POS Invoice,rounding_adjustment,Currency,label,Rounding Adjustment
POS Invoice,rounded_total,Currency,label,Rounded Total
POS Invoice,in_words,Data,label,In Words
POS Invoice,total_advance,Currency,label,Total Advance
POS Invoice,outstanding_amount,Currency,label,Outstanding Amount
POS Invoice,advances_section,Section Break,label,Advance Payments
POS Invoice,advances_section,Section Break,option,fa fa-money
POS Invoice,allocate_advances_automatically,Check,label,Allocate Advances Automatically (FIFO)
POS Invoice,get_advances,Button,label,Get Advances Received
POS Invoice,advances,Table,label,Advances
POS Invoice,payment_schedule_section,Section Break,label,Payment Terms
POS Invoice,payment_terms_template,Link,label,Payment Terms Template
POS Invoice,payment_schedule,Table,label,Payment Schedule
POS Invoice,payments_section,Section Break,label,Payments
POS Invoice,payments_section,Section Break,option,fa fa-money
POS Invoice,cash_bank_account,Link,label,Cash/Bank Account
POS Invoice,payments,Table,label,Sales Invoice Payment
POS Invoice,base_paid_amount,Currency,label,Paid Amount (Company Currency)
POS Invoice,paid_amount,Currency,label,Paid Amount
POS Invoice,base_change_amount,Currency,label,Base Change Amount (Company Currency)
POS Invoice,change_amount,Currency,label,Change Amount
POS Invoice,account_for_change_amount,Link,label,Account for Change Amount
POS Invoice,column_break4,Section Break,label,Write Off
POS Invoice,write_off_amount,Currency,label,Write Off Amount
POS Invoice,base_write_off_amount,Currency,label,Write Off Amount (Company Currency)
POS Invoice,write_off_outstanding_amount_automatically,Check,label,Write Off Outstanding Amount
POS Invoice,write_off_account,Link,label,Write Off Account
POS Invoice,write_off_cost_center,Link,label,Write Off Cost Center
POS Invoice,terms_section_break,Section Break,label,Terms and Conditions
POS Invoice,tc_name,Link,label,Terms
POS Invoice,terms,Text Editor,label,Terms and Conditions Details
POS Invoice,edit_printing_settings,Section Break,label,Printing Settings
POS Invoice,letter_head,Link,label,Letter Head
POS Invoice,group_same_items,Check,label,Group same items
POS Invoice,language,Data,label,Print Language
POS Invoice,select_print_heading,Link,label,Print Heading
POS Invoice,more_information,Section Break,label,More Information
POS Invoice,inter_company_invoice_reference,Link,label,Inter Company Invoice Reference
POS Invoice,customer_group,Link,label,Customer Group
POS Invoice,campaign,Link,label,Campaign
POS Invoice,is_discounted,Check,label,Is Discounted
POS Invoice,status,Select,label,Status
POS Invoice,status,Select,option,Draft
POS Invoice,status,Select,option,Return
POS Invoice,status,Select,option,Credit Note Issued
POS Invoice,status,Select,option,Consolidated
POS Invoice,status,Select,option,Submitted
POS Invoice,status,Select,option,Paid
POS Invoice,status,Select,option,Unpaid
POS Invoice,status,Select,option,Unpaid and Discounted
POS Invoice,status,Select,option,Overdue and Discounted
POS Invoice,status,Select,option,Overdue
POS Invoice,status,Select,option,Cancelled
POS Invoice,source,Link,label,Source
POS Invoice,more_info,Section Break,label,Accounting Details
POS Invoice,more_info,Section Break,option,fa fa-file-text
POS Invoice,debit_to,Link,label,Debit To
POS Invoice,party_account_currency,Link,label,Party Account Currency
POS Invoice,is_opening,Select,label,Is Opening Entry
POS Invoice,is_opening,Select,option,No
POS Invoice,is_opening,Select,option,Yes
POS Invoice,remarks,Small Text,label,Remarks
POS Invoice,sales_team_section_break,Section Break,label,Commission
POS Invoice,sales_team_section_break,Section Break,option,fa fa-group
POS Invoice,sales_partner,Link,label,Sales Partner
POS Invoice,amount_eligible_for_commission,Currency,label,Amount Eligible for Commission
POS Invoice,commission_rate,Float,label,Commission Rate (%)
POS Invoice,total_commission,Currency,label,Total Commission
POS Invoice,section_break2,Section Break,label,Sales Team
POS Invoice,sales_team,Table,label,Sales Team
POS Invoice,subscription_section,Section Break,label,Subscription Section
POS Invoice,from_date,Date,label,From Date
POS Invoice,to_date,Date,label,To Date
POS Invoice,auto_repeat,Link,label,Auto Repeat
POS Invoice,update_auto_repeat_reference,Button,label,Update Auto Repeat Reference
POS Invoice,against_income_account,Small Text,label,Against Income Account
Stock Reconciliation,,DocType,doctype_description,This tool helps you to update or fix the quantity and valuation of stock in the system. It is typically used to synchronise the system values and what actually exists in your warehouses.
Stock Reconciliation,naming_series,Select,label,Series
Stock Reconciliation,naming_series,Select,option,MAT-RECO-.YYYY.-
Stock Reconciliation,company,Link,label,Company
Stock Reconciliation,purpose,Select,label,Purpose
Stock Reconciliation,purpose,Select,option,Opening Stock
Stock Reconciliation,purpose,Select,option,Stock Reconciliation
Stock Reconciliation,posting_date,Date,label,Posting Date
Stock Reconciliation,posting_time,Time,label,Posting Time
Stock Reconciliation,set_posting_time,Check,label,Edit Posting Date and Time
Stock Reconciliation,set_warehouse,Link,label,Default Warehouse
Stock Reconciliation,scan_barcode,Data,label,Scan Barcode
Stock Reconciliation,last_scanned_warehouse,Data,label,Last Scanned Warehouse
Stock Reconciliation,scan_mode,Check,label,Scan Mode
Stock Reconciliation,scan_mode,Check,description,Disables auto-fetching of existing quantity
Stock Reconciliation,items,Table,label,Items
Stock Reconciliation,expense_account,Link,label,Difference Account
Stock Reconciliation,difference_amount,Currency,label,Difference Amount
Stock Reconciliation,amended_from,Link,label,Amended From
Stock Reconciliation,accounting_dimensions_section,Section Break,label,Accounting Dimensions
Stock Reconciliation,cost_center,Link,label,Cost Center
Stock Entry,stock_entry_details_tab,Tab Break,label,Details
Stock Entry,naming_series,Select,label,Series
Stock Entry,naming_series,Select,option,ثبت-انبار-.YYYY.-#####
Stock Entry,naming_series,Select,option,MAT-STE-.YYYY.-
Stock Entry,stock_entry_type,Link,label,Stock Entry Type
Stock Entry,outgoing_stock_entry,Link,label,Stock Entry (Outward GIT)
Stock Entry,purpose,Select,label,Purpose
Stock Entry,purpose,Select,option,Material Issue
Stock Entry,purpose,Select,option,Material Receipt
Stock Entry,purpose,Select,option,Material Transfer
Stock Entry,purpose,Select,option,Material Transfer for Manufacture
Stock Entry,purpose,Select,option,Material Consumption for Manufacture
Stock Entry,purpose,Select,option,Manufacture
Stock Entry,purpose,Select,option,Repack
Stock Entry,purpose,Select,option,Send to Subcontractor
Stock Entry,purpose,Select,option,Disassemble
Stock Entry,add_to_transit,Check,label,Add to Transit
Stock Entry,work_order,Link,label,Work Order
Stock Entry,purchase_order,Link,label,Purchase Order
Stock Entry,subcontracting_order,Link,label,Subcontracting Order
Stock Entry,delivery_note_no,Link,label,Delivery Note No
Stock Entry,sales_invoice_no,Link,label,Sales Invoice No
Stock Entry,pick_list,Link,label,Pick List
Stock Entry,purchase_receipt_no,Link,label,Purchase Receipt No
Stock Entry,asset_repair,Link,label,Asset Repair
Stock Entry,company,Link,label,Company
Stock Entry,posting_date,Date,label,Posting Date
Stock Entry,posting_time,Time,label,Posting Time
Stock Entry,set_posting_time,Check,label,Edit Posting Date and Time
Stock Entry,inspection_required,Check,label,Inspection Required
Stock Entry,apply_putaway_rule,Check,label,Apply Putaway Rule
Stock Entry,bom_info_section,Section Break,label,BOM Info
Stock Entry,from_bom,Check,label,From BOM
Stock Entry,use_multi_level_bom,Check,label,Use Multi-Level BOM
Stock Entry,use_multi_level_bom,Check,description,Including items for sub assemblies
Stock Entry,bom_no,Link,label,BOM No
Stock Entry,fg_completed_qty,Float,label,Finished Good Quantity
Stock Entry,fg_completed_qty,Float,description,As per Stock UOM
Stock Entry,get_items,Button,label,Get Items
Stock Entry,section_break_7qsm,Section Break,label,Process Loss
Stock Entry,process_loss_percentage,Percent,label,% Process Loss
Stock Entry,process_loss_qty,Float,label,Process Loss Qty
Stock Entry,section_break_jwgn,Section Break,label,Default Warehouse
Stock Entry,from_warehouse,Link,label,Default Source Warehouse
Stock Entry,from_warehouse,Link,description,Sets 'Source Warehouse' in each row of the items table.
Stock Entry,source_warehouse_address,Link,label,Source Warehouse Address Link
Stock Entry,source_address_display,Small Text,label,Source Warehouse Address
Stock Entry,to_warehouse,Link,label,Default Target Warehouse
Stock Entry,to_warehouse,Link,description,Sets 'Target Warehouse' in each row of the items table.
Stock Entry,target_warehouse_address,Link,label,Target Warehouse Address Link
Stock Entry,target_address_display,Small Text,label,Target Warehouse Address
Stock Entry,scan_barcode,Data,label,Scan Barcode
Stock Entry,last_scanned_warehouse,Data,label,Last Scanned Warehouse
Stock Entry,items_section,Section Break,label,Items
Stock Entry,items,Table,label,Items
Stock Entry,get_stock_and_rate,Button,label,Update Rate and Availability
Stock Entry,total_outgoing_value,Currency,label,Total Outgoing Value (Consumption)
Stock Entry,total_incoming_value,Currency,label,Total Incoming Value (Receipt)
Stock Entry,value_difference,Currency,label,Total Value Difference (Incoming - Outgoing)
Stock Entry,additional_costs_section,Tab Break,label,Additional Costs
Stock Entry,additional_costs,Table,label,Additional Costs
Stock Entry,total_additional_costs,Currency,label,Total Additional Costs
Stock Entry,supplier_info_tab,Tab Break,label,Supplier Info
Stock Entry,contact_section,Section Break,label,Supplier Details
Stock Entry,supplier,Link,label,Supplier
Stock Entry,supplier_name,Data,label,Supplier Name
Stock Entry,supplier_address,Link,label,Supplier Address
Stock Entry,address_display,Small Text,label,Address
Stock Entry,accounting_dimensions_section,Tab Break,label,Accounting Dimensions
Stock Entry,project,Link,label,Project
Stock Entry,other_info_tab,Tab Break,label,Other Info
Stock Entry,printing_settings,Section Break,label,Printing Settings
Stock Entry,select_print_heading,Link,label,Print Heading
Stock Entry,letter_head,Link,label,Letter Head
Stock Entry,more_info,Section Break,label,More Information
Stock Entry,is_opening,Select,label,Is Opening
Stock Entry,is_opening,Select,option,No
Stock Entry,is_opening,Select,option,Yes
Stock Entry,remarks,Text,label,Remarks
Stock Entry,per_transferred,Percent,label,Per Transferred
Stock Entry,total_amount,Currency,label,Total Amount
Stock Entry,job_card,Link,label,Job Card
Stock Entry,amended_from,Link,label,Amended From
Stock Entry,credit_note,Link,label,Credit Note
Stock Entry,is_return,Check,label,Is Return
Stock Entry,tab_connections,Tab Break,label,Connections
Delivery Note,title,Data,label,Title
Delivery Note,naming_series,Select,label,Series
Delivery Note,naming_series,Select,option,حواله-تحویل-.YYYY.-#####
Delivery Note,naming_series,Select,option,MAT-DN-.YYYY.-
Delivery Note,naming_series,Select,option,MAT-DN-RET-.YYYY.-
Delivery Note,customer,Link,label,Customer
Delivery Note,tax_id,Data,label,Tax Id
Delivery Note,customer_name,Data,label,Customer Name
Delivery Note,posting_date,Date,label,Date
Delivery Note,posting_time,Time,label,Posting Time
Delivery Note,set_posting_time,Check,label,Edit Posting Date and Time
Delivery Note,company,Link,label,Company
Delivery Note,amended_from,Link,label,Amended From
Delivery Note,is_return,Check,label,Is Return
Delivery Note,issue_credit_note,Check,label,Issue Credit Note
Delivery Note,return_against,Link,label,Return Against Delivery Note
Delivery Note,accounting_dimensions_section,Section Break,label,Accounting Dimensions
Delivery Note,cost_center,Link,label,Cost Center
Delivery Note,project,Link,label,Project
Delivery Note,currency_and_price_list,Section Break,label,Currency and Price List
Delivery Note,currency_and_price_list,Section Break,option,fa fa-tag
Delivery Note,currency,Link,label,Currency
Delivery Note,conversion_rate,Float,label,Exchange Rate
Delivery Note,conversion_rate,Float,description,Rate at which customer's currency is converted to company's base currency
Delivery Note,selling_price_list,Link,label,Price List
Delivery Note,price_list_currency,Link,label,Price List Currency
Delivery Note,plc_conversion_rate,Float,label,Price List Exchange Rate
Delivery Note,plc_conversion_rate,Float,description,Rate at which Price list currency is converted to company's base currency
Delivery Note,ignore_pricing_rule,Check,label,Ignore Pricing Rule
Delivery Note,items_section,Section Break,label,Items
Delivery Note,items_section,Section Break,option,fa fa-shopping-cart
Delivery Note,scan_barcode,Data,label,Scan Barcode
Delivery Note,last_scanned_warehouse,Data,label,Last Scanned Warehouse
Delivery Note,set_warehouse,Link,label,Set Source Warehouse
Delivery Note,set_target_warehouse,Link,label,Set Target Warehouse
Delivery Note,items,Table,label,Delivery Note Item
Delivery Note,total_qty,Float,label,Total Quantity
Delivery Note,total_net_weight,Float,label,Total Net Weight
Delivery Note,base_total,Currency,label,Total (Company Currency)
Delivery Note,base_net_total,Currency,label,Net Total (Company Currency)
Delivery Note,total,Currency,label,Total
Delivery Note,net_total,Currency,label,Net Total
Delivery Note,taxes_section,Section Break,label,Taxes and Charges
Delivery Note,taxes_section,Section Break,option,fa fa-money
Delivery Note,tax_category,Link,label,Tax Category
Delivery Note,taxes_and_charges,Link,label,Sales Taxes and Charges Template
Delivery Note,shipping_rule,Link,label,Shipping Rule
Delivery Note,incoterm,Link,label,Incoterm
Delivery Note,named_place,Data,label,Named Place
Delivery Note,taxes,Table,label,Sales Taxes and Charges
Delivery Note,base_total_taxes_and_charges,Currency,label,Total Taxes and Charges (Company Currency)
Delivery Note,total_taxes_and_charges,Currency,label,Total Taxes and Charges
Delivery Note,totals,Section Break,label,Totals
Delivery Note,totals,Section Break,option,fa fa-money
Delivery Note,base_grand_total,Currency,label,Grand Total (Company Currency)
Delivery Note,base_rounding_adjustment,Currency,label,Rounding Adjustment (Company Currency)
Delivery Note,base_rounded_total,Currency,label,Rounded Total (Company Currency)
Delivery Note,base_in_words,Data,label,In Words (Company Currency)
Delivery Note,base_in_words,Data,description,In Words will be visible once you save the Delivery Note.
Delivery Note,grand_total,Currency,label,Grand Total
Delivery Note,rounding_adjustment,Currency,label,Rounding Adjustment
Delivery Note,rounded_total,Currency,label,Rounded Total
Delivery Note,in_words,Data,label,In Words
Delivery Note,in_words,Data,description,In Words (Export) will be visible once you save the Delivery Note.
Delivery Note,disable_rounded_total,Check,label,Disable Rounded Total
Delivery Note,section_break_49,Section Break,label,Additional Discount
Delivery Note,apply_discount_on,Select,label,Apply Additional Discount On
Delivery Note,apply_discount_on,Select,option,Grand Total
Delivery Note,apply_discount_on,Select,option,Net Total
Delivery Note,base_discount_amount,Currency,label,Additional Discount Amount (Company Currency)
Delivery Note,additional_discount_percentage,Float,label,Additional Discount Percentage
Delivery Note,discount_amount,Currency,label,Additional Discount Amount
Delivery Note,sec_tax_breakup,Section Break,label,Tax Breakup
Delivery Note,other_charges_calculation,Text Editor,label,Taxes and Charges Calculation
Delivery Note,packing_list,Section Break,label,Packing List
Delivery Note,packing_list,Section Break,option,fa fa-suitcase
Delivery Note,packed_items,Table,label,Packed Items
Delivery Note,product_bundle_help,HTML,label,Product Bundle Help
Delivery Note,pricing_rule_details,Section Break,label,Pricing Rules
Delivery Note,pricing_rules,Table,label,Pricing Rule Detail
Delivery Note,address_and_contact_tab,Tab Break,label,Address & Contact
Delivery Note,contact_info,Section Break,label,Billing Address
Delivery Note,contact_info,Section Break,option,fa fa-bullhorn
Delivery Note,customer_address,Link,label,Billing Address Name
Delivery Note,address_display,Small Text,label,Billing Address
Delivery Note,contact_person,Link,label,Contact Person
Delivery Note,contact_display,Small Text,label,Contact
Delivery Note,contact_mobile,Small Text,label,Mobile No
Delivery Note,contact_email,Data,label,Contact Email
Delivery Note,shipping_address_section,Section Break,label,Shipping Address
Delivery Note,shipping_address_name,Link,label,Shipping Address
Delivery Note,shipping_address,Small Text,label,Shipping Address
Delivery Note,dispatch_address_name,Link,label,Dispatch Address Name
Delivery Note,dispatch_address,Small Text,label,Dispatch Address
Delivery Note,company_address_section,Section Break,label,Company Address
Delivery Note,company_address,Link,label,Company Address Name
Delivery Note,company_address_display,Small Text,label,Company Address
Delivery Note,company_contact_person,Link,label,Company Contact Person
Delivery Note,terms_tab,Tab Break,label,Terms
Delivery Note,tc_name,Link,label,Terms
Delivery Note,terms,Text Editor,label,Terms and Conditions Details
Delivery Note,more_info_tab,Tab Break,label,More Info
Delivery Note,section_break_83,Section Break,label,Status
Delivery Note,per_billed,Percent,label,% Amount Billed
Delivery Note,status,Select,label,Status
Delivery Note,status,Select,option,Draft
Delivery Note,status,Select,option,To Bill
Delivery Note,status,Select,option,Completed
Delivery Note,status,Select,option,Return Issued
Delivery Note,status,Select,option,Cancelled
Delivery Note,status,Select,option,Closed
Delivery Note,per_installed,Percent,label,% Installed
Delivery Note,installation_status,Select,label,Installation Status
Delivery Note,per_returned,Percent,label,% Returned
Delivery Note,transporter_info,Section Break,label,Transporter Info
Delivery Note,transporter_info,Section Break,option,fa fa-truck
Delivery Note,transporter,Link,label,Transporter
Delivery Note,driver,Link,label,Driver
Delivery Note,lr_no,Data,label,Transport Receipt No
Delivery Note,vehicle_no,Data,label,Vehicle No
Delivery Note,transporter_name,Data,label,Transporter Name
Delivery Note,driver_name,Data,label,Driver Name
Delivery Note,lr_date,Date,label,Transport Receipt Date
Delivery Note,customer_po_details,Section Break,label,Customer PO Details
Delivery Note,po_no,Small Text,label,Customer's Purchase Order No
Delivery Note,po_date,Date,label,Customer's Purchase Order Date
Delivery Note,sales_team_section_break,Section Break,label,Commission
Delivery Note,sales_team_section_break,Section Break,option,fa fa-group
Delivery Note,sales_partner,Link,label,Sales Partner
Delivery Note,amount_eligible_for_commission,Currency,label,Amount Eligible for Commission
Delivery Note,commission_rate,Float,label,Commission Rate (%)
Delivery Note,total_commission,Currency,label,Total Commission
Delivery Note,section_break1,Section Break,label,Sales Team
Delivery Note,sales_team,Table,label,Sales Team
Delivery Note,subscription_section,Section Break,label,Subscription Section
Delivery Note,auto_repeat,Link,label,Auto Repeat
Delivery Note,printing_details,Section Break,label,Print Settings
Delivery Note,letter_head,Link,label,Letter Head
Delivery Note,print_without_amount,Check,label,Print Without Amount
Delivery Note,group_same_items,Check,label,Group same items
Delivery Note,select_print_heading,Link,label,Print Heading
Delivery Note,language,Data,label,Print Language
Delivery Note,more_info,Section Break,label,Additional Info
Delivery Note,more_info,Section Break,option,fa fa-file-text
Delivery Note,is_internal_customer,Check,label,Is Internal Customer
Delivery Note,represents_company,Link,label,Represents Company
Delivery Note,represents_company,Link,description,Company which internal customer represents.
Delivery Note,inter_company_reference,Link,label,Inter Company Reference
Delivery Note,customer_group,Link,label,Customer Group
Delivery Note,territory,Link,label,Territory
Delivery Note,source,Link,label,Source
Delivery Note,campaign,Link,label,Campaign
Delivery Note,excise_page,Data,label,Excise Page Number
Delivery Note,instructions,Text,label,Instructions
Delivery Note,connections_tab,Tab Break,label,Connections
Purchase Invoice,title,Data,label,Title
Purchase Invoice,naming_series,Select,label,Series
Purchase Invoice,naming_series,Select,option,فاکتور-خرید-.YYYY.-#####
Purchase Invoice,naming_series,Select,option,ACC-PINV-.YYYY.-
Purchase Invoice,naming_series,Select,option,ACC-PINV-RET-.YYYY.-
Purchase Invoice,supplier,Link,label,Supplier
Purchase Invoice,supplier_name,Data,label,Supplier Name
Purchase Invoice,tax_id,Read Only,label,Tax Id
Purchase Invoice,company,Link,label,Company
Purchase Invoice,posting_date,Date,label,Date
Purchase Invoice,posting_time,Time,label,Posting Time
Purchase Invoice,set_posting_time,Check,label,Edit Posting Date and Time
Purchase Invoice,due_date,Date,label,Due Date
Purchase Invoice,is_paid,Check,label,Is Paid
Purchase Invoice,is_return,Check,label,Is Return (Debit Note)
Purchase Invoice,return_against,Link,label,Return Against Purchase Invoice
Purchase Invoice,update_outstanding_for_self,Check,label,Update Outstanding for Self
Purchase Invoice,update_outstanding_for_self,Check,description,"Debit Note will update it's own outstanding amount, even if 'Return Against' is specified."
Purchase Invoice,update_billed_amount_in_purchase_order,Check,label,Update Billed Amount in Purchase Order
Purchase Invoice,update_billed_amount_in_purchase_receipt,Check,label,Update Billed Amount in Purchase Receipt
Purchase Invoice,apply_tds,Check,label,Apply Tax Withholding Amount
Purchase Invoice,tax_withholding_category,Link,label,Tax Withholding Category
Purchase Invoice,amended_from,Link,label,Amended From
Purchase Invoice,supplier_invoice_details,Section Break,label,Supplier Invoice
Purchase Invoice,bill_no,Data,label,Supplier Invoice No
Purchase Invoice,bill_date,Date,label,Supplier Invoice Date
Purchase Invoice,accounting_dimensions_section,Section Break,label,Accounting Dimensions
Purchase Invoice,cost_center,Link,label,Cost Center
Purchase Invoice,project,Link,label,Project
Purchase Invoice,currency_and_price_list,Section Break,label,Currency and Price List
Purchase Invoice,currency_and_price_list,Section Break,option,fa fa-tag
Purchase Invoice,currency,Link,label,Currency
Purchase Invoice,conversion_rate,Float,label,Exchange Rate
Purchase Invoice,use_transaction_date_exchange_rate,Check,label,Use Transaction Date Exchange Rate
Purchase Invoice,buying_price_list,Link,label,Price List
Purchase Invoice,price_list_currency,Link,label,Price List Currency
Purchase Invoice,plc_conversion_rate,Float,label,Price List Exchange Rate
Purchase Invoice,ignore_pricing_rule,Check,label,Ignore Pricing Rule
Purchase Invoice,sec_warehouse,Section Break,label,Items
Purchase Invoice,scan_barcode,Data,label,Scan Barcode
Purchase Invoice,last_scanned_warehouse,Data,label,Last Scanned Warehouse
Purchase Invoice,update_stock,Check,label,Update Stock
Purchase Invoice,set_warehouse,Link,label,Set Accepted Warehouse
Purchase Invoice,set_from_warehouse,Link,label,Set From Warehouse
Purchase Invoice,is_subcontracted,Check,label,Is Subcontracted
Purchase Invoice,rejected_warehouse,Link,label,Rejected Warehouse
Purchase Invoice,supplier_warehouse,Link,label,Supplier Warehouse
Purchase Invoice,items_section,Section Break,option,fa fa-shopping-cart
Purchase Invoice,items,Table,label,Items
Purchase Invoice,total_qty,Float,label,Total Quantity
Purchase Invoice,total_net_weight,Float,label,Total Net Weight
Purchase Invoice,base_total,Currency,label,Total (Company Currency)
Purchase Invoice,base_net_total,Currency,label,Net Total (Company Currency)
Purchase Invoice,total,Currency,label,Total
Purchase Invoice,net_total,Currency,label,Net Total
Purchase Invoice,tax_withholding_net_total,Currency,label,Tax Withholding Net Total
Purchase Invoice,base_tax_withholding_net_total,Currency,label,Base Tax Withholding Net Total
Purchase Invoice,taxes_section,Section Break,label,Taxes and Charges
Purchase Invoice,taxes_section,Section Break,option,fa fa-money
Purchase Invoice,tax_category,Link,label,Tax Category
Purchase Invoice,taxes_and_charges,Link,label,Purchase Taxes and Charges Template
Purchase Invoice,shipping_rule,Link,label,Shipping Rule
Purchase Invoice,incoterm,Link,label,Incoterm
Purchase Invoice,named_place,Data,label,Named Place
Purchase Invoice,taxes,Table,label,Purchase Taxes and Charges
Purchase Invoice,totals,Section Break,option,fa fa-money
Purchase Invoice,base_taxes_and_charges_added,Currency,label,Taxes and Charges Added (Company Currency)
Purchase Invoice,base_taxes_and_charges_deducted,Currency,label,Taxes and Charges Deducted (Company Currency)
Purchase Invoice,base_total_taxes_and_charges,Currency,label,Total Taxes and Charges (Company Currency)
Purchase Invoice,taxes_and_charges_added,Currency,label,Taxes and Charges Added
Purchase Invoice,taxes_and_charges_deducted,Currency,label,Taxes and Charges Deducted
Purchase Invoice,total_taxes_and_charges,Currency,label,Total Taxes and Charges
Purchase Invoice,section_break_49,Section Break,label,Totals
Purchase Invoice,base_grand_total,Currency,label,Grand Total (Company Currency)
Purchase Invoice,base_rounding_adjustment,Currency,label,Rounding Adjustment (Company Currency)
Purchase Invoice,base_rounded_total,Currency,label,Rounded Total (Company Currency)
Purchase Invoice,base_in_words,Data,label,In Words (Company Currency)
Purchase Invoice,grand_total,Currency,label,Grand Total
Purchase Invoice,rounding_adjustment,Currency,label,Rounding Adjustment
Purchase Invoice,use_company_roundoff_cost_center,Check,label,Use Company Default Round Off Cost Center
Purchase Invoice,rounded_total,Currency,label,Rounded Total
Purchase Invoice,in_words,Data,label,In Words
Purchase Invoice,total_advance,Currency,label,Total Advance
Purchase Invoice,outstanding_amount,Currency,label,Outstanding Amount
Purchase Invoice,disable_rounded_total,Check,label,Disable Rounded Total
Purchase Invoice,section_break_44,Section Break,label,Additional Discount
Purchase Invoice,apply_discount_on,Select,label,Apply Additional Discount On
Purchase Invoice,apply_discount_on,Select,option,Grand Total
Purchase Invoice,apply_discount_on,Select,option,Net Total
Purchase Invoice,base_discount_amount,Currency,label,Additional Discount Amount (Company Currency)
Purchase Invoice,additional_discount_percentage,Float,label,Additional Discount Percentage
Purchase Invoice,discount_amount,Currency,label,Additional Discount Amount
Purchase Invoice,tax_withheld_vouchers_section,Section Break,label,Tax Withheld Vouchers
Purchase Invoice,tax_withheld_vouchers,Table,label,Tax Withheld Vouchers
Purchase Invoice,sec_tax_breakup,Section Break,label,Tax Breakup
Purchase Invoice,other_charges_calculation,Text Editor,label,Taxes and Charges Calculation
Purchase Invoice,pricing_rule_details,Section Break,label,Pricing Rules
Purchase Invoice,pricing_rules,Table,label,Pricing Rule Detail
Purchase Invoice,raw_materials_supplied,Section Break,label,Raw Materials Supplied
Purchase Invoice,supplied_items,Table,label,Supplied Items
Purchase Invoice,payments_tab,Tab Break,label,Payments
Purchase Invoice,payments_section,Section Break,label,Payments
Purchase Invoice,mode_of_payment,Link,label,Mode of Payment
Purchase Invoice,base_paid_amount,Currency,label,Paid Amount (Company Currency)
Purchase Invoice,clearance_date,Date,label,Clearance Date
Purchase Invoice,cash_bank_account,Link,label,Cash/Bank Account
Purchase Invoice,paid_amount,Currency,label,Paid Amount
Purchase Invoice,advances_section,Section Break,label,Advance Payments
Purchase Invoice,advances_section,Section Break,option,fa fa-money
Purchase Invoice,allocate_advances_automatically,Check,label,Set Advances and Allocate (FIFO)
Purchase Invoice,only_include_allocated_payments,Check,label,Only Include Allocated Payments
Purchase Invoice,only_include_allocated_payments,Check,description,Advance payments allocated against orders will only be fetched
Purchase Invoice,get_advances,Button,label,Get Advances Paid
Purchase Invoice,advances,Table,label,Advances
Purchase Invoice,advance_tax,Table,label,Advance Tax
Purchase Invoice,write_off,Section Break,label,Write Off
Purchase Invoice,write_off_amount,Currency,label,Write Off Amount
Purchase Invoice,base_write_off_amount,Currency,label,Write Off Amount (Company Currency)
Purchase Invoice,write_off_account,Link,label,Write Off Account
Purchase Invoice,write_off_cost_center,Link,label,Write Off Cost Center
Purchase Invoice,address_and_contact_tab,Tab Break,label,Address & Contact
Purchase Invoice,section_addresses,Section Break,label,Supplier Address
Purchase Invoice,supplier_address,Link,label,Select Supplier Address
Purchase Invoice,address_display,Small Text,label,Address
Purchase Invoice,contact_person,Link,label,Contact Person
Purchase Invoice,contact_display,Small Text,label,Contact
Purchase Invoice,contact_mobile,Small Text,label,Mobile No
Purchase Invoice,contact_email,Small Text,label,Contact Email
Purchase Invoice,company_shipping_address_section,Section Break,label,Shipping Address
Purchase Invoice,dispatch_address,Link,label,Select Dispatch Address
Purchase Invoice,dispatch_address_display,Text Editor,label,Dispatch Address
Purchase Invoice,shipping_address,Link,label,Select Shipping Address
Purchase Invoice,shipping_address_display,Small Text,label,Shipping Address
Purchase Invoice,company_billing_address_section,Section Break,label,Company Billing Address
Purchase Invoice,billing_address,Link,label,Select Billing Address
Purchase Invoice,billing_address_display,Small Text,label,Billing Address
Purchase Invoice,terms_tab,Tab Break,label,Terms
Purchase Invoice,payment_schedule_section,Section Break,label,Payment Terms
Purchase Invoice,payment_terms_template,Link,label,Payment Terms Template
Purchase Invoice,ignore_default_payment_terms_template,Check,label,Ignore Default Payment Terms Template
Purchase Invoice,payment_schedule,Table,label,Payment Schedule
Purchase Invoice,terms_section_break,Section Break,label,Terms and Conditions
Purchase Invoice,terms_section_break,Section Break,option,fa fa-legal
Purchase Invoice,tc_name,Link,label,Terms
Purchase Invoice,terms,Text Editor,label,Terms and Conditions
Purchase Invoice,more_info_tab,Tab Break,label,More Info
Purchase Invoice,status_section,Section Break,label,Status
Purchase Invoice,status,Select,label,Status
Purchase Invoice,status,Select,option,Draft
Purchase Invoice,status,Select,option,Return
Purchase Invoice,status,Select,option,Debit Note Issued
Purchase Invoice,status,Select,option,Submitted
Purchase Invoice,status,Select,option,Paid
Purchase Invoice,status,Select,option,Partly Paid
Purchase Invoice,status,Select,option,Unpaid
Purchase Invoice,status,Select,option,Overdue
Purchase Invoice,status,Select,option,Cancelled
Purchase Invoice,status,Select,option,Internal Transfer
Purchase Invoice,per_received,Percent,label,Per Received
Purchase Invoice,accounting_details_section,Section Break,label,Accounting Details
Purchase Invoice,credit_to,Link,label,Credit To
Purchase Invoice,party_account_currency,Link,label,Party Account Currency
Purchase Invoice,is_opening,Select,label,Is Opening Entry
Purchase Invoice,is_opening,Select,option,No
Purchase Invoice,is_opening,Select,option,Yes
Purchase Invoice,against_expense_account,Small Text,label,Against Expense Account
Purchase Invoice,unrealized_profit_loss_account,Link,label,Unrealized Profit / Loss Account
Purchase Invoice,unrealized_profit_loss_account,Link,description,Unrealized Profit/Loss account for intra-company transfers
Purchase Invoice,subscription_section,Section Break,label,Subscription
Purchase Invoice,subscription,Link,label,Subscription
Purchase Invoice,auto_repeat,Link,label,Auto Repeat
Purchase Invoice,update_auto_repeat_reference,Button,label,Update Auto Repeat Reference
Purchase Invoice,from_date,Date,label,From Date
Purchase Invoice,from_date,Date,description,Start date of current invoice's period
Purchase Invoice,to_date,Date,label,To Date
Purchase Invoice,to_date,Date,description,End date of current invoice's period
Purchase Invoice,printing_settings,Section Break,label,Print Settings
Purchase Invoice,letter_head,Link,label,Letter Head
Purchase Invoice,group_same_items,Check,label,Group same items
Purchase Invoice,select_print_heading,Link,label,Print Heading
Purchase Invoice,language,Data,label,Print Language
Purchase Invoice,sb_14,Section Break,label,Hold Invoice
Purchase Invoice,on_hold,Check,label,Hold Invoice
Purchase Invoice,release_date,Date,label,Release Date
Purchase Invoice,release_date,Date,description,"Once set, this invoice will be on hold till the set date"
Purchase Invoice,hold_comment,Small Text,label,Reason For Putting On Hold
Purchase Invoice,additional_info_section,Section Break,label,Additional Info
Purchase Invoice,additional_info_section,Section Break,option,fa fa-file-text
Purchase Invoice,is_internal_supplier,Check,label,Is Internal Supplier
Purchase Invoice,represents_company,Link,label,Represents Company
Purchase Invoice,represents_company,Link,description,Company which internal supplier represents
Purchase Invoice,supplier_group,Link,label,Supplier Group
Purchase Invoice,inter_company_invoice_reference,Link,label,Inter Company Invoice Reference
Purchase Invoice,is_old_subcontracting_flow,Check,label,Is Old Subcontracting Flow
Purchase Invoice,remarks,Small Text,label,Remarks
Purchase Invoice,connections_tab,Tab Break,label,Connections
Process Statement Of Accounts,report,Select,label,Report
Process Statement Of Accounts,report,Select,option,General Ledger
Process Statement Of Accounts,report,Select,option,Accounts Receivable
Process Statement Of Accounts,section_break_11,Section Break,label,Report Filters
Process Statement Of Accounts,from_date,Date,label,From Date
Process Statement Of Accounts,posting_date,Date,label,Posting Date
Process Statement Of Accounts,company,Link,label,Company
Process Statement Of Accounts,account,Link,label,Account
Process Statement Of Accounts,categorize_by,Select,label,Categorize By
Process Statement Of Accounts,categorize_by,Select,option,Categorize by Voucher
Process Statement Of Accounts,categorize_by,Select,option,Categorize by Voucher (Consolidated)
Process Statement Of Accounts,cost_center,Table MultiSelect,label,Cost Center
Process Statement Of Accounts,territory,Link,label,Territory
Process Statement Of Accounts,ignore_exchange_rate_revaluation_journals,Check,label,Ignore Exchange Rate Revaluation and Gain / Loss Journals
Process Statement Of Accounts,ignore_cr_dr_notes,Check,label,Ignore System Generated Credit / Debit Notes
Process Statement Of Accounts,to_date,Date,label,To Date
Process Statement Of Accounts,finance_book,Link,label,Finance Book
Process Statement Of Accounts,currency,Link,label,Currency
Process Statement Of Accounts,project,Table MultiSelect,label,Project
Process Statement Of Accounts,payment_terms_template,Link,label,Payment Terms Template
Process Statement Of Accounts,sales_partner,Link,label,Sales Partner
Process Statement Of Accounts,sales_person,Link,label,Sales Person
Process Statement Of Accounts,show_remarks,Check,label,Show Remarks
Process Statement Of Accounts,based_on_payment_terms,Check,label,Based On Payment Terms
Process Statement Of Accounts,section_break_3,Section Break,label,Customers
Process Statement Of Accounts,customer_collection,Select,label,Select Customers By
Process Statement Of Accounts,customer_collection,Select,option,Customer Group
Process Statement Of Accounts,customer_collection,Select,option,Territory
Process Statement Of Accounts,customer_collection,Select,option,Sales Partner
Process Statement Of Accounts,customer_collection,Select,option,Sales Person
Process Statement Of Accounts,collection_name,Dynamic Link,label,Recipient
Process Statement Of Accounts,fetch_customers,Button,label,Fetch Customers
Process Statement Of Accounts,primary_mandatory,Check,label,Send To Primary Contact
Process Statement Of Accounts,primary_mandatory,Check,description,A customer must have primary contact email.
Process Statement Of Accounts,show_net_values_in_party_account,Check,label,Show Net Values in Party Account
Process Statement Of Accounts,customers,Table,label,Customers
Process Statement Of Accounts,preferences,Section Break,label,Print Preferences
Process Statement Of Accounts,orientation,Select,label,Orientation
Process Statement Of Accounts,orientation,Select,option,Landscape
Process Statement Of Accounts,orientation,Select,option,Portrait
Process Statement Of Accounts,include_break,Check,label,Page Break After Each SoA
Process Statement Of Accounts,include_ageing,Check,label,Include Ageing Summary
Process Statement Of Accounts,ageing_based_on,Select,label,Ageing Based On
Process Statement Of Accounts,ageing_based_on,Select,option,Due Date
Process Statement Of Accounts,ageing_based_on,Select,option,Posting Date
Process Statement Of Accounts,letter_head,Link,label,Letter Head
Process Statement Of Accounts,terms_and_conditions,Link,label,Terms and Conditions
Process Statement Of Accounts,section_break_1,Section Break,label,Email Settings
Process Statement Of Accounts,enable_auto_email,Check,label,Enable Auto Email
Process Statement Of Accounts,sender,Link,label,Sender
Process Statement Of Accounts,frequency,Select,label,Frequency
Process Statement Of Accounts,frequency,Select,option,Weekly
Process Statement Of Accounts,frequency,Select,option,Monthly
Process Statement Of Accounts,frequency,Select,option,Quarterly
Process Statement Of Accounts,filter_duration,Int,label,Filter Duration (Months)
Process Statement Of Accounts,start_date,Date,label,Start Date
Process Statement Of Accounts,pdf_name,Data,label,PDF Name
Process Statement Of Accounts,subject,Data,label,Subject
Process Statement Of Accounts,cc_to,Table MultiSelect,label,CC To
Process Statement Of Accounts,body,Text Editor,label,Body
Process Statement Of Accounts,help_text,HTML,label,Help Text
Process Statement Of Accounts,help_text,HTML,option,<br>
Process Statement Of Accounts,help_text,HTML,option,<h4>Note</h4>
Process Statement Of Accounts,help_text,HTML,option,<ul>
Process Statement Of Accounts,help_text,HTML,option,<li>
Process Statement Of Accounts,help_text,HTML,option,"You can use <a href=""https://jinja.palletsprojects.com/en/2.11.x/"" target=""_blank"">Jinja tags</a> in <b>Subject</b> and <b>Body</b> fields for dynamic values."
Process Statement Of Accounts,help_text,HTML,option,</li><li>
Process Statement Of Accounts,help_text,HTML,option,All fields in this doctype are available under the <b>doc</b> object and all fields for the customer to whom the mail will go to is available under the  <b>customer</b> object.
Process Statement Of Accounts,help_text,HTML,option,</li></ul>
Process Statement Of Accounts,help_text,HTML,option,<h4> Examples</h4>
Process Statement Of Accounts,help_text,HTML,option,<!-- {% raw %} -->
Process Statement Of Accounts,help_text,HTML,option,<ul>
Process Statement Of Accounts,help_text,HTML,option,<li><b>Subject</b>:<br><br><pre><code>Statement Of Accounts for {{ customer.customer_name }}</code></pre><br></li>
Process Statement Of Accounts,help_text,HTML,option,<li><b>Body</b>: <br><br>
Process Statement Of Accounts,help_text,HTML,option,"<pre><code>Hello {{ customer.customer_name }},<br>PFA your Statement Of Accounts from {{ doc.from_date }} to {{ doc.to_date }}.</code> </pre></li>"
Process Statement Of Accounts,help_text,HTML,option,</ul>
Process Statement Of Accounts,help_text,HTML,option,<!-- {% endraw %} -->
Operation,workstation,Link,label,Default Workstation
Operation,is_corrective_operation,Check,label,Is Corrective Operation
Operation,job_card_section,Section Break,label,Job Card
Operation,create_job_card_based_on_batch_size,Check,label,Create Job Card based on Batch Size
Operation,quality_inspection_template,Link,label,Quality Inspection Template
Operation,batch_size,Int,label,Batch Size
Operation,sub_operations_section,Section Break,label,Sub Operations
Operation,total_operation_time,Float,label,Total Operation Time
Operation,total_operation_time,Float,description,Time in mins.
Operation,section_break_4,Section Break,label,Operation Description
Operation,description,Text,label,Description
Job Card,naming_series,Select,label,Naming Series
Job Card,naming_series,Select,option,PO-JOB.#####
Job Card,work_order,Link,label,Work Order
Job Card,bom_no,Link,label,BOM No
Job Card,production_item,Link,label,Production Item
Job Card,employee,Table MultiSelect,label,Employee
Job Card,posting_date,Date,label,Posting Date
Job Card,company,Link,label,Company
Job Card,for_quantity,Float,label,Qty To Manufacture
Job Card,total_completed_qty,Float,label,Total Completed Qty
Job Card,process_loss_qty,Float,label,Process Loss Qty
Job Card,scheduled_time_section,Section Break,label,Scheduled Time
Job Card,expected_start_date,Datetime,label,Expected Start Date
Job Card,time_required,Float,label,Expected Time Required (In Mins)
Job Card,expected_end_date,Datetime,label,Expected End Date
Job Card,scheduled_time_logs,Table,label,Scheduled Time Logs
Job Card,timing_detail,Section Break,label,Actual Time
Job Card,time_logs,Table,label,Time Logs
Job Card,actual_start_date,Datetime,label,Actual Start Date
Job Card,total_time_in_mins,Float,label,Total Time in Mins
Job Card,actual_end_date,Datetime,label,Actual End Date
Job Card,production_section,Tab Break,label,Operation & Workstation
Job Card,operation,Link,label,Operation
Job Card,wip_warehouse,Link,label,WIP Warehouse
Job Card,workstation_type,Link,label,Workstation Type
Job Card,workstation,Link,label,Workstation
Job Card,quality_inspection_section,Section Break,label,Quality Inspection
Job Card,quality_inspection_template,Link,label,Quality Inspection Template
Job Card,quality_inspection,Link,label,Quality Inspection
Job Card,section_break_21,Tab Break,label,Sub Operations
Job Card,sub_operations,Table,label,Sub Operations
Job Card,section_break_8,Tab Break,label,Raw Materials
Job Card,items,Table,label,Items
Job Card,scrap_items_section,Tab Break,label,Scrap Items
Job Card,scrap_items,Table,label,Scrap Items
Job Card,corrective_operation_section,Tab Break,label,Corrective Operation
Job Card,for_job_card,Link,label,For Job Card
Job Card,is_corrective_job_card,Check,label,Is Corrective Job Card
Job Card,hour_rate,Currency,label,Hour Rate
Job Card,for_operation,Link,label,For Operation
Job Card,more_information,Tab Break,label,More Information
Job Card,project,Link,label,Project
Job Card,item_name,Read Only,label,Item Name
Job Card,transferred_qty,Float,label,FG Qty from Transferred Raw Materials
Job Card,requested_qty,Float,label,Requested Qty
Job Card,status,Select,label,Status
Job Card,status,Select,option,Open
Job Card,status,Select,option,Work In Progress
Job Card,status,Select,option,Material Transferred
Job Card,status,Select,option,On Hold
Job Card,status,Select,option,Submitted
Job Card,status,Select,option,Cancelled
Job Card,status,Select,option,Completed
Job Card,operation_row_number,Select,label,Operation Row Number
Job Card,operation_id,Data,label,Operation ID
Job Card,sequence_id,Int,label,Sequence Id
Job Card,remarks,Small Text,label,Remarks
Job Card,serial_and_batch_bundle,Link,label,Serial and Batch Bundle
Job Card,batch_no,Link,label,Batch No
Job Card,serial_no,Small Text,label,Serial No
Job Card,barcode,Barcode,label,Barcode
Job Card,job_started,Check,label,Job Started
Job Card,started_time,Datetime,label,Started Time
Job Card,current_time,Int,label,Current Time
Job Card,amended_from,Link,label,Amended From
Job Card,connections_tab,Tab Break,label,Connections
Quotation,customer_section,Section Break,option,fa fa-user
Quotation,title,Data,label,Title
Quotation,naming_series,Select,label,Series
Quotation,naming_series,Select,option,پیش‌فاکتور-.YYYY.-#####
Quotation,naming_series,Select,option,SAL-QTN-.YYYY.-
Quotation,quotation_to,Link,label,Quotation To
Quotation,party_name,Dynamic Link,label,Party
Quotation,customer_name,Data,label,Customer Name
Quotation,transaction_date,Date,label,Date
Quotation,valid_till,Date,label,Valid Till
Quotation,order_type,Select,label,Order Type
Quotation,order_type,Select,option,Sales
Quotation,order_type,Select,option,Maintenance
Quotation,order_type,Select,option,Shopping Cart
Quotation,company,Link,label,Company
Quotation,has_unit_price_items,Check,label,Has Unit Price Items
Quotation,amended_from,Link,label,Amended From
Quotation,currency_and_price_list,Section Break,label,Currency and Price List
Quotation,currency_and_price_list,Section Break,option,fa fa-tag
Quotation,currency,Link,label,Currency
Quotation,conversion_rate,Float,label,Exchange Rate
Quotation,conversion_rate,Float,description,Rate at which customer's currency is converted to company's base currency
Quotation,selling_price_list,Link,label,Price List
Quotation,price_list_currency,Link,label,Price List Currency
Quotation,plc_conversion_rate,Float,label,Price List Exchange Rate
Quotation,plc_conversion_rate,Float,description,Rate at which Price list currency is converted to company's base currency
Quotation,ignore_pricing_rule,Check,label,Ignore Pricing Rule
Quotation,items_section,Section Break,option,fa fa-shopping-cart
Quotation,scan_barcode,Data,label,Scan Barcode
Quotation,last_scanned_warehouse,Data,label,Last Scanned Warehouse
Quotation,items,Table,label,Items
Quotation,total_qty,Float,label,Total Quantity
Quotation,total_net_weight,Float,label,Total Net Weight
Quotation,base_total,Currency,label,Total (Company Currency)
Quotation,base_net_total,Currency,label,Net Total (Company Currency)
Quotation,total,Currency,label,Total
Quotation,net_total,Currency,label,Net Total
Quotation,taxes_section,Section Break,label,Taxes and Charges
Quotation,taxes_section,Section Break,option,fa fa-money
Quotation,tax_category,Link,label,Tax Category
Quotation,taxes_and_charges,Link,label,Sales Taxes and Charges Template
Quotation,shipping_rule,Link,label,Shipping Rule
Quotation,incoterm,Link,label,Incoterm
Quotation,named_place,Data,label,Named Place
Quotation,taxes,Table,label,Sales Taxes and Charges
Quotation,base_total_taxes_and_charges,Currency,label,Total Taxes and Charges (Company Currency)
Quotation,total_taxes_and_charges,Currency,label,Total Taxes and Charges
Quotation,totals,Section Break,label,Totals
Quotation,totals,Section Break,option,fa fa-money
Quotation,base_grand_total,Currency,label,Grand Total (Company Currency)
Quotation,base_rounding_adjustment,Currency,label,Rounding Adjustment (Company Currency)
Quotation,base_rounded_total,Currency,label,Rounded Total (Company Currency)
Quotation,base_in_words,Data,label,In Words (Company Currency)
Quotation,grand_total,Currency,label,Grand Total
Quotation,rounding_adjustment,Currency,label,Rounding Adjustment
Quotation,rounded_total,Currency,label,Rounded Total
Quotation,disable_rounded_total,Check,label,Disable Rounded Total
Quotation,in_words,Data,label,In Words
Quotation,section_break_44,Section Break,label,Additional Discount
Quotation,apply_discount_on,Select,label,Apply Additional Discount On
Quotation,apply_discount_on,Select,option,Grand Total
Quotation,apply_discount_on,Select,option,Net Total
Quotation,base_discount_amount,Currency,label,Additional Discount Amount (Company Currency)
Quotation,coupon_code,Link,label,Coupon Code
Quotation,additional_discount_percentage,Float,label,Additional Discount Percentage
Quotation,discount_amount,Currency,label,Additional Discount Amount
Quotation,referral_sales_partner,Link,label,Referral Sales Partner
Quotation,sec_tax_breakup,Section Break,label,Tax Breakup
Quotation,other_charges_calculation,Text Editor,label,Taxes and Charges Calculation
Quotation,bundle_items_section,Section Break,label,Bundle Items
Quotation,bundle_items_section,Section Break,option,fa fa-suitcase
Quotation,packed_items,Table,label,Bundle Items
Quotation,pricing_rule_details,Section Break,label,Pricing Rules
Quotation,pricing_rules,Table,label,Pricing Rule Detail
Quotation,address_and_contact_tab,Tab Break,label,Address & Contact
Quotation,billing_address_section,Section Break,label,Billing Address
Quotation,billing_address_section,Section Break,option,fa fa-bullhorn
Quotation,customer_address,Link,label,Customer Address
Quotation,address_display,Small Text,label,Address
Quotation,contact_person,Link,label,Contact Person
Quotation,contact_display,Small Text,label,Contact
Quotation,contact_mobile,Small Text,label,Mobile No
Quotation,contact_email,Data,label,Contact Email
Quotation,shipping_address_section,Section Break,label,Shipping Address
Quotation,shipping_address_name,Link,label,Shipping Address
Quotation,shipping_address,Small Text,label,Shipping Address
Quotation,company_address_section,Section Break,label,Company Address
Quotation,company_address,Link,label,Company Address Name
Quotation,company_address_display,Small Text,label,Company Address
Quotation,company_contact_person,Link,label,Company Contact Person
Quotation,terms_tab,Tab Break,label,Terms
Quotation,payment_schedule_section,Section Break,label,Payment Terms
Quotation,payment_terms_template,Link,label,Payment Terms Template
Quotation,payment_schedule,Table,label,Payment Schedule
Quotation,terms_section_break,Section Break,label,Terms and Conditions
Quotation,terms_section_break,Section Break,option,fa fa-legal
Quotation,tc_name,Link,label,Terms
Quotation,terms,Text Editor,label,Term Details
Quotation,more_info_tab,Tab Break,label,More Info
Quotation,subscription_section,Section Break,label,Auto Repeat
Quotation,auto_repeat,Link,label,Auto Repeat
Quotation,update_auto_repeat_reference,Button,label,Update Auto Repeat Reference
Quotation,print_settings,Section Break,label,Print Settings
Quotation,letter_head,Link,label,Letter Head
Quotation,group_same_items,Check,label,Group same items
Quotation,select_print_heading,Link,label,Print Heading
Quotation,language,Data,label,Print Language
Quotation,lost_reasons_section,Section Break,label,Lost Reasons
Quotation,lost_reasons,Table MultiSelect,label,Lost Reasons
Quotation,competitors,Table MultiSelect,label,Competitors
Quotation,order_lost_reason,Small Text,label,Detailed Reason
Quotation,additional_info_section,Section Break,label,Additional Info
Quotation,additional_info_section,Section Break,option,fa fa-file-text
Quotation,status,Select,label,Status
Quotation,status,Select,option,Draft
Quotation,status,Select,option,Open
Quotation,status,Select,option,Replied
Quotation,status,Select,option,Partially Ordered
Quotation,status,Select,option,Ordered
Quotation,status,Select,option,Lost
Quotation,status,Select,option,Cancelled
Quotation,status,Select,option,Expired
Quotation,customer_group,Link,label,Customer Group
Quotation,territory,Link,label,Territory
Quotation,campaign,Link,label,Campaign
Quotation,source,Link,label,Source
Quotation,opportunity,Link,label,Opportunity
Quotation,supplier_quotation,Link,label,Supplier Quotation
Quotation,enq_det,Text,label,Opportunity Item
Quotation,connections_tab,Tab Break,label,Connections
Purchase Order,supplier_section,Section Break,option,fa fa-user
Purchase Order,title,Data,label,Title
Purchase Order,naming_series,Select,label,Series
Purchase Order,naming_series,Select,option,سفارش-خرید-.YYYY.-#####
Purchase Order,naming_series,Select,option,PUR-ORD-.YYYY.-
Purchase Order,supplier,Link,label,Supplier
Purchase Order,supplier_name,Data,label,Supplier Name
Purchase Order,order_confirmation_no,Data,label,Order Confirmation No
Purchase Order,order_confirmation_date,Date,label,Order Confirmation Date
Purchase Order,get_items_from_open_material_requests,Button,label,Get Items from Open Material Requests
Purchase Order,get_items_from_open_material_requests,Button,description,Fetch items based on Default Supplier.
Purchase Order,transaction_date,Date,label,Date
Purchase Order,schedule_date,Date,label,Required By
Purchase Order,company,Link,label,Company
Purchase Order,apply_tds,Check,label,Apply Tax Withholding Amount
Purchase Order,tax_withholding_category,Link,label,Tax Withholding Category
Purchase Order,is_subcontracted,Check,label,Is Subcontracted
Purchase Order,has_unit_price_items,Check,label,Has Unit Price Items
Purchase Order,supplier_warehouse,Link,label,Supplier Warehouse
Purchase Order,amended_from,Link,label,Amended From
Purchase Order,accounting_dimensions_section,Section Break,label,Accounting Dimensions
Purchase Order,cost_center,Link,label,Cost Center
Purchase Order,project,Link,label,Project
Purchase Order,currency_and_price_list,Section Break,label,Currency and Price List
Purchase Order,currency_and_price_list,Section Break,option,fa fa-tag
Purchase Order,currency,Link,label,Currency
Purchase Order,conversion_rate,Float,label,Exchange Rate
Purchase Order,buying_price_list,Link,label,Price List
Purchase Order,price_list_currency,Link,label,Price List Currency
Purchase Order,plc_conversion_rate,Float,label,Price List Exchange Rate
Purchase Order,ignore_pricing_rule,Check,label,Ignore Pricing Rule
Purchase Order,scan_barcode,Data,label,Scan Barcode
Purchase Order,last_scanned_warehouse,Data,label,Last Scanned Warehouse
Purchase Order,set_from_warehouse,Link,label,Set From Warehouse
Purchase Order,set_warehouse,Link,label,Set Target Warehouse
Purchase Order,items_section,Section Break,option,fa fa-shopping-cart
Purchase Order,items,Table,label,Items
Purchase Order,total_qty,Float,label,Total Quantity
Purchase Order,total_net_weight,Float,label,Total Net Weight
Purchase Order,base_total,Currency,label,Total (Company Currency)
Purchase Order,base_net_total,Currency,label,Net Total (Company Currency)
Purchase Order,total,Currency,label,Total
Purchase Order,net_total,Currency,label,Net Total
Purchase Order,tax_withholding_net_total,Currency,label,Tax Withholding Net Total
Purchase Order,base_tax_withholding_net_total,Currency,label,Base Tax Withholding Net Total
Purchase Order,section_break_48,Section Break,label,Pricing Rules
Purchase Order,pricing_rules,Table,label,Purchase Order Pricing Rule
Purchase Order,raw_material_details,Section Break,label,Raw Materials Supplied
Purchase Order,set_reserve_warehouse,Link,label,Set Reserve Warehouse
Purchase Order,supplied_items,Table,label,Supplied Items
Purchase Order,taxes_section,Section Break,label,Taxes and Charges
Purchase Order,taxes_section,Section Break,option,fa fa-money
Purchase Order,tax_category,Link,label,Tax Category
Purchase Order,taxes_and_charges,Link,label,Purchase Taxes and Charges Template
Purchase Order,shipping_rule,Link,label,Shipping Rule
Purchase Order,incoterm,Link,label,Incoterm
Purchase Order,named_place,Data,label,Named Place
Purchase Order,taxes,Table,label,Purchase Taxes and Charges
Purchase Order,totals,Section Break,option,fa fa-money
Purchase Order,base_taxes_and_charges_added,Currency,label,Taxes and Charges Added (Company Currency)
Purchase Order,base_taxes_and_charges_deducted,Currency,label,Taxes and Charges Deducted (Company Currency)
Purchase Order,base_total_taxes_and_charges,Currency,label,Total Taxes and Charges (Company Currency)
Purchase Order,taxes_and_charges_added,Currency,label,Taxes and Charges Added
Purchase Order,taxes_and_charges_deducted,Currency,label,Taxes and Charges Deducted
Purchase Order,total_taxes_and_charges,Currency,label,Total Taxes and Charges
Purchase Order,totals_section,Section Break,label,Totals
Purchase Order,base_grand_total,Currency,label,Grand Total (Company Currency)
Purchase Order,base_rounding_adjustment,Currency,label,Rounding Adjustment (Company Currency)
Purchase Order,base_in_words,Data,label,In Words (Company Currency)
Purchase Order,base_rounded_total,Currency,label,Rounded Total (Company Currency)
Purchase Order,grand_total,Currency,label,Grand Total
Purchase Order,rounding_adjustment,Currency,label,Rounding Adjustment
Purchase Order,rounded_total,Currency,label,Rounded Total
Purchase Order,disable_rounded_total,Check,label,Disable Rounded Total
Purchase Order,in_words,Data,label,In Words
Purchase Order,advance_paid,Currency,label,Advance Paid
Purchase Order,discount_section,Section Break,label,Additional Discount
Purchase Order,apply_discount_on,Select,label,Apply Additional Discount On
Purchase Order,apply_discount_on,Select,option,Grand Total
Purchase Order,apply_discount_on,Select,option,Net Total
Purchase Order,base_discount_amount,Currency,label,Additional Discount Amount (Company Currency)
Purchase Order,additional_discount_percentage,Float,label,Additional Discount Percentage
Purchase Order,discount_amount,Currency,label,Additional Discount Amount
Purchase Order,sec_tax_breakup,Section Break,label,Tax Breakup
Purchase Order,other_charges_calculation,Text Editor,label,Taxes and Charges Calculation
Purchase Order,address_and_contact_tab,Tab Break,label,Address & Contact
Purchase Order,section_addresses,Section Break,label,Supplier Address
Purchase Order,supplier_address,Link,label,Supplier Address
Purchase Order,address_display,Small Text,label,Supplier Address Details
Purchase Order,contact_person,Link,label,Supplier Contact
Purchase Order,contact_display,Small Text,label,Contact Name
Purchase Order,contact_mobile,Small Text,label,Contact Mobile No
Purchase Order,contact_email,Small Text,label,Contact Email
Purchase Order,shipping_address_section,Section Break,label,Shipping Address
Purchase Order,dispatch_address,Link,label,Dispatch Address
Purchase Order,dispatch_address_display,Text Editor,label,Dispatch Address Details
Purchase Order,shipping_address,Link,label,Shipping Address
Purchase Order,shipping_address_display,Small Text,label,Shipping Address Details
Purchase Order,company_billing_address_section,Section Break,label,Company Billing Address
Purchase Order,billing_address,Link,label,Company Billing Address
Purchase Order,billing_address_display,Small Text,label,Billing Address Details
Purchase Order,drop_ship,Tab Break,label,Drop Ship
Purchase Order,customer,Link,label,Customer
Purchase Order,customer_name,Data,label,Customer Name
Purchase Order,customer_contact_person,Link,label,Customer Contact
Purchase Order,customer_contact_display,Small Text,label,Customer Contact
Purchase Order,customer_contact_mobile,Small Text,label,Customer Mobile No
Purchase Order,customer_contact_email,Code,label,Customer Contact Email
Purchase Order,terms_tab,Tab Break,label,Terms
Purchase Order,payment_schedule_section,Section Break,label,Payment Terms
Purchase Order,payment_terms_template,Link,label,Payment Terms Template
Purchase Order,payment_schedule,Table,label,Payment Schedule
Purchase Order,terms_section_break,Section Break,label,Terms & Conditions
Purchase Order,terms_section_break,Section Break,option,fa fa-legal
Purchase Order,tc_name,Link,label,Terms
Purchase Order,terms,Text Editor,label,Terms and Conditions
Purchase Order,more_info_tab,Tab Break,label,More Info
Purchase Order,tracking_section,Section Break,label,Order Status
Purchase Order,status,Select,label,Status
Purchase Order,status,Select,option,Draft
Purchase Order,status,Select,option,On Hold
Purchase Order,status,Select,option,To Receive and Bill
Purchase Order,status,Select,option,To Bill
Purchase Order,status,Select,option,To Receive
Purchase Order,status,Select,option,Completed
Purchase Order,status,Select,option,Cancelled
Purchase Order,status,Select,option,Closed
Purchase Order,status,Select,option,Delivered
Purchase Order,per_billed,Percent,label,% Billed
Purchase Order,per_received,Percent,label,% Received
Purchase Order,column_break5,Section Break,label,Printing Settings
Purchase Order,letter_head,Link,label,Letter Head
Purchase Order,group_same_items,Check,label,Group same items
Purchase Order,select_print_heading,Link,label,Print Heading
Purchase Order,language,Data,label,Print Language
Purchase Order,subscription_section,Section Break,label,Auto Repeat
Purchase Order,from_date,Date,label,From Date
Purchase Order,to_date,Date,label,To Date
Purchase Order,auto_repeat,Link,label,Auto Repeat
Purchase Order,update_auto_repeat_reference,Button,label,Update Auto Repeat Reference
Purchase Order,additional_info_section,Section Break,label,Additional Info
Purchase Order,is_internal_supplier,Check,label,Is Internal Supplier
Purchase Order,represents_company,Link,label,Represents Company
Purchase Order,ref_sq,Link,label,Supplier Quotation
Purchase Order,party_account_currency,Link,label,Party Account Currency
Purchase Order,inter_company_order_reference,Link,label,Inter Company Order Reference
Purchase Order,is_old_subcontracting_flow,Check,label,Is Old Subcontracting Flow
Purchase Order,connections_tab,Tab Break,label,Connections
Material Request,type_section,Section Break,option,fa fa-pushpin
Material Request,naming_series,Select,label,Series
Material Request,naming_series,Select,option,درخواست-کالا-.YYYY.-#####
Material Request,naming_series,Select,option,MAT-MR-.YYYY.-
Material Request,title,Data,label,Title
Material Request,material_request_type,Select,label,Purpose
Material Request,material_request_type,Select,option,Purchase
Material Request,material_request_type,Select,option,Material Transfer
Material Request,material_request_type,Select,option,Material Issue
Material Request,material_request_type,Select,option,Manufacture
Material Request,material_request_type,Select,option,Customer Provided
Material Request,customer,Link,label,Customer
Material Request,company,Link,label,Company
Material Request,transaction_date,Date,label,Transaction Date
Material Request,schedule_date,Date,label,Required By
Material Request,buying_price_list,Link,label,Price List
Material Request,amended_from,Link,label,Amended From
Material Request,warehouse_section,Section Break,label,Items
Material Request,scan_barcode,Data,label,Scan Barcode
Material Request,last_scanned_warehouse,Data,label,Last Scanned Warehouse
Material Request,set_from_warehouse,Link,label,Set Source Warehouse
Material Request,set_warehouse,Link,label,Set Target Warehouse
Material Request,items_section,Section Break,option,fa fa-shopping-cart
Material Request,items,Table,label,Items
Material Request,terms_tab,Tab Break,label,Terms
Material Request,terms_section_break,Section Break,option,fa fa-legal
Material Request,tc_name,Link,label,Terms
Material Request,terms,Text Editor,label,Terms and Conditions Content
Material Request,more_info_tab,Tab Break,label,More Info
Material Request,status_section,Section Break,label,Status
Material Request,status_section,Section Break,option,fa fa-file-text
Material Request,status,Select,label,Status
Material Request,status,Select,option,Draft
Material Request,status,Select,option,Submitted
Material Request,status,Select,option,Stopped
Material Request,status,Select,option,Cancelled
Material Request,status,Select,option,Pending
Material Request,status,Select,option,Partially Ordered
Material Request,status,Select,option,Partially Received
Material Request,status,Select,option,Ordered
Material Request,status,Select,option,Issued
Material Request,status,Select,option,Transferred
Material Request,status,Select,option,Received
Material Request,per_ordered,Percent,label,% Ordered
Material Request,transfer_status,Select,label,Transfer Status
Material Request,transfer_status,Select,option,Not Started
Material Request,transfer_status,Select,option,In Transit
Material Request,transfer_status,Select,option,Completed
Material Request,per_received,Percent,label,% Received
Material Request,printing_details,Section Break,label,Printing Details
Material Request,letter_head,Link,label,Letter Head
Material Request,select_print_heading,Link,label,Print Heading
Material Request,reference,Section Break,label,Reference
Material Request,job_card,Link,label,Job Card
Material Request,work_order,Link,label,Work Order
Material Request,connections_tab,Tab Break,label,Connections
Tax Withholding Category,category_details_section,Section Break,label,Category Details
Tax Withholding Category,category_name,Data,label,Category Name
Tax Withholding Category,round_off_tax_amount,Check,label,Round Off Tax Amount
Tax Withholding Category,round_off_tax_amount,Check,description,Checking this will round off the tax amount to the nearest integer
Tax Withholding Category,consider_party_ledger_amount,Check,label,Consider Entire Party Ledger Amount
Tax Withholding Category,consider_party_ledger_amount,Check,description,Only payment entries with apply tax withholding unchecked will be considered for checking cumulative threshold breach
Tax Withholding Category,tax_on_excess_amount,Check,label,Only Deduct Tax On Excess Amount
Tax Withholding Category,tax_on_excess_amount,Check,description,Tax will be withheld only for amount exceeding the cumulative threshold
Tax Withholding Category,section_break_8,Section Break,label,Tax Withholding Rates
Tax Withholding Category,rates,Table,label,Rates
Tax Withholding Category,section_break_7,Section Break,label,Account Details
Tax Withholding Category,accounts,Table,label,Accounts
Asset Repair,asset,Link,label,Asset
Asset Repair,company,Link,label,Company
Asset Repair,asset_name,Read Only,label,Asset Name
Asset Repair,naming_series,Select,label,Series
Asset Repair,naming_series,Select,option,ACC-ASR-.YYYY.-
Asset Repair,section_break_5,Section Break,label,Repair Details
Asset Repair,failure_date,Datetime,label,Failure Date
Asset Repair,repair_status,Select,label,Repair Status
Asset Repair,repair_status,Select,option,Pending
Asset Repair,repair_status,Select,option,Completed
Asset Repair,repair_status,Select,option,Cancelled
Asset Repair,completion_date,Datetime,label,Completion Date
Asset Repair,accounting_dimensions_section,Section Break,label,Accounting Dimensions
Asset Repair,cost_center,Link,label,Cost Center
Asset Repair,project,Link,label,Project
Asset Repair,accounting_details,Section Break,label,Accounting Details
Asset Repair,purchase_invoice,Link,label,Purchase Invoice
Asset Repair,capitalize_repair_cost,Check,label,Capitalize Repair Cost
Asset Repair,stock_consumption,Check,label,Stock Consumed During Repair
Asset Repair,repair_cost,Currency,label,Repair Cost
Asset Repair,stock_consumption_details_section,Section Break,label,Stock Consumption Details
Asset Repair,stock_items,Table,label,Stock Items
Asset Repair,total_repair_cost,Currency,label,Total Repair Cost
Asset Repair,total_repair_cost,Currency,description,Sum of Repair Cost and Value of Consumed Stock Items.
Asset Repair,asset_depreciation_details_section,Section Break,label,Asset Depreciation Details
Asset Repair,increase_in_asset_life,Int,label,Increase In Asset Life(Months)
Asset Repair,section_break_9,Section Break,label,Description
Asset Repair,description,Long Text,label,Error Description
Asset Repair,actions_performed,Long Text,label,Actions performed
Asset Repair,downtime,Data,label,Downtime
Asset Repair,amended_from,Link,label,Amended From
Advance Payment Ledger Entry,company,Link,label,Company
Advance Payment Ledger Entry,voucher_type,Link,label,Voucher Type
Advance Payment Ledger Entry,voucher_no,Dynamic Link,label,Voucher No
Advance Payment Ledger Entry,against_voucher_type,Link,label,Against Voucher Type
Advance Payment Ledger Entry,against_voucher_no,Dynamic Link,label,Against Voucher No
Advance Payment Ledger Entry,amount,Currency,label,Amount
Advance Payment Ledger Entry,currency,Link,label,Currency
Advance Payment Ledger Entry,event,Data,label,Event
Advance Payment Ledger Entry,delinked,Check,label,DeLinked
Job Offer,job_applicant,Link,label,Job Applicant
Job Offer,applicant_name,Data,label,Applicant Name
Job Offer,applicant_email,Data,label,Applicant Email Address
Job Offer,status,Select,label,Status
Job Offer,status,Select,option,Awaiting Response
Job Offer,status,Select,option,Accepted
Job Offer,status,Select,option,Rejected
Job Offer,offer_date,Date,label,Offer Date
Job Offer,designation,Link,label,Designation
Job Offer,company,Link,label,Company
Job Offer,job_offer_term_template,Link,label,Job Offer Term Template
Job Offer,offer_terms,Table,label,Job Offer Terms
Job Offer,select_terms,Link,label,Select Terms and Conditions
Job Offer,terms,Text Editor,label,Terms and Conditions
Job Offer,printing_details,Section Break,label,Printing Details
Job Offer,letter_head,Link,label,Letter Head
Job Offer,select_print_heading,Link,label,Print Heading
Job Offer,amended_from,Link,label,Amended From
Sales Order,customer_section,Section Break,option,fa fa-user
Sales Order,title,Data,label,Title
Sales Order,naming_series,Select,label,Series
Sales Order,naming_series,Select,option,سفارش-فروش-.YYYY.-#####
Sales Order,naming_series,Select,option,SAL-ORD-.YYYY.-
Sales Order,customer,Link,label,Customer
Sales Order,customer_name,Data,label,Customer Name
Sales Order,tax_id,Data,label,Tax Id
Sales Order,order_type,Select,label,Order Type
Sales Order,order_type,Select,option,Sales
Sales Order,order_type,Select,option,Maintenance
Sales Order,order_type,Select,option,Shopping Cart
Sales Order,transaction_date,Date,label,Date
Sales Order,delivery_date,Date,label,Delivery Date
Sales Order,po_no,Data,label,Customer's Purchase Order
Sales Order,po_date,Date,label,Customer's Purchase Order Date
Sales Order,company,Link,label,Company
Sales Order,skip_delivery_note,Check,label,Skip Delivery Note
Sales Order,has_unit_price_items,Check,label,Has Unit Price Items
Sales Order,amended_from,Link,label,Amended From
Sales Order,accounting_dimensions_section,Section Break,label,Accounting Dimensions
Sales Order,cost_center,Link,label,Cost Center
Sales Order,project,Link,label,Project
Sales Order,currency_and_price_list,Section Break,label,Currency and Price List
Sales Order,currency_and_price_list,Section Break,option,fa fa-tag
Sales Order,currency,Link,label,Currency
Sales Order,conversion_rate,Float,label,Exchange Rate
Sales Order,conversion_rate,Float,description,Rate at which customer's currency is converted to company's base currency
Sales Order,selling_price_list,Link,label,Price List
Sales Order,price_list_currency,Link,label,Price List Currency
Sales Order,plc_conversion_rate,Float,label,Price List Exchange Rate
Sales Order,plc_conversion_rate,Float,description,Rate at which Price list currency is converted to company's base currency
Sales Order,ignore_pricing_rule,Check,label,Ignore Pricing Rule
Sales Order,sec_warehouse,Section Break,label,Items
Sales Order,scan_barcode,Data,label,Scan Barcode
Sales Order,last_scanned_warehouse,Data,label,Last Scanned Warehouse
Sales Order,set_warehouse,Link,label,Set Source Warehouse
Sales Order,reserve_stock,Check,label,Reserve Stock
Sales Order,reserve_stock,Check,description,"If checked, Stock will be reserved on <b>Submit</b>"
Sales Order,items_section,Section Break,option,fa fa-shopping-cart
Sales Order,items,Table,label,Items
Sales Order,total_qty,Float,label,Total Quantity
Sales Order,total_net_weight,Float,label,Total Net Weight
Sales Order,base_total,Currency,label,Total (Company Currency)
Sales Order,base_net_total,Currency,label,Net Total (Company Currency)
Sales Order,total,Currency,label,Total
Sales Order,net_total,Currency,label,Net Total
Sales Order,taxes_section,Section Break,label,Taxes
Sales Order,taxes_section,Section Break,option,fa fa-money
Sales Order,tax_category,Link,label,Tax Category
Sales Order,taxes_and_charges,Link,label,Sales Taxes and Charges Template
Sales Order,shipping_rule,Link,label,Shipping Rule
Sales Order,incoterm,Link,label,Incoterm
Sales Order,named_place,Data,label,Named Place
Sales Order,taxes,Table,label,Sales Taxes and Charges
Sales Order,base_total_taxes_and_charges,Currency,label,Total Taxes and Charges (Company Currency)
Sales Order,total_taxes_and_charges,Currency,label,Total Taxes and Charges
Sales Order,totals,Section Break,label,Totals
Sales Order,totals,Section Break,option,fa fa-money
Sales Order,base_grand_total,Currency,label,Grand Total (Company Currency)
Sales Order,base_rounding_adjustment,Currency,label,Rounding Adjustment (Company Currency)
Sales Order,base_rounded_total,Currency,label,Rounded Total (Company Currency)
Sales Order,base_in_words,Data,label,In Words (Company Currency)
Sales Order,base_in_words,Data,description,In Words will be visible once you save the Sales Order.
Sales Order,grand_total,Currency,label,Grand Total
Sales Order,rounding_adjustment,Currency,label,Rounding Adjustment
Sales Order,rounded_total,Currency,label,Rounded Total
Sales Order,in_words,Data,label,In Words
Sales Order,advance_paid,Currency,label,Advance Paid
Sales Order,disable_rounded_total,Check,label,Disable Rounded Total
Sales Order,section_break_48,Section Break,label,Additional Discount
Sales Order,apply_discount_on,Select,label,Apply Additional Discount On
Sales Order,apply_discount_on,Select,option,Grand Total
Sales Order,apply_discount_on,Select,option,Net Total
Sales Order,base_discount_amount,Currency,label,Additional Discount Amount (Company Currency)
Sales Order,coupon_code,Link,label,Coupon Code
Sales Order,additional_discount_percentage,Float,label,Additional Discount Percentage
Sales Order,discount_amount,Currency,label,Additional Discount Amount
Sales Order,sec_tax_breakup,Section Break,label,Tax Breakup
Sales Order,other_charges_calculation,Text Editor,label,Taxes and Charges Calculation
Sales Order,packing_list,Section Break,label,Packing List
Sales Order,packing_list,Section Break,option,fa fa-suitcase
Sales Order,packed_items,Table,label,Packed Items
Sales Order,pricing_rule_details,Section Break,label,Pricing Rules
Sales Order,pricing_rules,Table,label,Pricing Rule Detail
Sales Order,contact_info,Tab Break,label,Address & Contact
Sales Order,contact_info,Tab Break,option,fa fa-bullhorn
Sales Order,billing_address_column,Section Break,label,Billing Address
Sales Order,customer_address,Link,label,Customer Address
Sales Order,address_display,Small Text,label,Address
Sales Order,customer_group,Link,label,Customer Group
Sales Order,territory,Link,label,Territory
Sales Order,contact_person,Link,label,Contact Person
Sales Order,contact_display,Small Text,label,Contact
Sales Order,contact_phone,Data,label,Phone
Sales Order,contact_mobile,Small Text,label,Mobile No
Sales Order,contact_email,Data,label,Contact Email
Sales Order,shipping_address_column,Section Break,label,Shipping Address
Sales Order,shipping_address_name,Link,label,Shipping Address Name
Sales Order,shipping_address,Small Text,label,Shipping Address
Sales Order,dispatch_address_name,Link,label,Dispatch Address Name
Sales Order,dispatch_address,Small Text,label,Dispatch Address
Sales Order,col_break46,Section Break,label,Company Address
Sales Order,company_address,Link,label,Company Address Name
Sales Order,company_address_display,Small Text,label,Company Address
Sales Order,company_contact_person,Link,label,Company Contact Person
Sales Order,payment_schedule_section,Tab Break,label,Terms
Sales Order,payment_terms_section,Section Break,label,Payment Terms
Sales Order,payment_terms_template,Link,label,Payment Terms Template
Sales Order,payment_schedule,Table,label,Payment Schedule
Sales Order,terms_section_break,Section Break,label,Terms & Conditions
Sales Order,terms_section_break,Section Break,option,fa fa-legal
Sales Order,tc_name,Link,label,Terms
Sales Order,terms,Text Editor,label,Terms and Conditions Details
Sales Order,more_info,Tab Break,label,More Info
Sales Order,more_info,Tab Break,option,fa fa-file-text
Sales Order,section_break_78,Section Break,label,Status
Sales Order,status,Select,label,Status
Sales Order,status,Select,option,Draft
Sales Order,status,Select,option,On Hold
Sales Order,status,Select,option,To Deliver and Bill
Sales Order,status,Select,option,To Bill
Sales Order,status,Select,option,To Deliver
Sales Order,status,Select,option,Completed
Sales Order,status,Select,option,Cancelled
Sales Order,status,Select,option,Closed
Sales Order,delivery_status,Select,label,Delivery Status
Sales Order,delivery_status,Select,option,Not Delivered
Sales Order,delivery_status,Select,option,Fully Delivered
Sales Order,delivery_status,Select,option,Partly Delivered
Sales Order,delivery_status,Select,option,Closed
Sales Order,delivery_status,Select,option,Not Applicable
Sales Order,per_delivered,Percent,label,%  Delivered
Sales Order,per_delivered,Percent,description,% of materials delivered against this Sales Order
Sales Order,per_billed,Percent,label,% Amount Billed
Sales Order,per_billed,Percent,description,% of materials billed against this Sales Order
Sales Order,per_picked,Percent,label,% Picked
Sales Order,billing_status,Select,label,Billing Status
Sales Order,billing_status,Select,option,Not Billed
Sales Order,billing_status,Select,option,Fully Billed
Sales Order,billing_status,Select,option,Partly Billed
Sales Order,billing_status,Select,option,Closed
Sales Order,sales_team_section_break,Section Break,label,Commission
Sales Order,sales_team_section_break,Section Break,option,fa fa-group
Sales Order,sales_partner,Link,label,Sales Partner
Sales Order,amount_eligible_for_commission,Currency,label,Amount Eligible for Commission
Sales Order,commission_rate,Float,label,Commission Rate
Sales Order,total_commission,Currency,label,Total Commission
Sales Order,section_break1,Section Break,label,Sales Team
Sales Order,sales_team,Table,label,Sales Team
Sales Order,loyalty_points_redemption,Section Break,label,Loyalty Points
Sales Order,loyalty_points,Int,label,Loyalty Points
Sales Order,loyalty_amount,Currency,label,Loyalty Amount
Sales Order,subscription_section,Section Break,label,Auto Repeat
Sales Order,from_date,Date,label,From Date
Sales Order,to_date,Date,label,To Date
Sales Order,auto_repeat,Link,label,Auto Repeat
Sales Order,update_auto_repeat_reference,Button,label,Update Auto Repeat Reference
Sales Order,printing_details,Section Break,label,Print Settings
Sales Order,letter_head,Link,label,Letter Head
Sales Order,group_same_items,Check,label,Group same items
Sales Order,select_print_heading,Link,label,Print Heading
Sales Order,language,Data,label,Print Language
Sales Order,additional_info_section,Section Break,label,Additional Info
Sales Order,is_internal_customer,Check,label,Is Internal Customer
Sales Order,represents_company,Link,label,Represents Company
Sales Order,source,Link,label,Source
Sales Order,inter_company_order_reference,Link,label,Inter Company Order Reference
Sales Order,campaign,Link,label,Campaign
Sales Order,party_account_currency,Link,label,Party Account Currency
Sales Order,connections_tab,Tab Break,label,Connections
HR Settings,employee_settings,Section Break,label,Employee Settings
HR Settings,emp_created_by,Select,label,Employee Naming By
HR Settings,emp_created_by,Select,description,Employee records are created using the selected option
HR Settings,emp_created_by,Select,option,Naming Series
HR Settings,emp_created_by,Select,option,Employee Number
HR Settings,emp_created_by,Select,option,Full Name
HR Settings,standard_working_hours,Float,label,Standard Working Hours
HR Settings,retirement_age,Data,label,Retirement Age (In Years)
HR Settings,reminders_section,Section Break,label,Reminders
HR Settings,send_work_anniversary_reminders,Check,label,Work Anniversaries
HR Settings,send_birthday_reminders,Check,label,Birthdays
HR Settings,send_holiday_reminders,Check,label,Holidays
HR Settings,frequency,Select,label,Set the frequency for holiday reminders
HR Settings,frequency,Select,option,Weekly
HR Settings,frequency,Select,option,Monthly
HR Settings,sender,Link,label,Sender
HR Settings,sender_email,Data,label,Sender Email
HR Settings,leave_and_expense_claim_settings,Section Break,label,Leave and Expense Claim Settings
HR Settings,send_leave_notification,Check,label,Send Leave Notification
HR Settings,leave_approval_notification_template,Link,label,Leave Approval Notification Template
HR Settings,leave_status_notification_template,Link,label,Leave Status Notification Template
HR Settings,leave_approver_mandatory_in_leave_application,Check,label,Leave Approver Mandatory In Leave Application
HR Settings,restrict_backdated_leave_application,Check,label,Restrict Backdated Leave Application
HR Settings,prevent_self_leave_approval,Check,label,Prevent self approval for leaves even if user has permissions
HR Settings,prevent_self_expense_approval,Check,label,Prevent self approval for expense claims even if user has permissions
HR Settings,role_allowed_to_create_backdated_leave_application,Link,label,Role Allowed to Create Backdated Leave Application
HR Settings,expense_approver_mandatory_in_expense_claim,Check,label,Expense Approver Mandatory In Expense Claim
HR Settings,show_leaves_of_all_department_members_in_calendar,Check,label,Show Leaves Of All Department Members In Calendar
HR Settings,auto_leave_encashment,Check,label,Auto Leave Encashment
HR Settings,shift_settings_section,Section Break,label,Shift Settings
HR Settings,allow_multiple_shift_assignments,Check,label,Allow Multiple Shift Assignments for Same Date
HR Settings,hiring_settings_section,Section Break,label,Hiring Settings
HR Settings,check_vacancies,Check,label,Check Vacancies On Job Offer Creation
HR Settings,send_interview_reminder,Check,label,Send Interview Reminder
HR Settings,interview_reminder_template,Link,label,Interview Reminder Notification Template
HR Settings,remind_before,Time,label,Remind Before
HR Settings,send_interview_feedback_reminder,Check,label,Send Interview Feedback Reminder
HR Settings,feedback_reminder_notification_template,Link,label,Feedback Reminder Notification Template
HR Settings,hiring_sender,Link,label,Sender
HR Settings,hiring_sender_email,Data,label,Sender Email
HR Settings,employee_exit_section,Section Break,label,Employee Exit Settings
HR Settings,exit_questionnaire_web_form,Link,label,Exit Questionnaire Web Form
HR Settings,exit_questionnaire_notification_template,Link,label,Exit Questionnaire Notification Template
HR Settings,attendance_settings_section,Section Break,label,Attendance Settings
HR Settings,allow_employee_checkin_from_mobile_app,Check,label,Allow Employee Checkin from Mobile App
HR Settings,allow_geolocation_tracking,Check,label,Allow Geolocation Tracking
HR Settings,unlink_payment_section,Section Break,label,Unlink Payment
HR Settings,unlink_payment_on_cancellation_of_employee_advance,Check,label,Unlink Payment on Cancellation of Employee Advance
User Invitation,email,Data,label,Email
User Invitation,app_name,Select,label,App Name
User Invitation,redirect_to_path,Data,label,Redirect To Path
User Invitation,roles,Table MultiSelect,label,Roles
User Invitation,status,Select,label,Status
User Invitation,status,Select,option,Pending
User Invitation,status,Select,option,Accepted
User Invitation,status,Select,option,Expired
User Invitation,status,Select,option,Cancelled
User Invitation,invited_by,Link,label,Invited By
User Invitation,key,Data,label,Key
User Invitation,user,Link,label,User
User Invitation,email_sent_at,Datetime,label,Email Sent At
User Invitation,accepted_at,Datetime,label,Accepted At
Pick List,naming_series,Select,label,Series
Pick List,naming_series,Select,option,STO-PICK-.YYYY.-
Pick List,company,Link,label,Company
Pick List,purpose,Select,label,Purpose
Pick List,purpose,Select,option,Material Transfer for Manufacture
Pick List,purpose,Select,option,Material Transfer
Pick List,purpose,Select,option,Delivery
Pick List,customer,Link,label,Customer
Pick List,customer_name,Data,label,Customer Name
Pick List,work_order,Link,label,Work Order
Pick List,material_request,Link,label,Material Request
Pick List,for_qty,Float,label,Qty of Finished Goods Item
Pick List,for_qty,Float,description,Qty of raw materials will be decided based on the qty of the Finished Goods Item
Pick List,parent_warehouse,Link,label,Warehouse
Pick List,parent_warehouse,Link,description,Items under this warehouse will be suggested
Pick List,consider_rejected_warehouses,Check,label,Consider Rejected Warehouses
Pick List,consider_rejected_warehouses,Check,description,Enable it if users want to consider rejected materials to dispatch.
Pick List,get_item_locations,Button,label,Get Item Locations
Pick List,pick_manually,Check,label,Pick Manually
Pick List,pick_manually,Check,description,If enabled then system won't override the picked qty / batches / serial numbers / warehouse.
Pick List,ignore_pricing_rule,Check,label,Ignore Pricing Rule
Pick List,ignore_pricing_rule,Check,description,If enabled then system won't apply the pricing rule on the delivery note which will be create from the pick list
Pick List,scan_barcode,Data,label,Scan Barcode
Pick List,scan_mode,Check,label,Scan Mode
Pick List,scan_mode,Check,description,"If checked, picked qty won't automatically be fulfilled on submit of pick list."
Pick List,prompt_qty,Check,label,Prompt Qty
Pick List,locations,Table,label,Item Locations
Pick List,amended_from,Link,label,Amended From
Pick List,print_settings_section,Section Break,label,Print Settings
Pick List,group_same_items,Check,label,Group Same Items
Pick List,status_section,Section Break,label,Status
Pick List,status,Select,label,Status
Pick List,status,Select,option,Draft
Pick List,status,Select,option,Open
Pick List,status,Select,option,Partly Delivered
Pick List,status,Select,option,Completed
Pick List,status,Select,option,Cancelled
Pick List,delivery_status,Select,label,Delivery Status
Pick List,delivery_status,Select,option,Not Delivered
Pick List,delivery_status,Select,option,Fully Delivered
Pick List,delivery_status,Select,option,Partly Delivered
Pick List,per_delivered,Percent,label,% Delivered
Pick List,per_delivered,Percent,description,% of materials delivered against this Pick List
Gratuity Rule,gratuity_details_tab,Section Break,label,Gratuity
Gratuity Rule,disable,Check,label,Disable
Gratuity Rule,calculate_gratuity_amount_based_on,Select,label,Calculate Gratuity Amount Based On
Gratuity Rule,calculate_gratuity_amount_based_on,Select,option,Current Slab
Gratuity Rule,calculate_gratuity_amount_based_on,Select,option,Sum of all previous slabs
Gratuity Rule,total_working_days_per_year,Float,label,Total working Days Per Year
Gratuity Rule,work_experience_calculation_function,Select,label,Work Experience Calculation Method
Gratuity Rule,work_experience_calculation_function,Select,option,Round off Work Experience
Gratuity Rule,work_experience_calculation_function,Select,option,Take Exact Completed Years
Gratuity Rule,work_experience_calculation_function,Select,option,Manual
Gratuity Rule,minimum_year_for_gratuity,Int,label,Minimum Year for Gratuity
Gratuity Rule,applicable_earnings_component,Table MultiSelect,label,Applicable Earnings Component
Gratuity Rule,applicable_earnings_component,Table MultiSelect,description,Salary components should be part of the Salary Structure.
Gratuity Rule,gratuity_rules_section,Section Break,label,Rules
Gratuity Rule,gratuity_rule_slabs,Table,label,Current Work Experience
Gratuity Rule,gratuity_rule_slabs,Table,description,"Set ""From(Year)"" and ""To(Year)"" to 0 for no upper and lower limit."
Customize Form,details_tab,Tab Break,label,Details
Customize Form,doc_type,Link,label,Enter Form Type
Customize Form,label,Data,label,Change Label (via Custom Translation)
Customize Form,search_fields,Data,label,Search Fields
Customize Form,search_fields,Data,description,"Fields separated by comma (,) will be included in the ""Search By"" list of Search dialog box"
Customize Form,link_filters,JSON,label,Link Filters
Customize Form,istable,Check,label,Is Table
Customize Form,is_calendar_and_gantt,Check,label,Is Calendar and Gantt
Customize Form,is_calendar_and_gantt,Check,description,Enables Calendar and Gantt views.
Customize Form,editable_grid,Check,label,Editable Grid
Customize Form,quick_entry,Check,label,Quick Entry
Customize Form,track_changes,Check,label,Track Changes
Customize Form,track_views,Check,label,Track Views
Customize Form,allow_auto_repeat,Check,label,Allow Auto Repeat
Customize Form,allow_import,Check,label,Allow Import (via Data Import Tool)
Customize Form,queue_in_background,Check,label,Queue in Background (BETA)
Customize Form,queue_in_background,Check,description,Enabling this will submit documents in background
Customize Form,naming_section,Section Break,label,Naming
Customize Form,naming_rule,Select,label,Naming Rule
Customize Form,naming_rule,Select,option,Set by user
Customize Form,naming_rule,Select,option,By fieldname
Customize Form,naming_rule,Select,option,"By ""Naming Series"" field"
Customize Form,naming_rule,Select,option,Expression
Customize Form,naming_rule,Select,option,Expression (old style)
Customize Form,naming_rule,Select,option,Random
Customize Form,naming_rule,Select,option,By script
Customize Form,autoname,Data,label,Auto Name
Customize Form,autoname,Data,description,"Naming Options:
<ol><li><b>field:[fieldname]</b> - By Field</li><li><b>naming_series:</b> - By Naming Series (field called naming_series must be present)</li><li><b>Prompt</b> - Prompt user for a name</li><li><b>[series]</b> - Series by prefix (separated by a dot); for example PRE.#####</li>
<li><b>format:EXAMPLE-{MM}morewords{fieldname1}-{fieldname2}-{#####}</b> - Replace all braced words (fieldnames, date words (DD, MM, YY), series) with their value. Outside braces, any characters can be used.</li></ol>"
Customize Form,form_settings_section,Section Break,label,Form Settings
Customize Form,image_field,Data,label,Image Field
Customize Form,image_field,Data,description,"Must be of type ""Attach Image"""
Customize Form,max_attachments,Int,label,Max Attachments
Customize Form,allow_copy,Check,label,Hide Copy
Customize Form,make_attachments_public,Check,label,Make Attachments Public by Default
Customize Form,protect_attached_files,Check,label,Protect Attached Files
Customize Form,protect_attached_files,Check,description,Users are only able to delete attached files if the document is either in draft or if the document is canceled and they are also able to delete the document.
Customize Form,view_settings_section,Section Break,label,View Settings
Customize Form,title_field,Data,label,Title Field
Customize Form,title_field,Data,description,Use this fieldname to generate title
Customize Form,show_title_field_in_link,Check,label,Show Title in Link Fields
Customize Form,translated_doctype,Check,label,Translate Link Fields
Customize Form,default_print_format,Link,label,Default Print Format
Customize Form,default_view,Select,label,Default View
Customize Form,force_re_route_to_default_view,Check,label,Force Re-route to Default View
Customize Form,show_preview_popup,Check,label,Show Preview Popup
Customize Form,email_settings_section,Section Break,label,Email Settings
Customize Form,default_email_template,Link,label,Default Email Template
Customize Form,email_append_to,Check,label,Allow document creation via Email
Customize Form,sender_field,Data,label,Sender Email Field
Customize Form,sender_name_field,Data,label,Sender Name Field
Customize Form,recipient_account_field,Data,label,Recipient Account Field
Customize Form,subject_field,Data,label,Subject Field
Customize Form,section_break_8,Section Break,label,List Settings
Customize Form,sort_field,Select,label,Sort Field
Customize Form,sort_order,Select,label,Sort Order
Customize Form,sort_order,Select,option,ASC
Customize Form,sort_order,Select,option,DESC
Customize Form,document_actions_section,Section Break,label,Document Actions
Customize Form,actions,Table,label,Actions
Customize Form,document_links_section,Section Break,label,Document Links
Customize Form,links,Table,label,Links
Customize Form,document_states_section,Section Break,label,Document States
Customize Form,states,Table,label,States
Customize Form,fields_section_break,Section Break,label,Fields
Customize Form,fields,Table,label,Fields
Customize Form,form_tab,Tab Break,label,Form
Customize Form,form_builder,HTML,label,Form Builder
DocType,,DocType,doctype_description,DocType is a Table / Form in the application.
DocType,form_builder_tab,Tab Break,label,Form
DocType,form_builder,HTML,label,Form Builder
DocType,settings_tab,Tab Break,label,Settings
DocType,module,Link,label,Module
DocType,is_submittable,Check,label,Is Submittable
DocType,is_submittable,Check,description,"Once submitted, submittable documents cannot be changed. They can only be Cancelled and Amended."
DocType,istable,Check,label,Is Child Table
DocType,istable,Check,description,Child Tables are shown as a Grid in other DocTypes
DocType,issingle,Check,label,Is Single
DocType,issingle,Check,description,Single Types have only one record no tables associated. Values are stored in tabSingles
DocType,is_tree,Check,label,Is Tree
DocType,is_tree,Check,description,Tree structures are implemented using Nested Set
DocType,is_calendar_and_gantt,Check,label,Is Calendar and Gantt
DocType,is_calendar_and_gantt,Check,description,Enables Calendar and Gantt views.
DocType,editable_grid,Check,label,Editable Grid
DocType,quick_entry,Check,label,Quick Entry
DocType,quick_entry,Check,description,Open a dialog with mandatory fields to create a new record quickly
DocType,grid_page_length,Int,label,Grid Page Length
DocType,track_changes,Check,label,Track Changes
DocType,track_changes,Check,description,"If enabled, changes to the document are tracked and shown in timeline"
DocType,track_seen,Check,label,Track Seen
DocType,track_seen,Check,description,"If enabled, the document is marked as seen, the first time a user opens it"
DocType,track_views,Check,label,Track Views
DocType,track_views,Check,description,"If enabled, document views are tracked, this can happen multiple times"
DocType,custom,Check,label,Custom?
DocType,beta,Check,label,Beta
DocType,is_virtual,Check,label,Is Virtual
DocType,queue_in_background,Check,label,Queue in Background (BETA)
DocType,queue_in_background,Check,description,Enabling this will submit documents in background
DocType,sb1,Section Break,label,Naming
DocType,naming_rule,Select,label,Naming Rule
DocType,naming_rule,Select,option,Set by user
DocType,naming_rule,Select,option,Autoincrement
DocType,naming_rule,Select,option,By fieldname
DocType,naming_rule,Select,option,"By ""Naming Series"" field"
DocType,naming_rule,Select,option,Expression
DocType,naming_rule,Select,option,Expression (old style)
DocType,naming_rule,Select,option,Random
DocType,naming_rule,Select,option,By script
DocType,autoname,Data,label,Auto Name
DocType,autoname,Data,description,"Naming Options:
<ol><li><b>field:[fieldname]</b> - By Field</li><li><b>autoincrement</b> - Uses Databases' Auto Increment feature</li><li><b>naming_series:</b> - By Naming Series (field called naming_series must be present)</li><li><b>Prompt</b> - Prompt user for a name</li><li><b>[series]</b> - Series by prefix (separated by a dot); for example PRE.#####</li>
<li><b>format:EXAMPLE-{MM}morewords{fieldname1}-{fieldname2}-{#####}</b> - Replace all braced words (fieldnames, date words (DD, MM, YY), series) with their value. Outside braces, any characters can be used.</li></ol>"
DocType,allow_rename,Check,label,Allow Rename
DocType,description,Small Text,label,Description
DocType,documentation,Data,label,Documentation Link
DocType,documentation,Data,description,URL for documentation or help
DocType,form_settings_section,Section Break,label,Form Settings
DocType,image_field,Data,label,Image Field
DocType,image_field,Data,description,"Must be of type ""Attach Image"""
DocType,timeline_field,Data,label,Timeline Field
DocType,timeline_field,Data,description,Comments and Communications will be associated with this linked document
DocType,nsm_parent_field,Data,label,Parent Field (Tree)
DocType,max_attachments,Int,label,Max Attachments
DocType,hide_toolbar,Check,label,"Hide Sidebar, Menu, and Comments"
DocType,allow_copy,Check,label,Hide Copy
DocType,allow_import,Check,label,Allow Import (via Data Import Tool)
DocType,allow_events_in_timeline,Check,label,Allow events in timeline
DocType,allow_auto_repeat,Check,label,Allow Auto Repeat
DocType,make_attachments_public,Check,label,Make Attachments Public by Default
DocType,view_settings,Section Break,label,View Settings
DocType,title_field,Data,label,Title Field
DocType,show_title_field_in_link,Check,label,Show Title in Link Fields
DocType,translated_doctype,Check,label,Translate Link Fields
DocType,search_fields,Data,label,Search Fields
DocType,default_print_format,Data,label,Default Print Format
DocType,sort_field,Data,label,Default Sort Field
DocType,sort_order,Select,label,Default Sort Order
DocType,sort_order,Select,option,ASC
DocType,sort_order,Select,option,DESC
DocType,default_view,Select,label,Default View
DocType,force_re_route_to_default_view,Check,label,Force Re-route to Default View
DocType,document_type,Select,label,Show in Module Section
DocType,document_type,Select,option,Document
DocType,document_type,Select,option,Setup
DocType,document_type,Select,option,System
DocType,document_type,Select,option,Other
DocType,icon,Data,label,Icon
DocType,color,Data,label,Color
DocType,show_preview_popup,Check,label,Show Preview Popup
DocType,show_name_in_global_search,Check,label,"Make ""name"" searchable in Global Search"
DocType,email_settings_sb,Section Break,label,Email Settings
DocType,default_email_template,Link,label,Default Email Template
DocType,email_append_to,Check,label,Allow document creation via Email
DocType,sender_field,Data,label,Sender Email Field
DocType,sender_name_field,Data,label,Sender Name Field
DocType,recipient_account_field,Data,label,Recipient Account Field
DocType,subject_field,Data,label,Subject Field
DocType,sb2,Section Break,label,Permission Rules
DocType,permissions,Table,label,Permissions
DocType,restrict_to_domain,Link,label,Restrict To Domain
DocType,read_only,Check,label,User Cannot Search
DocType,in_create,Check,label,User Cannot Create
DocType,protect_attached_files,Check,label,Protect Attached Files
DocType,protect_attached_files,Check,description,Users are only able to delete attached files if the document is either in draft or if the document is canceled and they are also able to delete the document.
DocType,actions_section,Section Break,label,Actions
DocType,actions,Table,label,Actions
DocType,links_section,Section Break,label,Linked Documents
DocType,links,Table,label,Links
DocType,document_states_section,Section Break,label,Document States
DocType,states,Table,label,States
DocType,web_view,Section Break,label,Web View
DocType,has_web_view,Check,label,Has Web View
DocType,allow_guest_to_view,Check,label,Allow Guest to View
DocType,index_web_pages_for_search,Check,label,Index Web Pages for Search
DocType,route,Data,label,Route
DocType,is_published_field,Data,label,Is Published Field
DocType,website_search_field,Data,label,Website Search Field
DocType,advanced,Section Break,label,Advanced
DocType,engine,Select,label,Database Engine
DocType,engine,Select,option,InnoDB
DocType,engine,Select,option,MyISAM
DocType,fields_section,Section Break,label,Fields
DocType,fields,Table,label,Fields
DocType,row_format,Select,label,Row Format
DocType,row_format,Select,option,Dynamic
DocType,row_format,Select,option,Compressed
DocType,connections_tab,Tab Break,label,Connections
DocType,rows_threshold_for_grid_search,Int,label,Rows Threshold for Grid Search
Accounts Settings,invoice_and_billing_tab,Tab Break,label,Invoice and Billing
Accounts Settings,enable_features_section,Section Break,label,Invoice Cancellation
Accounts Settings,unlink_payment_on_cancellation_of_invoice,Check,label,Unlink Payment on Cancellation of Invoice
Accounts Settings,unlink_advance_payment_on_cancelation_of_order,Check,label,Unlink Advance Payment on Cancellation of Order
Accounts Settings,delete_linked_ledger_entries,Check,label,Delete Accounting and Stock Ledger Entries on deletion of Transaction
Accounts Settings,enable_immutable_ledger,Check,label,Enable Immutable Ledger
Accounts Settings,enable_immutable_ledger,Check,description,On enabling this cancellation entries will be posted on the actual cancellation date and reports will consider cancelled entries as well
Accounts Settings,invoicing_features_section,Section Break,label,Invoicing Features
Accounts Settings,check_supplier_invoice_uniqueness,Check,label,Check Supplier Invoice Number Uniqueness
Accounts Settings,check_supplier_invoice_uniqueness,Check,description,Enabling this ensures each Purchase Invoice has a unique value in Supplier Invoice No. field within a particular fiscal year
Accounts Settings,automatically_fetch_payment_terms,Check,label,Automatically Fetch Payment Terms from Order
Accounts Settings,automatically_fetch_payment_terms,Check,description,Payment Terms from orders will be fetched into the invoices as is
Accounts Settings,enable_common_party_accounting,Check,label,Enable Common Party Accounting
Accounts Settings,enable_common_party_accounting,Check,description,"Learn about <a href=""https://docs.erpnext.com/docs/v13/user/manual/en/accounts/articles/common_party_accounting#:~:text=Common%20Party%20Accounting%20in%20ERPNext,Invoice%20against%20a%20primary%20Supplier."">Common Party</a>"
Accounts Settings,allow_multi_currency_invoices_against_single_party_account,Check,label,Allow multi-currency invoices against single party account
Accounts Settings,allow_multi_currency_invoices_against_single_party_account,Check,description,Enabling this will allow creation of multi-currency invoices against single party account in company currency
Accounts Settings,journals_section,Section Break,label,Journals
Accounts Settings,merge_similar_account_heads,Check,label,Merge Similar Account Heads
Accounts Settings,merge_similar_account_heads,Check,description,Rows with Same Account heads will be merged on Ledger
Accounts Settings,deferred_accounting_settings_section,Section Break,label,Deferred Accounting Settings
Accounts Settings,book_deferred_entries_based_on,Select,label,Book Deferred Entries Based On
Accounts Settings,book_deferred_entries_based_on,Select,description,"If ""Months"" is selected, a fixed amount will be booked as deferred revenue or expense for each month irrespective of the number of days in a month. It will be prorated if deferred revenue or expense is not booked for an entire month"
Accounts Settings,book_deferred_entries_based_on,Select,option,Days
Accounts Settings,book_deferred_entries_based_on,Select,option,Months
Accounts Settings,automatically_process_deferred_accounting_entry,Check,label,Automatically Process Deferred Accounting Entry
Accounts Settings,book_deferred_entries_via_journal_entry,Check,label,Book Deferred Entries Via Journal Entry
Accounts Settings,book_deferred_entries_via_journal_entry,Check,description,"If this is unchecked, direct GL entries will be created to book deferred revenue or expense"
Accounts Settings,submit_journal_entries,Check,label,Submit Journal Entries
Accounts Settings,submit_journal_entries,Check,description,If this is unchecked Journal Entries will be saved in a Draft state and will have to be submitted manually
Accounts Settings,tax_settings_section,Section Break,label,Tax Settings
Accounts Settings,determine_address_tax_category_from,Select,label,Determine Address Tax Category From
Accounts Settings,determine_address_tax_category_from,Select,description,Address used to determine Tax Category in transactions
Accounts Settings,determine_address_tax_category_from,Select,option,Billing Address
Accounts Settings,determine_address_tax_category_from,Select,option,Shipping Address
Accounts Settings,add_taxes_from_item_tax_template,Check,label,Automatically Add Taxes and Charges from Item Tax Template
Accounts Settings,add_taxes_from_taxes_and_charges_template,Check,label,Automatically Add Taxes from Taxes and Charges Template
Accounts Settings,add_taxes_from_taxes_and_charges_template,Check,description,"If no taxes are set, and Taxes and Charges Template is selected, the system will automatically apply the taxes from the chosen template."
Accounts Settings,book_tax_discount_loss,Check,label,Book Tax Loss on Early Payment Discount
Accounts Settings,book_tax_discount_loss,Check,description,Split Early Payment Discount Loss into Income and Tax Loss
Accounts Settings,round_row_wise_tax,Check,label,Round Tax Amount Row-wise
Accounts Settings,round_row_wise_tax,Check,description,Tax Amount will be rounded on a row(items) level
Accounts Settings,print_settings,Section Break,label,Print Settings
Accounts Settings,show_inclusive_tax_in_print,Check,label,Show Inclusive Tax in Print
Accounts Settings,show_taxes_as_table_in_print,Check,label,Show Taxes as Table in Print
Accounts Settings,show_payment_schedule_in_print,Check,label,Show Payment Schedule in Print
Accounts Settings,item_price_settings_section,Section Break,label,Item Price Settings
Accounts Settings,maintain_same_internal_transaction_rate,Check,label,Maintain Same Rate Throughout Internal Transaction
Accounts Settings,fetch_valuation_rate_for_internal_transaction,Check,label,Fetch Valuation Rate for Internal Transaction
Accounts Settings,maintain_same_rate_action,Select,label,Action if Same Rate is Not Maintained Throughout  Internal Transaction
Accounts Settings,maintain_same_rate_action,Select,option,Stop
Accounts Settings,maintain_same_rate_action,Select,option,Warn
Accounts Settings,role_to_override_stop_action,Link,label,Role Allowed to Override Stop Action
Accounts Settings,currency_exchange_section,Section Break,label,Currency Exchange Settings
Accounts Settings,allow_stale,Check,label,Allow Stale Exchange Rates
Accounts Settings,allow_pegged_currencies_exchange_rates,Check,label,Allow Implicit Pegged Currency Conversion
Accounts Settings,allow_pegged_currencies_exchange_rates,Check,description,"System will do an implicit conversion using the pegged currency. <br>
Ex: Instead of AED -&gt; INR, system will do AED -&gt; USD -&gt; INR using the pegged exchange rate of AED against USD."
Accounts Settings,stale_days,Int,label,Stale Days
Accounts Settings,section_break_jpd0,Section Break,label,Payment Reconciliation Settings
Accounts Settings,auto_reconcile_payments,Check,label,Auto Reconcile Payments
Accounts Settings,auto_reconciliation_job_trigger,Int,label,Auto Reconciliation Job Trigger
Accounts Settings,auto_reconciliation_job_trigger,Int,description,Interval should be between 1 to 59 MInutes
Accounts Settings,reconciliation_queue_size,Int,label,Reconciliation Queue Size
Accounts Settings,reconciliation_queue_size,Int,description,Documents Processed on each trigger. Queue Size should be between 5 and 100
Accounts Settings,exchange_gain_loss_posting_date,Select,label,Posting Date Inheritance for Exchange Gain / Loss
Accounts Settings,exchange_gain_loss_posting_date,Select,description,Only applies for Normal Payments
Accounts Settings,exchange_gain_loss_posting_date,Select,option,Invoice
Accounts Settings,exchange_gain_loss_posting_date,Select,option,Payment
Accounts Settings,exchange_gain_loss_posting_date,Select,option,Reconciliation Date
Accounts Settings,invoicing_settings_tab,Tab Break,label,Credit Limits
Accounts Settings,accounts_transactions_settings_section,Section Break,label,Credit Limit Settings
Accounts Settings,over_billing_allowance,Currency,label,Over Billing Allowance (%)
Accounts Settings,over_billing_allowance,Currency,description,"The percentage you are allowed to bill more against the amount ordered. For example, if the order value is $100 for an item and tolerance is set as 10%, then you are allowed to bill up to $110"
Accounts Settings,role_allowed_to_over_bill,Link,label,Role Allowed to Over Bill
Accounts Settings,role_allowed_to_over_bill,Link,description,Users with this role are allowed to over bill above the allowance percentage
Accounts Settings,credit_controller,Link,label,Role allowed to bypass Credit Limit
Accounts Settings,make_payment_via_journal_entry,Check,label,Make Payment via Journal Entry
Accounts Settings,pos_tab,Tab Break,label,POS
Accounts Settings,pos_setting_section,Section Break,label,POS Setting
Accounts Settings,post_change_gl_entries,Check,label,Create Ledger Entries for Change Amount
Accounts Settings,post_change_gl_entries,Check,description,"If enabled, ledger entries will be posted for change amount in POS transactions"
Accounts Settings,assets_tab,Tab Break,label,Assets
Accounts Settings,asset_settings_section,Section Break,label,Asset Settings
Accounts Settings,calculate_depr_using_total_days,Check,label,Calculate daily depreciation using total days in depreciation period
Accounts Settings,calculate_depr_using_total_days,Check,description,"Enable this option to calculate daily depreciation by considering the total number of days in the entire depreciation period, (including leap years) while using daily pro-rata based depreciation"
Accounts Settings,book_asset_depreciation_entry_automatically,Check,label,Book Asset Depreciation Entry Automatically
Accounts Settings,closing_settings_tab,Tab Break,label,Accounts Closing
Accounts Settings,period_closing_settings_section,Section Break,label,Period Closing Settings
Accounts Settings,acc_frozen_upto,Date,label,Accounts Frozen Till Date
Accounts Settings,acc_frozen_upto,Date,description,Accounting entries are frozen up to this date. Nobody can create or modify entries except users with the role specified below
Accounts Settings,ignore_account_closing_balance,Check,label,Ignore Account Closing Balance
Accounts Settings,ignore_account_closing_balance,Check,description,Financial reports will be generated using GL Entry doctypes (should be enabled if Period Closing Voucher is not posted for all years sequentially or missing)
Accounts Settings,frozen_accounts_modifier,Link,label,Role Allowed to Set Frozen Accounts and Edit Frozen Entries
Accounts Settings,frozen_accounts_modifier,Link,description,Users with this role are allowed to set frozen accounts and create / modify accounting entries against frozen accounts
Accounts Settings,tab_break_dpet,Tab Break,label,Chart Of Accounts
Accounts Settings,show_balance_in_coa,Check,label,Show Balances in Chart Of Accounts
Accounts Settings,banking_tab,Tab Break,label,Banking
Accounts Settings,enable_party_matching,Check,label,Enable Automatic Party Matching
Accounts Settings,enable_party_matching,Check,description,Auto match and set the Party in Bank Transactions
Accounts Settings,enable_fuzzy_matching,Check,label,Enable Fuzzy Matching
Accounts Settings,enable_fuzzy_matching,Check,description,Approximately match the description/party name against parties
Accounts Settings,reports_tab,Tab Break,label,Reports
Accounts Settings,remarks_section,Section Break,label,Remarks Column Length
Accounts Settings,general_ledger_remarks_length,Int,label,General Ledger
Accounts Settings,general_ledger_remarks_length,Int,description,Truncates 'Remarks' column to set character length
Accounts Settings,receivable_payable_remarks_length,Int,label,Accounts Receivable/Payable
Accounts Settings,receivable_payable_remarks_length,Int,description,Truncates 'Remarks' column to set character length
Accounts Settings,accounts_receivable_payable_tuning_section,Section Break,label,Accounts Receivable / Payable Tuning
Accounts Settings,receivable_payable_fetch_method,Select,label,Data Fetch Method
Accounts Settings,receivable_payable_fetch_method,Select,option,Buffered Cursor
Accounts Settings,receivable_payable_fetch_method,Select,option,UnBuffered Cursor
Accounts Settings,receivable_payable_fetch_method,Select,option,Raw SQL
Accounts Settings,drop_ar_procedures,Button,label,Drop Procedures
Accounts Settings,drop_ar_procedures,Button,description,Drops existing SQL Procedures and Function setup by Accounts Receivable report
Accounts Settings,legacy_section,Section Break,label,Legacy Fields
Accounts Settings,ignore_is_opening_check_for_reporting,Check,label,Ignore Is Opening check for reporting
Accounts Settings,ignore_is_opening_check_for_reporting,Check,description,Ignores legacy Is Opening field in GL Entry that allows adding opening balance post the system is in use while generating reports
Accounts Settings,payment_request_settings,Tab Break,label,Payment Request
Accounts Settings,payment_request_settings,Tab Break,description,Payment Request created from Sales Order or Purchase Order will be in Draft status. When disabled document will be in unsaved state.
Accounts Settings,create_pr_in_draft_status,Check,label,Create in Draft Status
Gratuity,details_tab,Tab Break,label,Gratuity
Gratuity,employee,Link,label,Employee
Gratuity,employee_name,Data,label,Employee Name
Gratuity,department,Link,label,Department
Gratuity,designation,Data,label,Designation
Gratuity,current_work_experience,Float,label,Current Work Experience
Gratuity,posting_date,Date,label,Posting date
Gratuity,gratuity_rule,Link,label,Gratuity Rule
Gratuity,status,Select,label,Status
Gratuity,status,Select,option,Draft
Gratuity,status,Select,option,Unpaid
Gratuity,status,Select,option,Paid
Gratuity,status,Select,option,Submitted
Gratuity,status,Select,option,Cancelled
Gratuity,company,Link,label,Company
Gratuity,amended_from,Link,label,Amended From
Gratuity,section_break_5,Tab Break,label,Payment and Accounting
Gratuity,pay_via_salary_slip,Check,label,Pay via Salary Slip
Gratuity,amount,Currency,label,Total Amount
Gratuity,paid_amount,Currency,label,Paid Amount
Gratuity,payroll_date,Date,label,Payroll Date
Gratuity,salary_component,Link,label,Salary Component
Gratuity,cost_center,Link,label,Cost Center
Gratuity,mode_of_payment,Link,label,Mode of Payment
Gratuity,expense_account,Link,label,Expense Account
Gratuity,payable_account,Link,label,Payable Account
Serial No,,DocType,doctype_description,Distinct unit of an Item
Serial No,serial_no,Data,label,Serial No
Serial No,item_code,Link,label,Item Code
Serial No,batch_no,Link,label,Batch No
Serial No,warehouse,Link,label,Warehouse
Serial No,purchase_rate,Float,label,Incoming Rate
Serial No,customer,Link,label,Customer
Serial No,status,Select,label,Status
Serial No,status,Select,option,Active
Serial No,status,Select,option,Inactive
Serial No,status,Select,option,Consumed
Serial No,status,Select,option,Delivered
Serial No,status,Select,option,Expired
Serial No,item_name,Data,label,Item Name
Serial No,description,Text,label,Description
Serial No,item_group,Link,label,Item Group
Serial No,brand,Link,label,Brand
Serial No,asset_details,Section Break,label,Asset Details
Serial No,asset,Link,label,Asset
Serial No,asset_status,Select,label,Asset Status
Serial No,asset_status,Select,option,Issue
Serial No,asset_status,Select,option,Receipt
Serial No,asset_status,Select,option,Transfer
Serial No,location,Link,label,Location
Serial No,employee,Link,label,Employee
Serial No,warranty_amc_details,Section Break,label,Warranty / AMC Details
Serial No,warranty_expiry_date,Date,label,Warranty Expiry Date
Serial No,amc_expiry_date,Date,label,AMC Expiry Date
Serial No,maintenance_status,Select,label,Maintenance Status
Serial No,maintenance_status,Select,option,Under Warranty
Serial No,maintenance_status,Select,option,Out of Warranty
Serial No,maintenance_status,Select,option,Under AMC
Serial No,maintenance_status,Select,option,Out of AMC
Serial No,warranty_period,Int,label,Warranty Period (Days)
Serial No,more_info,Section Break,label,More Information
Serial No,company,Link,label,Company
Serial No,work_order,Link,label,Work Order
Serial No,purchase_document_no,Data,label,Creation Document No
Payment Gateway Account,payment_gateway,Link,label,Payment Gateway
Payment Gateway Account,payment_channel,Select,label,Payment Channel
Payment Gateway Account,payment_channel,Select,option,Email
Payment Gateway Account,payment_channel,Select,option,Phone
Payment Gateway Account,company,Link,label,Company
Payment Gateway Account,is_default,Check,label,Is Default
Payment Gateway Account,payment_account,Link,label,Payment Account
Payment Gateway Account,currency,Read Only,label,Currency
Payment Gateway Account,message,Small Text,label,Default Payment Request Message
Payment Gateway Account,message_examples,HTML,label,Message Examples
Payment Gateway Account,message_examples,HTML,option,<pre><h5>Message Example</h5>
Payment Gateway Account,message_examples,HTML,option,&lt;p&gt; Thank You for being a part of {{ doc.company }}! We hope you are enjoying the service.&lt;/p&gt;
Payment Gateway Account,message_examples,HTML,option,&lt;p&gt; Please find enclosed the E Bill statement. The outstanding amount is {{ doc.grand_total }}.&lt;/p&gt;
Payment Gateway Account,message_examples,HTML,option,"&lt;p&gt; We don't want you to be spending time running around in order to pay for your Bill.<br>After all, life is beautiful and the time you have in hand should be spent to enjoy it!<br>So here are our little ways to help you get more time for life! &lt;/p&gt;"
Payment Gateway Account,message_examples,HTML,option,"&lt;a href=""{{ payment_url }}""&gt; click here to pay &lt;/a&gt;"
Payment Gateway Account,message_examples,HTML,option,</pre>
Salary Component,overview_tab,Tab Break,label,Overview
Salary Component,salary_component,Data,label,Name
Salary Component,salary_component_abbr,Data,label,Abbr
Salary Component,type,Select,label,Type
Salary Component,type,Select,option,Earning
Salary Component,type,Select,option,Deduction
Salary Component,description,Small Text,label,Description
Salary Component,depends_on_payment_days,Check,label,Depends on Payment Days
Salary Component,is_tax_applicable,Check,label,Is Tax Applicable
Salary Component,deduct_full_tax_on_selected_payroll_date,Check,label,Deduct Full Tax on Selected Payroll Date
Salary Component,variable_based_on_taxable_salary,Check,label,Variable Based On Taxable Salary
Salary Component,variable_based_on_taxable_salary,Check,description,"If enabled, the component will be considered as a tax component and the amount will be auto-calculated as per the configured income tax slabs"
Salary Component,is_income_tax_component,Check,label,Is Income Tax Component
Salary Component,is_income_tax_component,Check,description,"If enabled, the component will be considered in the Income Tax Deductions report"
Salary Component,exempted_from_income_tax,Check,label,Exempted from Income Tax
Salary Component,exempted_from_income_tax,Check,description,"If checked, the full amount will be deducted from taxable income before calculating income tax without any declaration or proof submission."
Salary Component,round_to_the_nearest_integer,Check,label,Round to the Nearest Integer
Salary Component,statistical_component,Check,label,Statistical Component
Salary Component,statistical_component,Check,description,"If enabled, the value specified or calculated in this component will not contribute to the earnings or deductions. However, it's value can be referenced by other components that can be added or deducted."
Salary Component,do_not_include_in_total,Check,label,Do Not Include in Total
Salary Component,do_not_include_in_accounts,Check,label,Do Not Include in Accounting Entries
Salary Component,do_not_include_in_accounts,Check,description,"If enabled, the amount will be excluded from accounting entries during Journal Entry creation."
Salary Component,remove_if_zero_valued,Check,label,Remove if Zero Valued
Salary Component,remove_if_zero_valued,Check,description,"If enabled, the component will not be displayed in the salary slip if the amount is zero"
Salary Component,disabled,Check,label,Disabled
Salary Component,section_break_5,Section Break,label,Accounts
Salary Component,accounts,Table,label,Accounts
Salary Component,configure_component_tab,Tab Break,label,Condition & Formula
Salary Component,condition,Code,label,Condition
Salary Component,amount,Currency,label,Amount
Salary Component,amount_based_on_formula,Check,label,Amount based on formula
Salary Component,formula,Code,label,Formula
Salary Component,help,HTML,label,Help
Salary Component,help,HTML,option,<h3>Help</h3>
Salary Component,help,HTML,option,<p>Notes:</p>
Salary Component,help,HTML,option,<ol>
Salary Component,help,HTML,option,<li>Use field <code>base</code> for using base salary of the Employee</li>
Salary Component,help,HTML,option,<li>Use Salary Component abbreviations in conditions and formulas. <code>BS = Basic Salary</code></li>
Salary Component,help,HTML,option,<li>Use field name for employee details in conditions and formulas. <code>Employment Type = employment_type</code><code>Branch = branch</code></li>
Salary Component,help,HTML,option,<li>Use field name from Salary Slip in conditions and formulas. <code>Payment Days = payment_days</code><code>Leave without pay = leave_without_pay</code></li>
Salary Component,help,HTML,option,<li>Direct Amount can also be entered based on Condition. See example 3</li></ol>
Salary Component,help,HTML,option,<h4>Examples</h4>
Salary Component,help,HTML,option,<ol>
Salary Component,help,HTML,option,<li>Calculating Basic Salary based on <code>base</code>
Salary Component,help,HTML,option,<pre><code>Condition: base &lt; 10000</code></pre>
Salary Component,help,HTML,option,<pre><code>Formula: base * .2</code></pre></li>
Salary Component,help,HTML,option,<li>Calculating HRA based on Basic Salary<code>BS</code>
Salary Component,help,HTML,option,<pre><code>Condition: BS &gt; 2000</code></pre>
Salary Component,help,HTML,option,<pre><code>Formula: BS * .1</code></pre></li>
Salary Component,help,HTML,option,<li>Calculating TDS based on Employment Type<code>employment_type</code>
Salary Component,help,HTML,option,"<pre><code>Condition: employment_type==""Intern""</code></pre>"
Salary Component,help,HTML,option,<pre><code>Amount: 1000</code></pre></li>
Salary Component,help,HTML,option,</ol>
Salary Component,flexible_benefits_tab,Tab Break,label,Flexible Benefits
Salary Component,is_flexible_benefit,Check,label,Is Flexible Benefit
Salary Component,max_benefit_amount,Currency,label,Max Benefit Amount (Yearly)
Salary Component,pay_against_benefit_claim,Check,label,Pay Against Benefit Claim
Salary Component,only_tax_impact,Check,label,Only Tax Impact (Cannot Claim But Part of Taxable Income)
Salary Component,create_separate_payment_entry_against_benefit_claim,Check,label,Create Separate Payment Entry Against Benefit Claim
Workstation,dashboard_tab,Tab Break,label,Job Cards
Workstation,workstation_dashboard,HTML,label,Workstation Dashboard
Workstation,details_tab,Tab Break,label,Details
Workstation,workstation_name,Data,label,Workstation Name
Workstation,workstation_type,Link,label,Workstation Type
Workstation,plant_floor,Link,label,Plant Floor
Workstation,production_capacity,Int,label,Job Capacity
Workstation,production_capacity,Int,description,Run parallel job cards in a workstation
Workstation,warehouse,Link,label,Warehouse
Workstation,workstation_status_tab,Tab Break,label,Workstation Status
Workstation,status,Select,label,Status
Workstation,status,Select,option,Production
Workstation,status,Select,option,Off
Workstation,status,Select,option,Idle
Workstation,status,Select,option,Problem
Workstation,status,Select,option,Maintenance
Workstation,status,Select,option,Setup
Workstation,illustration_section,Section Break,label,Status Illustration
Workstation,on_status_image,Attach Image,label,Active Status
Workstation,off_status_image,Attach Image,label,Inactive Status
Workstation,over_heads,Tab Break,label,Operating Costs
Workstation,hour_rate_electricity,Currency,label,Electricity Cost
Workstation,hour_rate_electricity,Currency,description,per hour
Workstation,hour_rate_consumable,Currency,label,Consumable Cost
Workstation,hour_rate_consumable,Currency,description,per hour
Workstation,hour_rate_rent,Currency,label,Rent Cost
Workstation,hour_rate_rent,Currency,description,per hour
Workstation,hour_rate_labour,Currency,label,Wages
Workstation,hour_rate_labour,Currency,description,Wages per hour
Workstation,hour_rate,Currency,label,Net Hour Rate
Workstation,hour_rate,Currency,description,per hour
Workstation,workstaion_description,Tab Break,label,Description
Workstation,description,Text,label,Description
Workstation,working_hours_section,Tab Break,label,Working Hours
Workstation,holiday_list,Link,label,Holiday List
Workstation,working_hours,Table,label,Working Hours
Workstation,total_working_hours,Float,label,Total Working Hours
Workstation,connections_tab,Tab Break,label,Connections
Shift Schedule Assignment,shift_details_section,Section Break,label,Employee Details
Shift Schedule Assignment,employee,Link,label,Employee
Shift Schedule Assignment,employee_name,Data,label,Employee Name
Shift Schedule Assignment,company,Link,label,Company
Shift Schedule Assignment,schedule_settings_section,Section Break,label,Shift Details
Shift Schedule Assignment,shift_schedule,Link,label,Shift Schedule
Shift Schedule Assignment,shift_location,Link,label,Shift Location
Shift Schedule Assignment,shift_status,Select,label,Shift Status
Shift Schedule Assignment,shift_status,Select,option,Active
Shift Schedule Assignment,shift_status,Select,option,Inactive
Shift Schedule Assignment,enabled,Check,label,Enabled
Shift Schedule Assignment,enabled,Check,description,Select this if you want shift assignments to be automatically created indefinitely.
Shift Schedule Assignment,create_shifts_after,Date,label,Create Shifts After
Shift Schedule Assignment,create_shifts_after,Date,description,New shift assignments will be created after this date.
Stock Reposting Settings,scheduling_section,Section Break,label,Scheduling
Stock Reposting Settings,limit_reposting_timeslot,Check,label,Limit timeslot for Stock Reposting
Stock Reposting Settings,start_time,Time,label,Start Time
Stock Reposting Settings,end_time,Time,label,End Time
Stock Reposting Settings,limits_dont_apply_on,Select,label,Limits don't apply on
Stock Reposting Settings,limits_dont_apply_on,Select,option,Monday
Stock Reposting Settings,limits_dont_apply_on,Select,option,Tuesday
Stock Reposting Settings,limits_dont_apply_on,Select,option,Wednesday
Stock Reposting Settings,limits_dont_apply_on,Select,option,Thursday
Stock Reposting Settings,limits_dont_apply_on,Select,option,Friday
Stock Reposting Settings,limits_dont_apply_on,Select,option,Saturday
Stock Reposting Settings,limits_dont_apply_on,Select,option,Sunday
Stock Reposting Settings,item_based_reposting,Check,label,Use Item based reposting
Stock Reposting Settings,errors_notification_section,Section Break,label,Errors Notification
Stock Reposting Settings,notify_reposting_error_to_role,Link,label,Notify Reposting Error to Role
Inventory Dimension,dimension_details_tab,Tab Break,label,Dimension Details
Inventory Dimension,dimension_name,Data,label,Dimension Name
Inventory Dimension,reference_document,Link,label,Reference Document
Inventory Dimension,disabled,Check,label,Disabled
Inventory Dimension,field_mapping_section,Section Break,label,Field Mapping
Inventory Dimension,source_fieldname,Data,label,Source Fieldname
Inventory Dimension,target_fieldname,Data,label,Target Fieldname (Stock Ledger Entry)
Inventory Dimension,applicable_for_documents_tab,Tab Break,label,Applicable For
Inventory Dimension,apply_to_all_doctypes,Check,label,Apply to All Inventory Documents
Inventory Dimension,validate_negative_stock,Check,label,Validate Negative Stock
Inventory Dimension,document_type,Link,label,Apply to Document
Inventory Dimension,type_of_transaction,Select,label,Type of Transaction
Inventory Dimension,type_of_transaction,Select,option,Inward
Inventory Dimension,type_of_transaction,Select,option,Outward
Inventory Dimension,type_of_transaction,Select,option,Both
Inventory Dimension,fetch_from_parent,Select,label,Fetch Value From
Inventory Dimension,fetch_from_parent,Select,description,Set fieldname from which you want to fetch the data from the parent form.
Inventory Dimension,istable,Check,label,Is Child Table
Inventory Dimension,condition,Code,label,Conditional Rule
Inventory Dimension,conditional_mandatory_section,Section Break,label,Mandatory Section
Inventory Dimension,reqd,Check,label,Mandatory
Inventory Dimension,mandatory_depends_on,Small Text,label,Mandatory Depends On
Inventory Dimension,mandatory_depends_on,Small Text,description,To apply condition on parent field use parent.field_name and to apply condition on child table use doc.field_name. Here field_name could be based on the actual column name of the respective field.
Inventory Dimension,conditional_rule_examples_section,Section Break,label,Conditional Rule Examples
Inventory Dimension,html_19,HTML,option,"<table class=""table table-bordered table-condensed"">"
Inventory Dimension,html_19,HTML,option,<thead>
Inventory Dimension,html_19,HTML,option,<tr>
Inventory Dimension,html_19,HTML,option,"<th class=""table-sr"" style=""width: 50%;"">Child Document</th>"
Inventory Dimension,html_19,HTML,option,"<th class=""table-sr"" style=""width: 50%;"">Non Child Document</th>"
Inventory Dimension,html_19,HTML,option,</tr>
Inventory Dimension,html_19,HTML,option,</thead>
Inventory Dimension,html_19,HTML,option,<tbody>
Inventory Dimension,html_19,HTML,option,<tr>
Inventory Dimension,html_19,HTML,option,<td>
Inventory Dimension,html_19,HTML,option,<p> To access parent document field use parent.fieldname and to access child table document field use doc.fieldname </p>
Inventory Dimension,html_19,HTML,option,</td>
Inventory Dimension,html_19,HTML,option,<td>
Inventory Dimension,html_19,HTML,option,<p>To access document field use doc.fieldname </p>
Inventory Dimension,html_19,HTML,option,</td>
Inventory Dimension,html_19,HTML,option,</tr>
Inventory Dimension,html_19,HTML,option,<tr>
Inventory Dimension,html_19,HTML,option,<td>
Inventory Dimension,html_19,HTML,option,"<p><b>Example: </b> parent.doctype == ""Stock Entry"" and doc.item_code == ""Test"" </p>"
Inventory Dimension,html_19,HTML,option,</td>
Inventory Dimension,html_19,HTML,option,<td>
Inventory Dimension,html_19,HTML,option,"<p><b>Example: </b> doc.doctype == ""Stock Entry"" and doc.purpose == ""Manufacture""</p>"
Inventory Dimension,html_19,HTML,option,</td>
Inventory Dimension,html_19,HTML,option,</tr>
Inventory Dimension,html_19,HTML,option,</tbody>
Inventory Dimension,html_19,HTML,option,</table>
Employee,basic_details_tab,Tab Break,label,Overview
Employee,employee,Data,label,Employee
Employee,naming_series,Select,label,Series
Employee,naming_series,Select,option,HR-EMP-
Employee,first_name,Data,label,First Name
Employee,middle_name,Data,label,Middle Name
Employee,last_name,Data,label,Last Name
Employee,employee_name,Data,label,Full Name
Employee,gender,Link,label,Gender
Employee,date_of_birth,Date,label,Date of Birth
Employee,salutation,Link,label,Salutation
Employee,date_of_joining,Date,label,Date of Joining
Employee,image,Attach Image,label,Image
Employee,status,Select,label,Status
Employee,status,Select,option,Active
Employee,status,Select,option,Inactive
Employee,status,Select,option,Suspended
Employee,status,Select,option,Left
Employee,erpnext_user,Section Break,label,User Details
Employee,user_id,Link,label,User ID
Employee,user_id,Link,description,"System User (login) ID. If set, it will become default for all HR forms."
Employee,create_user,Button,label,Create User
Employee,create_user_permission,Check,label,Create User Permission
Employee,create_user_permission,Check,description,This will restrict user access to other employee records
Employee,company_details_section,Section Break,label,Company Details
Employee,company,Link,label,Company
Employee,department,Link,label,Department
Employee,employment_type,Link,label,Employment Type
Employee,employee_number,Data,label,Employee Number
Employee,designation,Link,label,Designation
Employee,reports_to,Link,label,Reports to
Employee,branch,Link,label,Branch
Employee,grade,Link,label,Grade
Employee,employment_details,Tab Break,label,Joining
Employee,job_applicant,Link,label,Job Applicant
Employee,scheduled_confirmation_date,Date,label,Offer Date
Employee,final_confirmation_date,Date,label,Confirmation Date
Employee,contract_end_date,Date,label,Contract End Date
Employee,notice_number_of_days,Int,label,Notice (days)
Employee,date_of_retirement,Date,label,Date Of Retirement
Employee,contact_details,Tab Break,label,Address & Contacts
Employee,cell_number,Data,label,Mobile
Employee,personal_email,Data,label,Personal Email
Employee,company_email,Data,label,Company Email
Employee,company_email,Data,description,Provide Email Address registered in company
Employee,prefered_contact_email,Select,label,Prefered Contact Email
Employee,prefered_contact_email,Select,option,Company Email
Employee,prefered_contact_email,Select,option,Personal Email
Employee,prefered_contact_email,Select,option,User ID
Employee,prefered_email,Data,label,Prefered Email
Employee,unsubscribed,Check,label,Unsubscribed
Employee,address_section,Section Break,label,Address
Employee,current_address,Small Text,label,Current Address
Employee,current_accommodation_type,Select,label,Current Address Is
Employee,current_accommodation_type,Select,option,Rented
Employee,current_accommodation_type,Select,option,Owned
Employee,permanent_address,Small Text,label,Permanent Address
Employee,permanent_accommodation_type,Select,label,Permanent Address Is
Employee,permanent_accommodation_type,Select,option,Rented
Employee,permanent_accommodation_type,Select,option,Owned
Employee,emergency_contact_details,Section Break,label,Emergency Contact
Employee,person_to_be_contacted,Data,label,Emergency Contact Name
Employee,emergency_phone_number,Data,label,Emergency Phone
Employee,relation,Data,label,Relation
Employee,attendance_and_leave_details,Tab Break,label,Attendance & Leaves
Employee,attendance_device_id,Data,label,Attendance Device ID (Biometric/RF tag ID)
Employee,holiday_list,Link,label,Holiday List
Employee,holiday_list,Link,description,Applicable Holiday List
Employee,default_shift,Link,label,Default Shift
Employee,approvers_section,Section Break,label,Approvers
Employee,expense_approver,Link,label,Expense Approver
Employee,leave_approver,Link,label,Leave Approver
Employee,shift_request_approver,Link,label,Shift Request Approver
Employee,salary_information,Tab Break,label,Salary
Employee,ctc,Currency,label,Cost to Company (CTC)
Employee,salary_currency,Link,label,Salary Currency
Employee,salary_mode,Select,label,Salary Mode
Employee,salary_mode,Select,option,Bank
Employee,salary_mode,Select,option,Cash
Employee,salary_mode,Select,option,Cheque
Employee,payroll_cost_center,Link,label,Payroll Cost Center
Employee,bank_details_section,Section Break,label,Bank Details
Employee,bank_name,Data,label,Bank Name
Employee,bank_ac_no,Data,label,Bank A/C No.
Employee,iban,Data,label,IBAN
Employee,personal_details,Tab Break,label,Personal Details
Employee,marital_status,Select,label,Marital Status
Employee,marital_status,Select,option,Single
Employee,marital_status,Select,option,Married
Employee,marital_status,Select,option,Divorced
Employee,marital_status,Select,option,Widowed
Employee,family_background,Small Text,label,Family Background
Employee,family_background,Small Text,description,"Here you can maintain family details like name and occupation of parent, spouse and children"
Employee,blood_group,Select,label,Blood Group
Employee,blood_group,Select,option,A+
Employee,blood_group,Select,option,A-
Employee,blood_group,Select,option,B+
Employee,blood_group,Select,option,B-
Employee,blood_group,Select,option,AB+
Employee,blood_group,Select,option,AB-
Employee,blood_group,Select,option,O+
Employee,blood_group,Select,option,O-
Employee,health_details,Small Text,label,Health Details
Employee,health_details,Small Text,description,"Here you can maintain height, weight, allergies, medical concerns etc"
Employee,health_insurance_section,Section Break,label,Health Insurance
Employee,health_insurance_provider,Link,label,Health Insurance Provider
Employee,health_insurance_no,Data,label,Health Insurance No
Employee,passport_details_section,Section Break,label,Passport Details
Employee,passport_number,Data,label,Passport Number
Employee,valid_upto,Date,label,Valid Upto
Employee,date_of_issue,Date,label,Date of Issue
Employee,place_of_issue,Data,label,Place of Issue
Employee,profile_tab,Tab Break,label,Profile
Employee,bio,Text Editor,label,Bio / Cover Letter
Employee,bio,Text Editor,description,Short biography for website and other publications.
Employee,educational_qualification,Section Break,label,Educational Qualification
Employee,education,Table,label,Education
Employee,previous_work_experience,Section Break,label,Previous Work Experience
Employee,external_work_history,Table,label,External Work History
Employee,history_in_company,Section Break,label,History In Company
Employee,internal_work_history,Table,label,Internal Work History
Employee,exit,Tab Break,label,Employee Exit
Employee,resignation_letter_date,Date,label,Resignation Letter Date
Employee,relieving_date,Date,label,Relieving Date
Employee,held_on,Date,label,Exit Interview Held On
Employee,new_workplace,Data,label,New Workplace
Employee,leave_encashed,Select,label,Leave Encashed?
Employee,leave_encashed,Select,option,Yes
Employee,leave_encashed,Select,option,No
Employee,encashment_date,Date,label,Encashment Date
Employee,feedback_section,Section Break,label,Feedback
Employee,reason_for_leaving,Small Text,label,Reason for Leaving
Employee,feedback,Small Text,label,Feedback
Employee,lft,Int,label,lft
Employee,rgt,Int,label,rgt
Employee,old_parent,Data,label,Old Parent
Employee,connections_tab,Tab Break,label,Connections
POS Invoice Merge Log,company,Link,label,Company
POS Invoice Merge Log,posting_date,Date,label,Posting Date
POS Invoice Merge Log,posting_time,Time,label,Posting Time
POS Invoice Merge Log,merge_invoices_based_on,Select,label,Merge Invoices Based On
POS Invoice Merge Log,merge_invoices_based_on,Select,option,Customer
POS Invoice Merge Log,merge_invoices_based_on,Select,option,Customer Group
POS Invoice Merge Log,pos_closing_entry,Link,label,POS Closing Entry
POS Invoice Merge Log,customer,Link,label,Customer
POS Invoice Merge Log,customer_group,Link,label,Customer Group
POS Invoice Merge Log,pos_invoices,Table,label,POS Invoices
POS Invoice Merge Log,references_section,Section Break,label,References
POS Invoice Merge Log,consolidated_invoice,Link,label,Consolidated Sales Invoice
POS Invoice Merge Log,consolidated_credit_note,Link,label,Consolidated Credit Note
POS Invoice Merge Log,amended_from,Link,label,Amended From
Installed Applications,installed_applications,Table,label,Installed Applications
Warehouse,,DocType,doctype_description,A logical Warehouse against which stock entries are made.
Warehouse,warehouse_detail,Section Break,label,Warehouse Detail
Warehouse,disabled,Check,label,Disabled
Warehouse,warehouse_name,Data,label,Warehouse Name
Warehouse,is_group,Check,label,Is Group Warehouse
Warehouse,parent_warehouse,Link,label,Parent Warehouse
Warehouse,is_rejected_warehouse,Check,label,Is Rejected Warehouse
Warehouse,is_rejected_warehouse,Check,description,"If yes, then this warehouse will be used to store rejected materials"
Warehouse,account,Link,label,Account
Warehouse,account,Link,description,"If blank, parent Warehouse Account or company default will be considered in transactions"
Warehouse,company,Link,label,Company
Warehouse,address_and_contact,Section Break,label,Address and Contact
Warehouse,address_html,HTML,label,Address HTML
Warehouse,contact_html,HTML,label,Contact HTML
Warehouse,warehouse_contact_info,Section Break,label,Warehouse Contact Info
Warehouse,email_id,Data,label,Email Address
Warehouse,phone_no,Data,label,Phone No
Warehouse,mobile_no,Data,label,Mobile No
Warehouse,address_line_1,Data,label,Address Line 1
Warehouse,address_line_2,Data,label,Address Line 2
Warehouse,city,Data,label,City
Warehouse,state,Data,label,State/Province
Warehouse,pin,Data,label,PIN
Warehouse,transit_section,Section Break,label,Transit
Warehouse,warehouse_type,Link,label,Warehouse Type
Warehouse,default_in_transit_warehouse,Link,label,Default In-Transit Warehouse
Warehouse,tree_details,Section Break,label,Tree Details
Warehouse,lft,Int,label,lft
Warehouse,rgt,Int,label,rgt
Warehouse,old_parent,Link,label,Old Parent
Opportunity,,DocType,doctype_description,Potential Sales Deal
Opportunity,naming_series,Select,label,Series
Opportunity,naming_series,Select,option,CRM-OPP-.YYYY.-
Opportunity,opportunity_from,Link,label,Opportunity From
Opportunity,party_name,Dynamic Link,label,Party
Opportunity,customer_name,Data,label,Customer Name
Opportunity,status,Select,label,Status
Opportunity,status,Select,option,Open
Opportunity,status,Select,option,Quotation
Opportunity,status,Select,option,Converted
Opportunity,status,Select,option,Lost
Opportunity,status,Select,option,Replied
Opportunity,status,Select,option,Closed
Opportunity,opportunity_type,Link,label,Opportunity Type
Opportunity,source,Link,label,Source
Opportunity,opportunity_owner,Link,label,Opportunity Owner
Opportunity,sales_stage,Link,label,Sales Stage
Opportunity,expected_closing,Date,label,Expected Closing Date
Opportunity,probability,Percent,label,Probability (%)
Opportunity,organization_details_section,Section Break,label,Organization
Opportunity,no_of_employees,Select,label,No of Employees
Opportunity,no_of_employees,Select,option,1-10
Opportunity,no_of_employees,Select,option,11-50
Opportunity,no_of_employees,Select,option,51-200
Opportunity,no_of_employees,Select,option,201-500
Opportunity,no_of_employees,Select,option,501-1000
Opportunity,no_of_employees,Select,option,1000+
Opportunity,annual_revenue,Currency,label,Annual Revenue
Opportunity,customer_group,Link,label,Customer Group
Opportunity,industry,Link,label,Industry
Opportunity,market_segment,Link,label,Market Segment
Opportunity,website,Data,label,Website
Opportunity,city,Data,label,City
Opportunity,state,Data,label,State/Province
Opportunity,country,Link,label,Country
Opportunity,territory,Link,label,Territory
Opportunity,section_break_14,Section Break,label,Opportunity Value
Opportunity,currency,Link,label,Currency
Opportunity,conversion_rate,Float,label,Exchange Rate
Opportunity,opportunity_amount,Currency,label,Opportunity Amount
Opportunity,base_opportunity_amount,Currency,label,Opportunity Amount (Company Currency)
Opportunity,more_info,Section Break,label,More Information
Opportunity,more_info,Section Break,option,fa fa-file-text
Opportunity,company,Link,label,Company
Opportunity,campaign,Link,label,Campaign
Opportunity,campaign,Link,description,Enter name of campaign if source of enquiry is campaign
Opportunity,transaction_date,Date,label,Opportunity Date
Opportunity,language,Link,label,Print Language
Opportunity,amended_from,Link,label,Amended From
Opportunity,title,Data,label,Title
Opportunity,first_response_time,Duration,label,First Response Time
Opportunity,lost_detail_section,Section Break,label,Lost Reasons
Opportunity,lost_reasons,Table MultiSelect,label,Lost Reasons
Opportunity,order_lost_reason,Small Text,label,Detailed Reason
Opportunity,competitors,Table MultiSelect,label,Competitors
Opportunity,contact_info,Tab Break,label,Contacts
Opportunity,contact_info,Tab Break,option,fa fa-bullhorn
Opportunity,primary_contact_section,Section Break,label,Primary Contact
Opportunity,contact_person,Link,label,Contact Person
Opportunity,job_title,Data,label,Job Title
Opportunity,contact_email,Data,label,Contact Email
Opportunity,contact_mobile,Data,label,Contact Mobile
Opportunity,whatsapp,Data,label,WhatsApp
Opportunity,phone,Data,label,Phone
Opportunity,phone_ext,Data,label,Phone Ext.
Opportunity,address_contact_section,Section Break,label,Address & Contact
Opportunity,address_html,HTML,label,Address HTML
Opportunity,customer_address,Link,label,Customer / Lead Address
Opportunity,address_display,Small Text,label,Address
Opportunity,contact_html,HTML,label,Contact HTML
Opportunity,contact_display,Small Text,label,Contact
Opportunity,items_section,Tab Break,label,Items
Opportunity,items_section,Tab Break,option,fa fa-shopping-cart
Opportunity,items,Table,label,Items
Opportunity,base_total,Currency,label,Total (Company Currency)
Opportunity,total,Currency,label,Total
Opportunity,activities_tab,Tab Break,label,Activities
Opportunity,open_activities_html,HTML,label,Open Activities HTML
Opportunity,all_activities_section,Section Break,label,All Activities
Opportunity,all_activities_html,HTML,label,All Activities HTML
Opportunity,notes_tab,Tab Break,label,Comments
Opportunity,notes_html,HTML,label,Notes HTML
Opportunity,notes,Table,label,Notes
Opportunity,dashboard_tab,Tab Break,label,Connections
Lead,naming_series,Select,label,Series
Lead,naming_series,Select,option,CRM-LEAD-.YYYY.-
Lead,salutation,Link,label,Salutation
Lead,first_name,Data,label,First Name
Lead,middle_name,Data,label,Middle Name
Lead,last_name,Data,label,Last Name
Lead,lead_name,Data,label,Full Name
Lead,job_title,Data,label,Job Title
Lead,gender,Link,label,Gender
Lead,source,Link,label,Source
Lead,lead_owner,Link,label,Lead Owner
Lead,status,Select,label,Status
Lead,status,Select,option,Lead
Lead,status,Select,option,Open
Lead,status,Select,option,Replied
Lead,status,Select,option,Opportunity
Lead,status,Select,option,Quotation
Lead,status,Select,option,Lost Quotation
Lead,status,Select,option,Interested
Lead,status,Select,option,Converted
Lead,status,Select,option,Do Not Contact
Lead,customer,Link,label,From Customer
Lead,type,Select,label,Lead Type
Lead,type,Select,option,Client
Lead,type,Select,option,Channel Partner
Lead,type,Select,option,Consultant
Lead,request_type,Select,label,Request Type
Lead,request_type,Select,option,Product Enquiry
Lead,request_type,Select,option,Request for Information
Lead,request_type,Select,option,Suggestions
Lead,request_type,Select,option,Other
Lead,contact_info_tab,Section Break,label,Contact Info
Lead,email_id,Data,label,Email
Lead,website,Data,label,Website
Lead,mobile_no,Data,label,Mobile No
Lead,whatsapp_no,Data,label,WhatsApp
Lead,phone,Data,label,Phone
Lead,phone_ext,Data,label,Phone Ext.
Lead,organization_section,Section Break,label,Organization
Lead,company_name,Data,label,Organization Name
Lead,no_of_employees,Select,label,No of Employees
Lead,no_of_employees,Select,option,1-10
Lead,no_of_employees,Select,option,11-50
Lead,no_of_employees,Select,option,51-200
Lead,no_of_employees,Select,option,201-500
Lead,no_of_employees,Select,option,501-1000
Lead,no_of_employees,Select,option,1000+
Lead,annual_revenue,Currency,label,Annual Revenue
Lead,industry,Link,label,Industry
Lead,market_segment,Link,label,Market Segment
Lead,territory,Link,label,Territory
Lead,fax,Data,label,Fax
Lead,address_section,Section Break,label,Address & Contacts
Lead,address_html,HTML,label,Address HTML
Lead,city,Data,label,City
Lead,state,Data,label,State/Province
Lead,country,Link,label,Country
Lead,contact_html,HTML,label,Contact HTML
Lead,qualification_tab,Section Break,label,Qualification
Lead,qualification_status,Select,label,Qualification Status
Lead,qualification_status,Select,option,Unqualified
Lead,qualification_status,Select,option,In Process
Lead,qualification_status,Select,option,Qualified
Lead,qualified_by,Link,label,Qualified By
Lead,qualified_on,Date,label,Qualified on
Lead,other_info_tab,Section Break,label,Additional Information
Lead,campaign_name,Link,label,Campaign Name
Lead,company,Link,label,Company
Lead,language,Link,label,Print Language
Lead,image,Attach Image,label,Image
Lead,title,Data,label,Title
Lead,disabled,Check,label,Disabled
Lead,unsubscribed,Check,label,Unsubscribed
Lead,blog_subscriber,Check,label,Blog Subscriber
Lead,activities_tab,Tab Break,label,Activities
Lead,open_activities_html,HTML,label,Open Activities HTML
Lead,all_activities_section,Section Break,label,All Activities
Lead,all_activities_html,HTML,label,All Activities HTML
Lead,notes_tab,Tab Break,label,Notes
Lead,notes_html,HTML,label,Notes HTML
Lead,notes,Table,label,Notes
Lead,dashboard_tab,Tab Break,label,Connections
Work Order,item,Tab Break,label,Production Item
Work Order,item,Tab Break,option,fa fa-gift
Work Order,naming_series,Select,label,Series
Work Order,naming_series,Select,option,MFG-WO-.YYYY.-
Work Order,status,Select,label,Status
Work Order,status,Select,option,Draft
Work Order,status,Select,option,Submitted
Work Order,status,Select,option,Not Started
Work Order,status,Select,option,In Process
Work Order,status,Select,option,Completed
Work Order,status,Select,option,Stopped
Work Order,status,Select,option,Closed
Work Order,status,Select,option,Cancelled
Work Order,production_item,Link,label,Item To Manufacture
Work Order,item_name,Data,label,Item Name
Work Order,image,Attach Image,label,Image
Work Order,bom_no,Link,label,BOM No
Work Order,sales_order,Link,label,Sales Order
Work Order,company,Link,label,Company
Work Order,qty,Float,label,Qty To Manufacture
Work Order,material_transferred_for_manufacturing,Float,label,Material Transferred for Manufacturing
Work Order,produced_qty,Float,label,Manufactured Qty
Work Order,disassembled_qty,Float,label,Disassembled Qty
Work Order,process_loss_qty,Float,label,Process Loss Qty
Work Order,project,Link,label,Project
Work Order,required_items,Table,label,Required Items
Work Order,work_order_configuration,Tab Break,label,Configuration
Work Order,allow_alternative_item,Check,label,Allow Alternative Item
Work Order,use_multi_level_bom,Check,label,Use Multi-Level BOM
Work Order,use_multi_level_bom,Check,description,Plan material for sub-assemblies
Work Order,skip_transfer,Check,label,Skip Material Transfer to WIP Warehouse
Work Order,skip_transfer,Check,description,Check if material transfer entry is not required
Work Order,from_wip_warehouse,Check,label,Backflush Raw Materials From Work-in-Progress Warehouse
Work Order,update_consumed_material_cost_in_project,Check,label,Update Consumed Material Cost In Project
Work Order,warehouses,Section Break,label,Warehouse
Work Order,warehouses,Section Break,option,fa fa-building
Work Order,source_warehouse,Link,label,Source Warehouse
Work Order,source_warehouse,Link,description,This is a location where raw materials are available.
Work Order,wip_warehouse,Link,label,Work-in-Progress Warehouse
Work Order,wip_warehouse,Link,description,This is a location where operations are executed.
Work Order,fg_warehouse,Link,label,Target Warehouse
Work Order,fg_warehouse,Link,description,This is a location where final product stored.
Work Order,scrap_warehouse,Link,label,Scrap Warehouse
Work Order,scrap_warehouse,Link,description,This is a location where scraped materials are stored.
Work Order,serial_no_and_batch_for_finished_good_section,Section Break,label,Serial No and Batch for Finished Good
Work Order,has_serial_no,Check,label,Has Serial No
Work Order,has_batch_no,Check,label,Has Batch No
Work Order,batch_size,Float,label,Batch Size
Work Order,required_items_section,Section Break,label,Required Items
Work Order,materials_and_operations_tab,Tab Break,label,Operations
Work Order,operations_section,Section Break,label,Operations
Work Order,operations_section,Section Break,option,fa fa-wrench
Work Order,transfer_material_against,Select,label,Transfer Material Against
Work Order,transfer_material_against,Select,option,Work Order
Work Order,transfer_material_against,Select,option,Job Card
Work Order,operations,Table,label,Operations
Work Order,time,Section Break,label,Time
Work Order,time,Section Break,option,fa fa-time
Work Order,planned_start_date,Datetime,label,Planned Start Date
Work Order,planned_end_date,Datetime,label,Planned End Date
Work Order,expected_delivery_date,Date,label,Expected Delivery Date
Work Order,actual_start_date,Datetime,label,Actual Start Date
Work Order,actual_end_date,Datetime,label,Actual End Date
Work Order,lead_time,Float,label,Lead Time
Work Order,lead_time,Float,description,In Mins
Work Order,section_break_22,Section Break,label,Operation Cost
Work Order,planned_operating_cost,Currency,label,Planned Operating Cost
Work Order,actual_operating_cost,Currency,label,Actual Operating Cost
Work Order,additional_operating_cost,Currency,label,Additional Operating Cost
Work Order,corrective_operation_cost,Currency,label,Corrective Operation Cost
Work Order,corrective_operation_cost,Currency,description,From Corrective Job Card
Work Order,total_operating_cost,Currency,label,Total Operating Cost
Work Order,more_info,Tab Break,label,More Info
Work Order,more_info,Tab Break,option,fa fa-file-text
Work Order,description,Small Text,label,Item Description
Work Order,stock_uom,Link,label,Stock UOM
Work Order,material_request,Link,label,Material Request
Work Order,material_request,Link,description,Manufacture against Material Request
Work Order,material_request_item,Data,label,Material Request Item
Work Order,sales_order_item,Data,label,Sales Order Item
Work Order,production_plan,Link,label,Production Plan
Work Order,production_plan_item,Data,label,Production Plan Item
Work Order,production_plan_sub_assembly_item,Data,label,Production Plan Sub-assembly Item
Work Order,product_bundle_item,Link,label,Product Bundle Item
Work Order,amended_from,Link,label,Amended From
Work Order,connections_tab,Tab Break,label,Connections
Contract,party_type,Select,label,Party Type
Contract,party_type,Select,option,Customer
Contract,party_type,Select,option,Supplier
Contract,party_type,Select,option,Employee
Contract,is_signed,Check,label,Signed
Contract,party_name,Dynamic Link,label,Party Name
Contract,party_user,Link,label,Party User
Contract,status,Select,label,Status
Contract,status,Select,option,Unsigned
Contract,status,Select,option,Active
Contract,status,Select,option,Inactive
Contract,fulfilment_status,Select,label,Fulfilment Status
Contract,fulfilment_status,Select,option,N/A
Contract,fulfilment_status,Select,option,Unfulfilled
Contract,fulfilment_status,Select,option,Partially Fulfilled
Contract,fulfilment_status,Select,option,Fulfilled
Contract,fulfilment_status,Select,option,Lapsed
Contract,party_full_name,Data,label,Party Full Name
Contract,sb_terms,Section Break,label,Contract Period
Contract,start_date,Date,label,Start Date
Contract,end_date,Date,label,End Date
Contract,sb_signee,Section Break,label,Signee Details
Contract,signee,Data,label,Signee
Contract,signed_on,Datetime,label,Signed On
Contract,ip_address,Data,label,IP Address
Contract,sb_contract,Section Break,label,Contract Details
Contract,contract_template,Link,label,Contract Template
Contract,contract_terms,Text Editor,label,Contract Terms
Contract,sb_fulfilment,Section Break,label,Fulfilment Details
Contract,requires_fulfilment,Check,label,Requires Fulfilment
Contract,fulfilment_deadline,Date,label,Fulfilment Deadline
Contract,fulfilment_terms,Table,label,Fulfilment Terms
Contract,authorised_by_section,Section Break,label,Authorised By
Contract,signee_company,Signature,label,Signee (Company)
Contract,signed_by_company,Link,label,Signed By (Company)
Contract,sb_references,Section Break,label,References
Contract,document_type,Select,label,Document Type
Contract,document_type,Select,option,Quotation
Contract,document_type,Select,option,Project
Contract,document_type,Select,option,Sales Order
Contract,document_type,Select,option,Purchase Order
Contract,document_type,Select,option,Sales Invoice
Contract,document_type,Select,option,Purchase Invoice
Contract,document_name,Dynamic Link,label,Document Name
Contract,amended_from,Link,label,Amended From
Bank Transaction,naming_series,Select,label,Series
Bank Transaction,naming_series,Select,option,ACC-BTN-.YYYY.-
Bank Transaction,date,Date,label,Date
Bank Transaction,status,Select,label,Status
Bank Transaction,status,Select,option,Pending
Bank Transaction,status,Select,option,Settled
Bank Transaction,status,Select,option,Unreconciled
Bank Transaction,status,Select,option,Reconciled
Bank Transaction,status,Select,option,Cancelled
Bank Transaction,bank_account,Link,label,Bank Account
Bank Transaction,company,Link,label,Company
Bank Transaction,amended_from,Link,label,Amended From
Bank Transaction,deposit,Currency,label,Deposit
Bank Transaction,withdrawal,Currency,label,Withdrawal
Bank Transaction,currency,Link,label,Currency
Bank Transaction,description,Small Text,label,Description
Bank Transaction,reference_number,Data,label,Reference Number
Bank Transaction,transaction_id,Data,label,Transaction ID
Bank Transaction,transaction_type,Data,label,Transaction Type
Bank Transaction,payment_entries,Table,label,Payment Entries
Bank Transaction,allocated_amount,Currency,label,Allocated Amount
Bank Transaction,unallocated_amount,Currency,label,Unallocated Amount
Bank Transaction,party_section,Section Break,label,Payment From / To
Bank Transaction,party_type,Link,label,Party Type
Bank Transaction,party,Dynamic Link,label,Party
Bank Transaction,bank_party_name,Data,label,Party Name/Account Holder (Bank Statement)
Bank Transaction,bank_party_account_number,Data,label,Party Account No. (Bank Statement)
Bank Transaction,bank_party_iban,Data,label,Party IBAN (Bank Statement)
BOM,production_item_tab,Tab Break,label,Production Item
BOM,item,Link,label,Item
BOM,item,Link,description,Item to be manufactured or repacked
BOM,company,Link,label,Company
BOM,uom,Link,label,Item UOM
BOM,quantity,Float,label,Quantity
BOM,quantity,Float,description,Quantity of item obtained after manufacturing / repacking from given quantities of raw materials
BOM,is_active,Check,label,Is Active
BOM,is_default,Check,label,Is Default
BOM,allow_alternative_item,Check,label,Allow Alternative Item
BOM,set_rate_of_sub_assembly_item_based_on_bom,Check,label,Set rate of sub-assembly item based on BOM
BOM,project,Link,label,Project
BOM,image,Attach Image,label,Image
BOM,currency_detail,Section Break,label,Cost Configuration
BOM,rm_cost_as_per,Select,label,Rate Of Materials Based On
BOM,rm_cost_as_per,Select,option,Valuation Rate
BOM,rm_cost_as_per,Select,option,Last Purchase Rate
BOM,rm_cost_as_per,Select,option,Price List
BOM,buying_price_list,Link,label,Price List
BOM,price_list_currency,Link,label,Price List Currency
BOM,plc_conversion_rate,Float,label,Price List Exchange Rate
BOM,currency,Link,label,Currency
BOM,conversion_rate,Float,label,Conversion Rate
BOM,materials_section,Section Break,label,Raw Materials
BOM,items,Table,label,Items
BOM,section_break_21,Tab Break,label,Operations
BOM,operations_section_section,Section Break,label,Operations
BOM,with_operations,Check,label,With Operations
BOM,with_operations,Check,description,Manage cost of operations
BOM,transfer_material_against,Select,label,Transfer Material Against
BOM,transfer_material_against,Select,option,Work Order
BOM,transfer_material_against,Select,option,Job Card
BOM,routing,Link,label,Routing
BOM,fg_based_operating_cost,Check,label,Finished Goods based Operating Cost
BOM,fg_based_section_section,Section Break,label,Finished Goods Based Operating Cost
BOM,operating_cost_per_bom_quantity,Currency,label,Operating Cost Per BOM Quantity
BOM,operations,Table,label,Operations
BOM,scrap_section,Tab Break,label,Scrap & Process Loss
BOM,scrap_items_section,Section Break,label,Scrap Items
BOM,scrap_items,Table,label,Scrap Items
BOM,process_loss_section,Section Break,label,Process Loss
BOM,process_loss_percentage,Percent,label,% Process Loss
BOM,process_loss_qty,Float,label,Process Loss Qty
BOM,costing,Tab Break,label,Costing
BOM,operating_cost,Currency,label,Operating Cost
BOM,raw_material_cost,Currency,label,Raw Material Cost
BOM,scrap_material_cost,Currency,label,Scrap Material Cost
BOM,base_operating_cost,Currency,label,Operating Cost (Company Currency)
BOM,base_raw_material_cost,Currency,label,Raw Material Cost (Company Currency)
BOM,base_scrap_material_cost,Currency,label,Scrap Material Cost(Company Currency)
BOM,total_cost,Currency,label,Total Cost
BOM,base_total_cost,Currency,label,Total Cost (Company Currency)
BOM,more_info_tab,Tab Break,label,More Info
BOM,item_name,Data,label,Item Name
BOM,description,Small Text,label,Item Description
BOM,has_variants,Check,label,Has Variants
BOM,quality_inspection_section_break,Section Break,label,Quality Inspection
BOM,inspection_required,Check,label,Quality Inspection Required
BOM,quality_inspection_template,Link,label,Quality Inspection Template
BOM,section_break0,Section Break,label,Materials Required (Exploded)
BOM,exploded_items,Table,label,Exploded Items
BOM,website_section,Tab Break,label,Website
BOM,show_in_website,Check,label,Show in Website
BOM,route,Small Text,label,Route
BOM,website_image,Attach Image,label,Website Image
BOM,website_image,Attach Image,description,Item Image (if not slideshow)
BOM,thumbnail,Data,label,Thumbnail
BOM,sb_web_spec,Section Break,label,Website Specifications
BOM,show_items,Check,label,Show Items
BOM,show_operations,Check,label,Show Operations
BOM,web_long_description,Text Editor,label,Website Description
BOM,reference_section,Section Break,label,Reference
BOM,bom_creator,Link,label,BOM Creator
BOM,bom_creator_item,Data,label,BOM Creator Item
BOM,amended_from,Link,label,Amended From
BOM,connections_tab,Tab Break,label,Connections
Budget,naming_series,Select,label,Series
Budget,naming_series,Select,option,BUDGET-.YYYY.-
Budget,budget_against,Select,label,Budget Against
Budget,budget_against,Select,option,Cost Center
Budget,budget_against,Select,option,Project
Budget,company,Link,label,Company
Budget,cost_center,Link,label,Cost Center
Budget,project,Link,label,Project
Budget,fiscal_year,Link,label,Fiscal Year
Budget,monthly_distribution,Link,label,Monthly Distribution
Budget,amended_from,Link,label,Amended From
Budget,section_break_6,Section Break,label,Control Action
Budget,applicable_on_material_request,Check,label,Applicable on Material Request
Budget,action_if_annual_budget_exceeded_on_mr,Select,label,Action if Annual Budget Exceeded on MR
Budget,action_if_annual_budget_exceeded_on_mr,Select,option,Stop
Budget,action_if_annual_budget_exceeded_on_mr,Select,option,Warn
Budget,action_if_annual_budget_exceeded_on_mr,Select,option,Ignore
Budget,action_if_accumulated_monthly_budget_exceeded_on_mr,Select,label,Action if Accumulated Monthly Budget Exceeded on MR
Budget,action_if_accumulated_monthly_budget_exceeded_on_mr,Select,option,Stop
Budget,action_if_accumulated_monthly_budget_exceeded_on_mr,Select,option,Warn
Budget,action_if_accumulated_monthly_budget_exceeded_on_mr,Select,option,Ignore
Budget,applicable_on_purchase_order,Check,label,Applicable on Purchase Order
Budget,action_if_annual_budget_exceeded_on_po,Select,label,Action if Annual Budget Exceeded on PO
Budget,action_if_annual_budget_exceeded_on_po,Select,option,Stop
Budget,action_if_annual_budget_exceeded_on_po,Select,option,Warn
Budget,action_if_annual_budget_exceeded_on_po,Select,option,Ignore
Budget,action_if_accumulated_monthly_budget_exceeded_on_po,Select,label,Action if Accumulated Monthly Budget Exceeded on PO
Budget,action_if_accumulated_monthly_budget_exceeded_on_po,Select,option,Stop
Budget,action_if_accumulated_monthly_budget_exceeded_on_po,Select,option,Warn
Budget,action_if_accumulated_monthly_budget_exceeded_on_po,Select,option,Ignore
Budget,applicable_on_booking_actual_expenses,Check,label,Applicable on booking actual expenses
Budget,action_if_annual_budget_exceeded,Select,label,Action if Annual Budget Exceeded on Actual
Budget,action_if_annual_budget_exceeded,Select,option,Stop
Budget,action_if_annual_budget_exceeded,Select,option,Warn
Budget,action_if_annual_budget_exceeded,Select,option,Ignore
Budget,action_if_accumulated_monthly_budget_exceeded,Select,label,Action if Accumulated Monthly Budget Exceeded on Actual
Budget,action_if_accumulated_monthly_budget_exceeded,Select,option,Stop
Budget,action_if_accumulated_monthly_budget_exceeded,Select,option,Warn
Budget,action_if_accumulated_monthly_budget_exceeded,Select,option,Ignore
Budget,accounts,Table,label,Budget Accounts
Employee Advance,naming_series,Select,label,Series
Employee Advance,naming_series,Select,option,HR-EAD-.YYYY.-
Employee Advance,employee,Link,label,Employee
Employee Advance,employee_name,Read Only,label,Employee Name
Employee Advance,posting_date,Date,label,Posting Date
Employee Advance,company,Link,label,Company
Employee Advance,department,Link,label,Department
Employee Advance,currency_section,Section Break,label,Currency
Employee Advance,currency,Link,label,Currency
Employee Advance,exchange_rate,Float,label,Exchange Rate
Employee Advance,section_break_8,Section Break,label,Purpose & Amount
Employee Advance,purpose,Small Text,label,Purpose
Employee Advance,advance_amount,Currency,label,Advance Amount
Employee Advance,advance_amount,Currency,description,Amount of expense
Employee Advance,paid_amount,Currency,label,Paid Amount
Employee Advance,paid_amount,Currency,description,Amount that has been paid against this advance
Employee Advance,pending_amount,Currency,label,Pending Amount
Employee Advance,pending_amount,Currency,description,Pending (unpaid) amount from previous advances
Employee Advance,claimed_amount,Currency,label,Claimed Amount
Employee Advance,claimed_amount,Currency,description,Amount claimed via Expense Claim
Employee Advance,return_amount,Currency,label,Returned Amount
Employee Advance,return_amount,Currency,description,Amount scheduled for deduction via salary
Employee Advance,section_break_7,Section Break,label,Accounting
Employee Advance,advance_account,Link,label,Advance Account
Employee Advance,mode_of_payment,Link,label,Mode of Payment
Employee Advance,repay_unclaimed_amount_from_salary,Check,label,Repay Unclaimed Amount from Salary
Employee Advance,more_info_section,Section Break,label,More Info
Employee Advance,status,Select,label,Status
Employee Advance,status,Select,option,Draft
Employee Advance,status,Select,option,Paid
Employee Advance,status,Select,option,Unpaid
Employee Advance,status,Select,option,Claimed
Employee Advance,status,Select,option,Returned
Employee Advance,status,Select,option,Partly Claimed and Returned
Employee Advance,status,Select,option,Cancelled
Employee Advance,amended_from,Link,label,Amended From
Dashboard Chart,is_standard,Check,label,Is Standard
Dashboard Chart,module,Link,label,Module
Dashboard Chart,chart_name,Data,label,Chart Name
Dashboard Chart,chart_type,Select,label,Chart Type
Dashboard Chart,chart_type,Select,option,Count
Dashboard Chart,chart_type,Select,option,Sum
Dashboard Chart,chart_type,Select,option,Average
Dashboard Chart,chart_type,Select,option,Group By
Dashboard Chart,chart_type,Select,option,Custom
Dashboard Chart,chart_type,Select,option,Report
Dashboard Chart,report_name,Link,label,Report Name
Dashboard Chart,use_report_chart,Check,label,Use Report Chart
Dashboard Chart,x_field,Select,label,X Field
Dashboard Chart,y_axis,Table,label,Y Axis
Dashboard Chart,source,Link,label,Chart Source
Dashboard Chart,document_type,Link,label,Document Type
Dashboard Chart,parent_document_type,Link,label,Parent Document Type
Dashboard Chart,parent_document_type,Link,description,"The document type selected is a child table, so the parent document type is required."
Dashboard Chart,based_on,Select,label,Time Series Based On
Dashboard Chart,value_based_on,Select,label,Value Based On
Dashboard Chart,group_by_type,Select,label,Group By Type
Dashboard Chart,group_by_type,Select,option,Count
Dashboard Chart,group_by_type,Select,option,Sum
Dashboard Chart,group_by_type,Select,option,Average
Dashboard Chart,group_by_based_on,Select,label,Group By Based On
Dashboard Chart,aggregate_function_based_on,Select,label,Aggregate Function Based On
Dashboard Chart,number_of_groups,Int,label,Number of Groups
Dashboard Chart,is_public,Check,label,Is Public
Dashboard Chart,is_public,Check,description,This chart will be available to all Users if this is set
Dashboard Chart,heatmap_year,Select,label,Year
Dashboard Chart,timespan,Select,label,Timespan
Dashboard Chart,timespan,Select,option,Last Year
Dashboard Chart,timespan,Select,option,Last Quarter
Dashboard Chart,timespan,Select,option,Last Month
Dashboard Chart,timespan,Select,option,Last Week
Dashboard Chart,timespan,Select,option,Select Date Range
Dashboard Chart,from_date,Date,label,From Date
Dashboard Chart,to_date,Date,label,To Date
Dashboard Chart,time_interval,Select,label,Time Interval
Dashboard Chart,time_interval,Select,option,Yearly
Dashboard Chart,time_interval,Select,option,Quarterly
Dashboard Chart,time_interval,Select,option,Monthly
Dashboard Chart,time_interval,Select,option,Weekly
Dashboard Chart,time_interval,Select,option,Daily
Dashboard Chart,timeseries,Check,label,Time Series
Dashboard Chart,type,Select,label,Type
Dashboard Chart,type,Select,option,Line
Dashboard Chart,type,Select,option,Bar
Dashboard Chart,type,Select,option,Percentage
Dashboard Chart,type,Select,option,Pie
Dashboard Chart,type,Select,option,Donut
Dashboard Chart,type,Select,option,Heatmap
Dashboard Chart,show_values_over_chart,Check,label,Show Values over Chart
Dashboard Chart,currency,Link,label,Currency
Dashboard Chart,filters_section,Section Break,label,Filters
Dashboard Chart,filters_json,Code,label,Filters JSON
Dashboard Chart,dynamic_filters_section,Section Break,label,Dynamic Filters
Dashboard Chart,dynamic_filters_json,Code,label,Dynamic Filters JSON
Dashboard Chart,chart_options_section,Section Break,label,Chart Options
Dashboard Chart,custom_options,Code,label,Custom Options
Dashboard Chart,custom_options,Code,description,"Ex: ""colors"": [""#d1d8dd"", ""#ff5858""]"
Dashboard Chart,color,Color,label,Color
Dashboard Chart,last_synced_on,Datetime,label,Last Synced On
Dashboard Chart,roles,Table,label,Roles
Dashboard Chart,roles,Table,description,"If set, only user with these roles can access this chart. If not set, DocType or Report permissions will be used."
Notification Log,subject,Text,label,Subject
Notification Log,for_user,Link,label,For User
Notification Log,type,Select,label,Type
Notification Log,type,Select,option,Mention
Notification Log,type,Select,option,Energy Point
Notification Log,type,Select,option,Assignment
Notification Log,type,Select,option,Share
Notification Log,type,Select,option,Alert
Notification Log,email_content,Text Editor,label,Message
Notification Log,document_type,Link,label,Document Type
Notification Log,read,Check,label,Read
Notification Log,document_name,Data,label,Document Link
Notification Log,attached_file,Code,label,Attached File
Notification Log,attachment_link,HTML,label,Attachment Link
Notification Log,open_reference_document,Button,label,Open Reference Document
Notification Log,from_user,Link,label,From User
Notification Log,link,Small Text,label,Link
Asset Movement,company,Link,label,Company
Asset Movement,purpose,Select,label,Purpose
Asset Movement,purpose,Select,option,Issue
Asset Movement,purpose,Select,option,Receipt
Asset Movement,purpose,Select,option,Transfer
Asset Movement,purpose,Select,option,Transfer and Issue
Asset Movement,transaction_date,Datetime,label,Transaction Date
Asset Movement,assets,Table,label,Assets
Asset Movement,reference,Section Break,label,Reference
Asset Movement,reference_doctype,Link,label,Reference Document Type
Asset Movement,reference_name,Dynamic Link,label,Reference Document Name
Asset Movement,amended_from,Link,label,Amended From
Employee Attendance Tool,date,Date,label,Date
Employee Attendance Tool,shift,Link,label,Shift
Employee Attendance Tool,late_entry,Check,label,Late Entry
Employee Attendance Tool,early_exit,Check,label,Early Exit
Employee Attendance Tool,section_break_ackd,Section Break,label,Get Employees
Employee Attendance Tool,section_break_ackd,Section Break,description,Set filters to fetch employees
Employee Attendance Tool,company,Link,label,Company
Employee Attendance Tool,branch,Link,label,Branch
Employee Attendance Tool,department,Link,label,Department
Employee Attendance Tool,employment_type,Link,label,Employment Type
Employee Attendance Tool,designation,Link,label,Designation
Employee Attendance Tool,employee_grade,Link,label,Employee Grade
Employee Attendance Tool,get_employees,Button,label,Get Employees
Employee Attendance Tool,select_employees_section,Section Break,label,Select Employees
Employee Attendance Tool,unmarked_employee_header,HTML,label,Unmarked Employee Header
Employee Attendance Tool,status,Select,label,Status
Employee Attendance Tool,status,Select,option,Present
Employee Attendance Tool,status,Select,option,Absent
Employee Attendance Tool,status,Select,option,Half Day
Employee Attendance Tool,status,Select,option,Work From Home
Employee Attendance Tool,unmarked_employees_html,HTML,label,Unmarked Employees HTML
Employee Attendance Tool,horizontal_break,HTML,label,Horizontal Break
Employee Attendance Tool,half_day_marked_employee_header,HTML,label,Half Day Marked Employee Header
Employee Attendance Tool,half_day_status,Select,label,Status for Other Half
Employee Attendance Tool,half_day_status,Select,option,Present
Employee Attendance Tool,half_day_status,Select,option,Absent
Employee Attendance Tool,half_marked_employees_html,HTML,label,Employees on Half Day HTML
Employee Attendance Tool,marked_attendance_section,Section Break,label,Marked Attendance
Employee Attendance Tool,marked_attendance_html,HTML,label,Marked Attendance HTML
User,,DocType,doctype_description,Represents a User in the system.
User,user_details_tab,Tab Break,label,User Details
User,enabled,Check,label,Enabled
User,section_break_3,Section Break,label,Basic Info
User,email,Data,label,Email
User,first_name,Data,label,First Name
User,middle_name,Data,label,Middle Name
User,last_name,Data,label,Last Name
User,full_name,Data,label,Full Name
User,username,Data,label,Username
User,language,Link,label,Language
User,time_zone,Autocomplete,label,Time Zone
User,send_welcome_email,Check,label,Send Welcome Email
User,unsubscribed,Check,label,Unsubscribed
User,user_image,Attach Image,label,User Image
User,user_image,Attach Image,description,Get your globally recognized avatar from Gravatar.com
User,roles_permissions_tab,Tab Break,label,Roles & Permissions
User,sb1,Section Break,label,Roles
User,role_profile_name,Link,label,Role Profile
User,roles_html,HTML,label,Roles HTML
User,roles,Table,label,Roles Assigned
User,sb_allow_modules,Section Break,label,Allow Modules
User,module_profile,Link,label,Module Profile
User,modules_html,HTML,label,Modules HTML
User,block_modules,Table,label,Block Modules
User,home_settings,Code,label,Home Settings
User,short_bio,Tab Break,label,More Information
User,gender,Link,label,Gender
User,birth_date,Date,label,Birth Date
User,interest,Small Text,label,Interests
User,phone,Data,label,Phone
User,location,Data,label,Location
User,bio,Small Text,label,Bio
User,mobile_no,Data,label,Mobile No
User,settings_tab,Tab Break,label,Settings
User,desk_settings_section,Section Break,label,Desk Settings
User,mute_sounds,Check,label,Mute Sounds
User,desk_theme,Select,label,Desk Theme
User,desk_theme,Select,option,Light
User,desk_theme,Select,option,Dark
User,desk_theme,Select,option,Automatic
User,banner_image,Attach Image,label,Banner Image
User,navigation_settings_section,Section Break,label,Navigation Settings
User,search_bar,Check,label,Search Bar
User,notifications,Check,label,Notifications
User,list_settings_section,Section Break,label,List Settings
User,list_sidebar,Check,label,Sidebar
User,bulk_actions,Check,label,Bulk Actions
User,view_switcher,Check,label,View Switcher
User,form_settings_section,Section Break,label,Form Settings
User,form_sidebar,Check,label,Sidebar
User,timeline,Check,label,Timeline
User,dashboard,Check,label,Dashboard
User,change_password,Section Break,label,Change Password
User,new_password,Password,label,Set New Password
User,logout_all_sessions,Check,label,Logout From All Devices After Changing Password
User,reset_password_key,Data,label,Reset Password Key
User,last_reset_password_key_generated_on,Datetime,label,Last Reset Password Key Generated On
User,last_reset_password_key_generated_on,Datetime,description,Stores the datetime when the last reset password key was generated.
User,last_password_reset_date,Date,label,Last Password Reset Date
User,redirect_url,Small Text,label,Redirect URL
User,document_follow_notifications_section,Section Break,label,Document Follow
User,document_follow_notify,Check,label,Send Notifications For Documents Followed By Me
User,document_follow_frequency,Select,label,Frequency
User,document_follow_frequency,Select,option,Hourly
User,document_follow_frequency,Select,option,Daily
User,document_follow_frequency,Select,option,Weekly
User,follow_created_documents,Check,label,Auto follow documents that you create
User,follow_commented_documents,Check,label,Auto follow documents that you comment on
User,follow_liked_documents,Check,label,Auto follow documents that you Like
User,follow_assigned_documents,Check,label,Auto follow documents that are assigned to you
User,follow_shared_documents,Check,label,Auto follow documents that are shared with you
User,email_settings,Section Break,label,Email
User,email_signature,Small Text,label,Email Signature
User,thread_notify,Check,label,Send Notifications For Email Threads
User,send_me_a_copy,Check,label,Send Me A Copy of Outgoing Emails
User,allowed_in_mentions,Check,label,Allowed In Mentions
User,user_emails,Table,label,User Emails
User,workspace_section,Section Break,label,Workspace
User,default_workspace,Link,label,Default Workspace
User,default_workspace,Link,description,"If left empty, the default workspace will be the last visited workspace"
User,app_section,Section Break,label,App
User,default_app,Select,label,Default App
User,default_app,Select,description,Redirect to the selected app after login
User,sb2,Section Break,label,Defaults
User,sb2,Section Break,description,These values will be automatically updated in transactions and also will be useful to restrict permissions for this user on transactions containing these values.
User,defaults,Table,label,User Defaults
User,defaults,Table,description,"Enter default value fields (keys) and values. If you add multiple values for a field, the first one will be picked. These defaults are also used to set ""match"" permission rules. To see list of fields, go to ""Customize Form""."
User,sb3,Section Break,label,Security Settings
User,simultaneous_sessions,Int,label,Simultaneous Sessions
User,restrict_ip,Small Text,label,Restrict IP
User,restrict_ip,Small Text,description,Restrict user from this IP address only. Multiple IP addresses can be added by separating with commas. Also accepts partial IP addresses like (111.111.111)
User,last_ip,Read Only,label,Last IP
User,login_after,Int,label,Login After
User,login_after,Int,description,Allow user to login only after this hour (0-24)
User,user_type,Link,label,User Type
User,user_type,Link,description,"If the user has any role checked, then the user becomes a ""System User"". ""System User"" has access to the desktop"
User,last_active,Datetime,label,Last Active
User,login_before,Int,label,Login Before
User,login_before,Int,description,Allow user to login only before this hour (0-24)
User,bypass_restrict_ip_check_if_2fa_enabled,Check,label,Bypass Restricted IP Address Check If Two Factor Auth Enabled
User,bypass_restrict_ip_check_if_2fa_enabled,Check,description,"If enabled,  user can login from any IP Address using Two Factor Auth, this can also be set for all users in System Settings"
User,last_login,Read Only,label,Last Login
User,last_known_versions,Text,label,Last Known Versions
User,last_known_versions,Text,description,Stores the JSON of last known versions of various installed apps. It is used to show release notes.
User,third_party_authentication,Section Break,label,Third Party Authentication
User,social_logins,Table,label,Social Logins
User,api_access,Section Break,label,API Access
User,api_key,Data,label,API Key
User,api_key,Data,description,API Key cannot be regenerated
User,generate_keys,Button,label,Generate Keys
User,generate_keys,Button,description,"<a href=""https://docs.frappe.io/framework/user/en/api/rest#1-token-based-authentication"" target=""_blank"">
  Click here to learn about token-based authentication
</a>"
User,api_secret,Password,label,API Secret
User,onboarding_status,Small Text,label,Onboarding Status
User,connections_tab,Tab Break,label,Connections
Number Card,is_standard,Check,label,Is Standard
Number Card,module,Link,label,Module
Number Card,label,Data,label,Label
Number Card,type,Select,label,Type
Number Card,type,Select,option,Document Type
Number Card,type,Select,option,Report
Number Card,type,Select,option,Custom
Number Card,report_name,Link,label,Report Name
Number Card,method,Data,label,Method
Number Card,method,Data,description,"Set the path to a whitelisted function that will return the data for the number card in the format:

<pre class=""small text-muted""><code>
{
	""value"": value,
	""fieldtype"": ""Currency"",
	""route_options"": {""from_date"": ""2023-05-23""},
	""route"": [""query-report"", ""Permitted Documents For User""]
}</code></pre>"
Number Card,function,Select,label,Function
Number Card,function,Select,option,Count
Number Card,function,Select,option,Sum
Number Card,function,Select,option,Average
Number Card,function,Select,option,Minimum
Number Card,function,Select,option,Maximum
Number Card,aggregate_function_based_on,Select,label,Aggregate Function Based On
Number Card,document_type,Link,label,Document Type
Number Card,parent_document_type,Link,label,Parent Document Type
Number Card,parent_document_type,Link,description,"The document type selected is a child table, so the parent document type is required."
Number Card,report_field,Select,label,Field
Number Card,report_function,Select,label,Function
Number Card,report_function,Select,option,Sum
Number Card,report_function,Select,option,Average
Number Card,report_function,Select,option,Minimum
Number Card,report_function,Select,option,Maximum
Number Card,is_public,Check,label,Is Public
Number Card,is_public,Check,description,This card will be available to all Users if this is set
Number Card,currency,Link,label,Currency
Number Card,custom_configuration_section,Section Break,label,Custom Configuration
Number Card,filters_config,Code,label,Filters Configuration
Number Card,filters_config,Code,description,"Set the filters here. For example:
<pre class=""small text-muted""><code>
[{
	fieldname: ""company"",
	label: __(""Company""),
	fieldtype: ""Link"",
	options: ""Company"",
	default: frappe.defaults.get_user_default(""Company""),
	reqd: 1
},
{
	fieldname: ""account"",
	label: __(""Account""),
	fieldtype: ""Link"",
	options: ""Account"",
	reqd: 1
}]
</code></pre>"
Number Card,stats_section,Section Break,label,Stats
Number Card,show_percentage_stats,Check,label,Show Percentage Stats
Number Card,stats_time_interval,Select,label,Stats Time Interval
Number Card,stats_time_interval,Select,description,Show percentage difference according to this time interval
Number Card,stats_time_interval,Select,option,Daily
Number Card,stats_time_interval,Select,option,Weekly
Number Card,stats_time_interval,Select,option,Monthly
Number Card,stats_time_interval,Select,option,Yearly
Number Card,filters_section,Section Break,label,Filters Section
Number Card,filters_json,Code,label,Filters JSON
Number Card,dynamic_filters_section,Section Break,label,Dynamic Filters Section
Number Card,dynamic_filters_json,Code,label,Dynamic Filters JSON
Number Card,color,Color,label,Color
Number Card,background_color,Color,label,Background Color
Asset,company,Link,label,Company
Asset,item_code,Link,label,Item Code
Asset,item_name,Read Only,label,Item Name
Asset,asset_owner,Select,label,Asset Owner
Asset,asset_owner,Select,option,Company
Asset,asset_owner,Select,option,Supplier
Asset,asset_owner,Select,option,Customer
Asset,asset_owner_company,Link,label,Asset Owner Company
Asset,is_existing_asset,Check,label,Is Existing Asset
Asset,is_composite_asset,Check,label,Is Composite Asset
Asset,supplier,Link,label,Supplier
Asset,customer,Link,label,Customer
Asset,image,Attach Image,label,Image
Asset,journal_entry_for_scrap,Link,label,Journal Entry for Scrap
Asset,naming_series,Select,label,Naming Series
Asset,naming_series,Select,option,ACC-ASS-.YYYY.-
Asset,asset_name,Data,label,Asset Name
Asset,asset_category,Link,label,Asset Category
Asset,location,Link,label,Location
Asset,split_from,Link,label,Split From
Asset,custodian,Link,label,Custodian
Asset,department,Link,label,Department
Asset,disposal_date,Date,label,Disposal Date
Asset,accounting_dimensions_section,Section Break,label,Accounting Dimensions
Asset,cost_center,Link,label,Cost Center
Asset,purchase_details_section,Section Break,label,Purchase Details
Asset,purchase_receipt,Link,label,Purchase Receipt
Asset,purchase_receipt_item,Data,label,Purchase Receipt Item
Asset,purchase_invoice,Link,label,Purchase Invoice
Asset,purchase_invoice_item,Data,label,Purchase Invoice Item
Asset,purchase_date,Date,label,Purchase Date
Asset,available_for_use_date,Date,label,Available-for-use Date
Asset,gross_purchase_amount,Currency,label,Net Purchase Amount
Asset,asset_quantity,Int,label,Asset Quantity
Asset,additional_asset_cost,Currency,label,Additional Asset Cost
Asset,total_asset_cost,Currency,label,Total Asset Cost
Asset,section_break_23,Section Break,label,Depreciation
Asset,calculate_depreciation,Check,label,Calculate Depreciation
Asset,opening_accumulated_depreciation,Currency,label,Opening Accumulated Depreciation
Asset,opening_number_of_booked_depreciations,Int,label,Opening Number of Booked Depreciations
Asset,is_fully_depreciated,Check,label,Is Fully Depreciated
Asset,section_break_36,Section Break,label,Finance Books
Asset,finance_books,Table,label,Finance Books
Asset,depreciation_method,Select,label,Depreciation Method
Asset,depreciation_method,Select,option,Straight Line
Asset,depreciation_method,Select,option,Double Declining Balance
Asset,depreciation_method,Select,option,Manual
Asset,value_after_depreciation,Currency,label,Value After Depreciation
Asset,total_number_of_depreciations,Int,label,Total Number of Depreciations
Asset,frequency_of_depreciation,Int,label,Frequency of Depreciation (Months)
Asset,next_depreciation_date,Date,label,Next Depreciation Date
Asset,depreciation_schedule_sb,Section Break,label,Depreciation Schedule
Asset,depreciation_schedule_view,HTML,label,Depreciation Schedule View
Asset,insurance_details,Section Break,label,Insurance details
Asset,policy_number,Data,label,Policy number
Asset,insurer,Data,label,Insurer
Asset,insured_value,Data,label,Insured value
Asset,insurance_start_date,Date,label,Insurance Start Date
Asset,insurance_end_date,Date,label,Insurance End Date
Asset,comprehensive_insurance,Data,label,Comprehensive Insurance
Asset,section_break_31,Section Break,label,Maintenance
Asset,maintenance_required,Check,label,Maintenance Required
Asset,maintenance_required,Check,description,Check if Asset requires Preventive Maintenance or Calibration
Asset,other_details,Section Break,label,Other Details
Asset,status,Select,label,Status
Asset,status,Select,option,Draft
Asset,status,Select,option,Submitted
Asset,status,Select,option,Partially Depreciated
Asset,status,Select,option,Fully Depreciated
Asset,status,Select,option,Sold
Asset,status,Select,option,Scrapped
Asset,status,Select,option,In Maintenance
Asset,status,Select,option,Out of Order
Asset,status,Select,option,Issue
Asset,status,Select,option,Receipt
Asset,status,Select,option,Capitalized
Asset,status,Select,option,Work In Progress
Asset,booked_fixed_asset,Check,label,Booked Fixed Asset
Asset,purchase_amount,Currency,label,Purchase Amount
Asset,default_finance_book,Link,label,Default Finance Book
Asset,depr_entry_posting_status,Select,label,Depreciation Entry Posting Status
Asset,depr_entry_posting_status,Select,option,Successful
Asset,depr_entry_posting_status,Select,option,Failed
Asset,amended_from,Link,label,Amended From
Manufacturing Settings,bom_and_work_order_tab,Tab Break,label,BOM and Production
Manufacturing Settings,raw_materials_consumption_section,Section Break,label,Raw Materials Consumption
Manufacturing Settings,material_consumption,Check,label,Allow Continuous Material Consumption
Manufacturing Settings,material_consumption,Check,description,Allow material consumptions without immediately manufacturing finished goods against a Work Order
Manufacturing Settings,get_rm_cost_from_consumption_entry,Check,label,Get Raw Materials Cost from Consumption Entry
Manufacturing Settings,backflush_raw_materials_based_on,Select,label,Backflush Raw Materials Based On
Manufacturing Settings,backflush_raw_materials_based_on,Select,option,BOM
Manufacturing Settings,backflush_raw_materials_based_on,Select,option,Material Transferred for Manufacture
Manufacturing Settings,validate_components_quantities_per_bom,Check,label,Validate Components and Quantities Per BOM
Manufacturing Settings,bom_section,Section Break,label,BOM
Manufacturing Settings,update_bom_costs_automatically,Check,label,Update BOM Cost Automatically
Manufacturing Settings,update_bom_costs_automatically,Check,description,"Update BOM cost automatically via scheduler, based on the latest Valuation Rate/Price List Rate/Last Purchase Rate of raw materials"
Manufacturing Settings,section_break_6,Section Break,label,Default Warehouses for Production
Manufacturing Settings,default_wip_warehouse,Link,label,Default Work In Progress Warehouse
Manufacturing Settings,default_fg_warehouse,Link,label,Default Finished Goods Warehouse
Manufacturing Settings,default_scrap_warehouse,Link,label,Default Scrap Warehouse
Manufacturing Settings,over_production_for_sales_and_work_order_section,Section Break,label,Overproduction for Sales and Work Order
Manufacturing Settings,overproduction_percentage_for_sales_order,Percent,label,Overproduction Percentage For Sales Order
Manufacturing Settings,overproduction_percentage_for_work_order,Percent,label,Overproduction Percentage For Work Order
Manufacturing Settings,job_card_section,Tab Break,label,Job Card and Capacity Planning
Manufacturing Settings,add_corrective_operation_cost_in_finished_good_valuation,Check,label,Add Corrective Operation Cost in Finished Good Valuation
Manufacturing Settings,enforce_time_logs,Check,label,Enforce Time Logs
Manufacturing Settings,enforce_time_logs,Check,description,Enabling this checkbox will force each Job Card Time Log to have From Time and To Time
Manufacturing Settings,job_card_excess_transfer,Check,label,Allow Excess Material Transfer
Manufacturing Settings,job_card_excess_transfer,Check,description,Allow transferring raw materials even after the Required Quantity is fulfilled
Manufacturing Settings,capacity_planning,Section Break,label,Capacity Planning
Manufacturing Settings,disable_capacity_planning,Check,label,Disable Capacity Planning
Manufacturing Settings,allow_overtime,Check,label,Allow Overtime
Manufacturing Settings,allow_overtime,Check,description,Plan time logs outside Workstation working hours
Manufacturing Settings,allow_production_on_holidays,Check,label,Allow Production on Holidays
Manufacturing Settings,capacity_planning_for_days,Int,label,Capacity Planning For (Days)
Manufacturing Settings,capacity_planning_for_days,Int,description,Plan operations X days in advance
Manufacturing Settings,mins_between_operations,Int,label,Time Between Operations (Mins)
Manufacturing Settings,mins_between_operations,Int,description,Default: 10 mins
Manufacturing Settings,other_settings_section,Section Break,label,Other Settings
Manufacturing Settings,set_op_cost_and_scrap_from_sub_assemblies,Check,label,Set Operating Cost / Scrap Items From Sub-assemblies
Manufacturing Settings,set_op_cost_and_scrap_from_sub_assemblies,Check,description,"To include sub-assembly costs and scrap items in Finished Goods on a work order without using a job card, when the 'Use Multi-Level BOM' option is enabled."
Manufacturing Settings,make_serial_no_batch_from_work_order,Check,label,Make Serial No / Batch from Work Order
Manufacturing Settings,make_serial_no_batch_from_work_order,Check,description,System will automatically create the serial numbers / batch for the Finished Good on submission of work order
Payment Entry,type_of_payment,Section Break,label,Type of Payment
Payment Entry,naming_series,Select,label,Series
Payment Entry,naming_series,Select,option,ثبت-پرداخت-.YYYY.-#####
Payment Entry,naming_series,Select,option,ACC-PAY-.YYYY.-
Payment Entry,payment_type,Select,label,Payment Type
Payment Entry,payment_type,Select,option,Receive
Payment Entry,payment_type,Select,option,Pay
Payment Entry,payment_type,Select,option,Internal Transfer
Payment Entry,payment_order_status,Select,label,Payment Order Status
Payment Entry,payment_order_status,Select,option,Initiated
Payment Entry,payment_order_status,Select,option,Payment Ordered
Payment Entry,posting_date,Date,label,Posting Date
Payment Entry,company,Link,label,Company
Payment Entry,mode_of_payment,Link,label,Mode of Payment
Payment Entry,party_section,Section Break,label,Payment From / To
Payment Entry,party_type,Link,label,Party Type
Payment Entry,party,Dynamic Link,label,Party
Payment Entry,party_name,Data,label,Party Name
Payment Entry,book_advance_payments_in_separate_party_account,Check,label,Book Advance Payments in Separate Party Account
Payment Entry,reconcile_on_advance_payment_date,Check,label,Reconcile on Advance Payment Date
Payment Entry,bank_account,Link,label,Company Bank Account
Payment Entry,party_bank_account,Link,label,Party Bank Account
Payment Entry,contact_person,Link,label,Contact
Payment Entry,contact_email,Data,label,Email
Payment Entry,payment_accounts_section,Section Break,label,Accounts
Payment Entry,party_balance,Currency,label,Party Balance
Payment Entry,paid_from,Link,label,Account Paid From
Payment Entry,paid_from_account_type,Data,label,Paid From Account Type
Payment Entry,paid_from_account_currency,Link,label,Account Currency (From)
Payment Entry,paid_from_account_balance,Currency,label,Account Balance (From)
Payment Entry,paid_to,Link,label,Account Paid To
Payment Entry,paid_to_account_type,Data,label,Paid To Account Type
Payment Entry,paid_to_account_currency,Link,label,Account Currency (To)
Payment Entry,paid_to_account_balance,Currency,label,Account Balance (To)
Payment Entry,payment_amounts_section,Section Break,label,Amount
Payment Entry,paid_amount,Currency,label,Paid Amount
Payment Entry,paid_amount_after_tax,Currency,label,Paid Amount After Tax
Payment Entry,source_exchange_rate,Float,label,Source Exchange Rate
Payment Entry,base_paid_amount,Currency,label,Paid Amount (Company Currency)
Payment Entry,base_paid_amount_after_tax,Currency,label,Paid Amount After Tax (Company Currency)
Payment Entry,received_amount,Currency,label,Received Amount
Payment Entry,received_amount_after_tax,Currency,label,Received Amount After Tax
Payment Entry,target_exchange_rate,Float,label,Target Exchange Rate
Payment Entry,base_received_amount,Currency,label,Received Amount (Company Currency)
Payment Entry,base_received_amount_after_tax,Currency,label,Received Amount After Tax (Company Currency)
Payment Entry,section_break_14,Section Break,label,Reference
Payment Entry,get_outstanding_invoices,Button,label,Get Outstanding Invoices
Payment Entry,get_outstanding_orders,Button,label,Get Outstanding Orders
Payment Entry,references,Table,label,Payment References
Payment Entry,section_break_34,Section Break,label,Writeoff
Payment Entry,total_allocated_amount,Currency,label,Total Allocated Amount
Payment Entry,base_total_allocated_amount,Currency,label,Total Allocated Amount (Company Currency)
Payment Entry,unallocated_amount,Currency,label,Unallocated Amount
Payment Entry,difference_amount,Currency,label,Difference Amount (Company Currency)
Payment Entry,write_off_difference_amount,Button,label,Write Off Difference Amount
Payment Entry,taxes_and_charges_section,Section Break,label,Taxes and Charges
Payment Entry,purchase_taxes_and_charges_template,Link,label,Purchase Taxes and Charges Template
Payment Entry,sales_taxes_and_charges_template,Link,label,Sales Taxes and Charges Template
Payment Entry,apply_tax_withholding_amount,Check,label,Apply Tax Withholding Amount
Payment Entry,tax_withholding_category,Link,label,Tax Withholding Category
Payment Entry,taxes,Table,label,Advance Taxes and Charges
Payment Entry,base_total_taxes_and_charges,Currency,label,Total Taxes and Charges (Company Currency)
Payment Entry,total_taxes_and_charges,Currency,label,Total Taxes and Charges
Payment Entry,deductions_or_loss_section,Section Break,label,Deductions or Loss
Payment Entry,deductions,Table,label,Payment Deductions or Loss
Payment Entry,transaction_references,Section Break,label,Transaction ID
Payment Entry,reference_no,Data,label,Cheque/Reference No
Payment Entry,reference_date,Date,label,Cheque/Reference Date
Payment Entry,clearance_date,Date,label,Clearance Date
Payment Entry,accounting_dimensions_section,Section Break,label,Accounting Dimensions
Payment Entry,project,Link,label,Project
Payment Entry,cost_center,Link,label,Cost Center
Payment Entry,section_break_12,Section Break,label,More Information
Payment Entry,status,Select,label,Status
Payment Entry,status,Select,option,Draft
Payment Entry,status,Select,option,Submitted
Payment Entry,status,Select,option,Cancelled
Payment Entry,custom_remarks,Check,label,Custom Remarks
Payment Entry,remarks,Small Text,label,Remarks
Payment Entry,base_in_words,Small Text,label,In Words (Company Currency)
Payment Entry,is_opening,Select,label,Is Opening
Payment Entry,is_opening,Select,option,No
Payment Entry,is_opening,Select,option,Yes
Payment Entry,letter_head,Link,label,Letter Head
Payment Entry,print_heading,Link,label,Print Heading
Payment Entry,bank,Read Only,label,Bank
Payment Entry,bank_account_no,Read Only,label,Bank Account No
Payment Entry,payment_order,Link,label,Payment Order
Payment Entry,in_words,Small Text,label,In Words
Payment Entry,subscription_section,Section Break,label,Subscription Section
Payment Entry,auto_repeat,Link,label,Auto Repeat
Payment Entry,amended_from,Link,label,Amended From
Payment Entry,title,Data,label,Title
Contact Us Settings,,DocType,doctype_description,Settings for Contact Us Page
Contact Us Settings,introduction_section,Section Break,label,Introduction
Contact Us Settings,forward_to_email,Data,label,Forward To Email Address
Contact Us Settings,forward_to_email,Data,description,Send enquiries to this email address
Contact Us Settings,heading,Data,label,Heading
Contact Us Settings,heading,Data,description,"Default: ""Contact Us"""
Contact Us Settings,introduction,Text Editor,label,Introduction
Contact Us Settings,introduction,Text Editor,description,Introductory information for the Contact Us Page
Contact Us Settings,query_options,Small Text,label,Query Options
Contact Us Settings,query_options,Small Text,description,"Contact options, like ""Sales Query, Support Query"" etc each on a new line or separated by commas."
Contact Us Settings,address,Section Break,label,Address
Contact Us Settings,address_title,Data,label,Address Title
Contact Us Settings,address_line1,Data,label,Address Line 1
Contact Us Settings,address_line2,Data,label,Address Line 2
Contact Us Settings,city,Data,label,City
Contact Us Settings,state,Data,label,State/Province
Contact Us Settings,pincode,Data,label,Pincode
Contact Us Settings,country,Data,label,Country
Contact Us Settings,phone,Data,label,Phone
Contact Us Settings,email_id,Data,label,Email Id
Contact Us Settings,skype,Data,label,Skype
Asset Category,asset_category_name,Data,label,Asset Category Name
Asset Category,depreciation_options,Section Break,label,Depreciation Options
Asset Category,enable_cwip_accounting,Check,label,Enable Capital Work in Progress Accounting
Asset Category,non_depreciable_category,Check,label,Non Depreciable Category
Asset Category,finance_book_detail,Section Break,label,Finance Book Detail
Asset Category,finance_books,Table,label,Finance Books
Asset Category,section_break_2,Section Break,label,Accounts
Asset Category,accounts,Table,label,Accounts
Selling Settings,,DocType,doctype_description,Settings for Selling Module
Selling Settings,customer_defaults_section,Section Break,label,Customer Defaults
Selling Settings,cust_master_name,Select,label,Customer Naming By
Selling Settings,cust_master_name,Select,option,Customer Name
Selling Settings,cust_master_name,Select,option,Naming Series
Selling Settings,cust_master_name,Select,option,Auto Name
Selling Settings,customer_group,Link,label,Default Customer Group
Selling Settings,territory,Link,label,Default Territory
Selling Settings,item_price_settings_section,Section Break,label,Item Price Settings
Selling Settings,selling_price_list,Link,label,Default Price List
Selling Settings,maintain_same_rate_action,Select,label,Action if Same Rate is Not Maintained Throughout Sales Cycle
Selling Settings,maintain_same_rate_action,Select,option,Stop
Selling Settings,maintain_same_rate_action,Select,option,Warn
Selling Settings,role_to_override_stop_action,Link,label,Role Allowed to Override Stop Action
Selling Settings,maintain_same_sales_rate,Check,label,Maintain Same Rate Throughout Sales Cycle
Selling Settings,editable_price_list_rate,Check,label,Allow User to Edit Price List Rate in Transactions
Selling Settings,validate_selling_price,Check,label,Validate Selling Price for Item Against Purchase Rate or Valuation Rate
Selling Settings,editable_bundle_item_rates,Check,label,Calculate Product Bundle Price based on Child Items' Rates
Selling Settings,allow_negative_rates_for_items,Check,label,Allow Negative rates for Items
Selling Settings,sales_transactions_settings_section,Section Break,label,Transaction Settings
Selling Settings,so_required,Select,label,Is Sales Order Required for Sales Invoice & Delivery Note Creation?
Selling Settings,so_required,Select,option,No
Selling Settings,so_required,Select,option,Yes
Selling Settings,dn_required,Select,label,Is Delivery Note Required for Sales Invoice Creation?
Selling Settings,dn_required,Select,option,No
Selling Settings,dn_required,Select,option,Yes
Selling Settings,sales_update_frequency,Select,label,Sales Update Frequency in Company and Project
Selling Settings,sales_update_frequency,Select,description,How often should Project and Company be updated based on Sales Transactions?
Selling Settings,sales_update_frequency,Select,option,Monthly
Selling Settings,sales_update_frequency,Select,option,Each Transaction
Selling Settings,sales_update_frequency,Select,option,Daily
Selling Settings,blanket_order_allowance,Float,label,Blanket Order Allowance (%)
Selling Settings,blanket_order_allowance,Float,description,Percentage you are allowed to sell beyond the Blanket Order quantity.
Selling Settings,allow_multiple_items,Check,label,Allow Item to be Added Multiple Times in a Transaction
Selling Settings,allow_against_multiple_purchase_orders,Check,label,Allow Multiple Sales Orders Against a Customer's Purchase Order
Selling Settings,allow_sales_order_creation_for_expired_quotation,Check,label,Allow Sales Order Creation For Expired Quotation
Selling Settings,dont_reserve_sales_order_qty_on_sales_return,Check,label,Don't Reserve Sales Order Qty on Sales Return
Selling Settings,hide_tax_id,Check,label,Hide Customer's Tax ID from Sales Transactions
Selling Settings,enable_discount_accounting,Check,label,Enable Discount Accounting for Selling
Selling Settings,enable_discount_accounting,Check,description,"If enabled, additional ledger entries will be made for discounts in a separate Discount Account"
Selling Settings,allow_zero_qty_in_quotation,Check,label,Allow Quotation with Zero Quantity
Selling Settings,allow_zero_qty_in_quotation,Check,description,Allows users to submit Quotations with zero quantity. Useful when rates are fixed but the quantities are not. Eg. Rate Contracts.
Selling Settings,allow_zero_qty_in_sales_order,Check,label,Allow Sales Order with Zero Quantity
Selling Settings,allow_zero_qty_in_sales_order,Check,description,Allows users to submit Sales Orders with zero quantity. Useful when rates are fixed but the quantities are not. Eg. Rate Contracts.
Stock Settings,,DocType,doctype_description,Default settings for your stock-related transactions
Stock Settings,defaults_tab,Tab Break,label,Defaults
Stock Settings,item_defaults_section,Section Break,label,Item Defaults
Stock Settings,item_naming_by,Select,label,Item Naming By
Stock Settings,item_naming_by,Select,option,Item Code
Stock Settings,item_naming_by,Select,option,Naming Series
Stock Settings,valuation_method,Select,label,Default Valuation Method
Stock Settings,valuation_method,Select,option,FIFO
Stock Settings,valuation_method,Select,option,Moving Average
Stock Settings,valuation_method,Select,option,LIFO
Stock Settings,item_group,Link,label,Default Item Group
Stock Settings,default_warehouse,Link,label,Default Warehouse
Stock Settings,sample_retention_warehouse,Link,label,Sample Retention Warehouse
Stock Settings,stock_uom,Link,label,Default Stock UOM
Stock Settings,price_list_defaults_section,Section Break,label,Price List Defaults
Stock Settings,auto_insert_price_list_rate_if_missing,Check,label,Auto Insert Item Price If Missing
Stock Settings,update_price_list_based_on,Select,label,Update Price List Based On
Stock Settings,update_price_list_based_on,Select,option,Rate
Stock Settings,update_price_list_based_on,Select,option,Price List Rate
Stock Settings,update_existing_price_list_rate,Check,label,Update Existing Price List Rate
Stock Settings,conversion_factor_section,Section Break,label,Stock UOM Quantity
Stock Settings,allow_to_edit_stock_uom_qty_for_sales,Check,label,Allow to Edit Stock UOM Qty for Sales Documents
Stock Settings,allow_to_edit_stock_uom_qty_for_purchase,Check,label,Allow to Edit Stock UOM Qty for Purchase Documents
Stock Settings,allow_uom_with_conversion_rate_defined_in_item,Check,label,Allow UOM with Conversion Rate Defined in Item
Stock Settings,allow_uom_with_conversion_rate_defined_in_item,Check,description,"If enabled, the system will allow selecting UOMs in sales and purchase transactions only if the conversion rate is set in the item master."
Stock Settings,stock_validations_tab,Tab Break,label,Stock Validations
Stock Settings,section_break_9,Section Break,label,Stock Transactions Settings
Stock Settings,over_delivery_receipt_allowance,Float,label,Over Delivery/Receipt Allowance (%)
Stock Settings,over_delivery_receipt_allowance,Float,description,"The percentage you are allowed to receive or deliver more against the quantity ordered. For example, if you have ordered 100 units, and your Allowance is 10%, then you are allowed to receive 110 units."
Stock Settings,mr_qty_allowance,Float,label,Over Transfer Allowance
Stock Settings,mr_qty_allowance,Float,description,"The percentage you are allowed to transfer more against the quantity ordered. For example, if you have ordered 100 units, and your Allowance is 10%, then you are allowed transfer 110 units."
Stock Settings,over_picking_allowance,Percent,label,Over Picking Allowance
Stock Settings,over_picking_allowance,Percent,description,The percentage you are allowed to pick more items in the pick list than the ordered quantity.
Stock Settings,role_allowed_to_over_deliver_receive,Link,label,Role Allowed to Over Deliver/Receive
Stock Settings,role_allowed_to_over_deliver_receive,Link,description,Users with this role are allowed to over deliver/receive against orders above the allowance percentage
Stock Settings,allow_negative_stock,Check,label,Allow Negative Stock
Stock Settings,show_barcode_field,Check,label,Show Barcode Field in Stock Transactions
Stock Settings,clean_description_html,Check,label,Convert Item Description to Clean HTML in Transactions
Stock Settings,allow_internal_transfer_at_arms_length_price,Check,label,Allow Internal Transfers at Arm's Length Price
Stock Settings,allow_internal_transfer_at_arms_length_price,Check,description,"If enabled, the item rate won't adjust to the valuation rate during internal transfers, but accounting will still use the valuation rate."
Stock Settings,quality_inspection_settings_section,Section Break,label,Quality Inspection Settings
Stock Settings,action_if_quality_inspection_is_not_submitted,Select,label,Action If Quality Inspection Is Not Submitted
Stock Settings,action_if_quality_inspection_is_not_submitted,Select,option,Stop
Stock Settings,action_if_quality_inspection_is_not_submitted,Select,option,Warn
Stock Settings,action_if_quality_inspection_is_rejected,Select,label,Action If Quality Inspection Is Rejected
Stock Settings,action_if_quality_inspection_is_rejected,Select,option,Stop
Stock Settings,action_if_quality_inspection_is_rejected,Select,option,Warn
Stock Settings,stock_reservation_tab,Tab Break,label,Stock Reservation
Stock Settings,enable_stock_reservation,Check,label,Enable Stock Reservation
Stock Settings,enable_stock_reservation,Check,description,Allows to keep aside a specific quantity of inventory for a particular order.
Stock Settings,allow_partial_reservation,Check,label,Allow Partial Reservation
Stock Settings,allow_partial_reservation,Check,description,"Partial stock can be reserved. For example, If you have a Sales Order of 100 units and the Available Stock is 90 units then a Stock Reservation Entry will be created for 90 units."
Stock Settings,auto_reserve_stock_for_sales_order_on_purchase,Check,label,Auto Reserve Stock for Sales Order on Purchase
Stock Settings,auto_reserve_stock_for_sales_order_on_purchase,Check,description,Stock will be reserved on submission of <b>Purchase Receipt</b> created against Material Request for Sales Order.
Stock Settings,serial_and_batch_reservation_section,Section Break,label,Serial and Batch Reservation
Stock Settings,auto_reserve_serial_and_batch,Check,label,Auto Reserve Serial and Batch Nos
Stock Settings,auto_reserve_serial_and_batch,Check,description,Serial and Batch Nos will be auto-reserved based on <b>Pick Serial / Batch Based On</b>
Stock Settings,serial_and_batch_item_settings_tab,Tab Break,label,Serial & Batch Item
Stock Settings,section_break_7,Section Break,label,Serial & Batch Item Settings
Stock Settings,allow_existing_serial_no,Check,label,Allow existing Serial No to be Manufactured/Received again
Stock Settings,do_not_use_batchwise_valuation,Check,label,Do Not Use Batch-wise Valuation
Stock Settings,do_not_use_batchwise_valuation,Check,description,"If enabled, the system will use the moving average valuation method to calculate the valuation rate for the batched items and will not consider the individual batch-wise incoming rate."
Stock Settings,auto_create_serial_and_batch_bundle_for_outward,Check,label,Auto Create Serial and Batch Bundle For Outward
Stock Settings,pick_serial_and_batch_based_on,Select,label,Pick Serial / Batch Based On
Stock Settings,pick_serial_and_batch_based_on,Select,option,FIFO
Stock Settings,pick_serial_and_batch_based_on,Select,option,LIFO
Stock Settings,pick_serial_and_batch_based_on,Select,option,Expiry
Stock Settings,disable_serial_no_and_batch_selector,Check,label,Disable Serial No And Batch Selector
Stock Settings,use_serial_batch_fields,Check,label,Use Serial / Batch Fields
Stock Settings,use_serial_batch_fields,Check,description,"On submission of the stock transaction, system will auto create the Serial and Batch Bundle based on the Serial No / Batch fields."
Stock Settings,do_not_update_serial_batch_on_creation_of_auto_bundle,Check,label,Do Not Update Serial / Batch on Creation of Auto Bundle
Stock Settings,do_not_update_serial_batch_on_creation_of_auto_bundle,Check,description,"If enabled, do not update serial / batch values in the stock transactions on creation of auto Serial 
 / Batch Bundle."
Stock Settings,serial_and_batch_bundle_section,Section Break,label,Serial and Batch Bundle
Stock Settings,set_serial_and_batch_bundle_naming_based_on_naming_series,Check,label,Set Serial and Batch Bundle Naming Based on Naming Series
Stock Settings,use_naming_series,Check,label,Have Default Naming Series for Batch ID?
Stock Settings,naming_series_prefix,Data,label,Naming Series Prefix
Stock Settings,stock_reservation_tab,Tab Break,label,Stock Reservation
Stock Settings,enable_stock_reservation,Check,label,Enable Stock Reservation
Stock Settings,enable_stock_reservation,Check,description,Allows to keep aside a specific quantity of inventory for a particular order.
Stock Settings,allow_partial_reservation,Check,label,Allow Partial Reservation
Stock Settings,allow_partial_reservation,Check,description,"Partial stock can be reserved. For example, If you have a Sales Order of 100 units and the Available Stock is 90 units then a Stock Reservation Entry will be created for 90 units."
Stock Settings,auto_reserve_stock_for_sales_order_on_purchase,Check,label,Auto Reserve Stock for Sales Order on Purchase
Stock Settings,auto_reserve_stock_for_sales_order_on_purchase,Check,description,Stock will be reserved on submission of <b>Purchase Receipt</b> created against Material Request for Sales Order.
Stock Settings,serial_and_batch_reservation_section,Section Break,label,Serial and Batch Reservation
Stock Settings,auto_reserve_serial_and_batch,Check,label,Auto Reserve Serial and Batch Nos
Stock Settings,auto_reserve_serial_and_batch,Check,description,Serial and Batch Nos will be auto-reserved based on <b>Pick Serial / Batch Based On</b>
Stock Settings,quality_tab,Tab Break,label,Quality
Stock Settings,quality_inspection_settings_section,Section Break,label,Quality Inspection Settings
Stock Settings,action_if_quality_inspection_is_not_submitted,Select,label,Action If Quality Inspection Is Not Submitted
Stock Settings,action_if_quality_inspection_is_not_submitted,Select,option,Stop
Stock Settings,action_if_quality_inspection_is_not_submitted,Select,option,Warn
Stock Settings,action_if_quality_inspection_is_rejected,Select,label,Action If Quality Inspection Is Rejected
Stock Settings,action_if_quality_inspection_is_rejected,Select,option,Stop
Stock Settings,action_if_quality_inspection_is_rejected,Select,option,Warn
Stock Settings,allow_to_make_quality_inspection_after_purchase_or_delivery,Check,label,Allow to Make Quality Inspection after Purchase / Delivery
Stock Settings,stock_planning_tab,Tab Break,label,Stock Planning
Stock Settings,auto_material_request,Section Break,label,Auto Material Request
Stock Settings,auto_indent,Check,label,Raise Material Request When Stock Reaches Re-order Level
Stock Settings,reorder_email_notify,Check,label,Notify by Email on Creation of Automatic Material Request
Stock Settings,inter_warehouse_transfer_settings_section,Section Break,label,Inter Warehouse Transfer Settings
Stock Settings,allow_from_dn,Check,label,Allow Material Transfer from Delivery Note to Sales Invoice
Stock Settings,allow_from_pr,Check,label,Allow Material Transfer from Purchase Receipt to Purchase Invoice
Stock Settings,stock_closing_tab,Tab Break,label,Stock Closing
Stock Settings,control_historical_stock_transactions_section,Section Break,label,Control Historical Stock Transactions
Stock Settings,stock_frozen_upto,Date,label,Stock Frozen Upto
Stock Settings,stock_frozen_upto,Date,description,No stock transactions can be created or modified before this date.
Stock Settings,stock_frozen_upto_days,Int,label,Freeze Stocks Older Than (Days)
Stock Settings,stock_frozen_upto_days,Int,description,Stock transactions that are older than the mentioned days cannot be modified.
Stock Settings,role_allowed_to_create_edit_back_dated_transactions,Link,label,Role Allowed to Create/Edit Back-dated Transactions
Stock Settings,role_allowed_to_create_edit_back_dated_transactions,Link,description,"If mentioned, the system will allow only the users with this Role to create or modify any stock transaction earlier than the latest stock transaction for a specific item and warehouse. If set as blank, it allows all users to create/edit back-dated transactions."
Stock Settings,stock_auth_role,Link,label,Role Allowed to Edit Frozen Stock
Stock Settings,stock_auth_role,Link,description,"The users with this Role are allowed to create/modify a stock transaction, even though the transaction is frozen."
Income Tax Slab,disabled,Check,label,Disabled
Income Tax Slab,effective_from,Date,label,Effective from
Income Tax Slab,company,Link,label,Company
Income Tax Slab,currency,Link,label,Currency
Income Tax Slab,standard_tax_exemption_amount,Currency,label,Standard Tax Exemption Amount
Income Tax Slab,allow_tax_exemption,Check,label,Allow Tax Exemption
Income Tax Slab,allow_tax_exemption,Check,description,"If enabled, Tax Exemption Declaration will be considered for income tax calculation."
Income Tax Slab,amended_from,Link,label,Amended From
Income Tax Slab,taxable_salary_slabs_section,Section Break,label,Taxable Salary Slabs
Income Tax Slab,slabs,Table,label,Taxable Salary Slabs
Income Tax Slab,tax_relief_limit,Currency,label,Taxable Income Relief Threshold Limit
Income Tax Slab,tax_relief_limit,Currency,description,Maximum annual taxable income eligible for full tax relief. No tax is applied if income does not exceed this limit
Income Tax Slab,taxes_and_charges_on_income_tax_section,Section Break,label,Taxes and Charges on Income Tax
Income Tax Slab,other_taxes_and_charges,Table,label,Other Taxes and Charges
Scheduled Job Type,stopped,Check,label,Stopped
Scheduled Job Type,method,Data,label,Method
Scheduled Job Type,server_script,Link,label,Server Script
Scheduled Job Type,scheduler_event,Link,label,Scheduler Event
Scheduled Job Type,frequency,Select,label,Frequency
Scheduled Job Type,frequency,Select,option,All
Scheduled Job Type,frequency,Select,option,Hourly
Scheduled Job Type,frequency,Select,option,Hourly Long
Scheduled Job Type,frequency,Select,option,Hourly Maintenance
Scheduled Job Type,frequency,Select,option,Daily
Scheduled Job Type,frequency,Select,option,Daily Long
Scheduled Job Type,frequency,Select,option,Daily Maintenance
Scheduled Job Type,frequency,Select,option,Weekly
Scheduled Job Type,frequency,Select,option,Weekly Long
Scheduled Job Type,frequency,Select,option,Monthly
Scheduled Job Type,frequency,Select,option,Monthly Long
Scheduled Job Type,frequency,Select,option,Cron
Scheduled Job Type,frequency,Select,option,Yearly
Scheduled Job Type,frequency,Select,option,Annual
Scheduled Job Type,cron_format,Data,label,Cron Format
Scheduled Job Type,cron_format,Data,description,"<pre>*  *  *  *  *
┬  ┬  ┬  ┬  ┬
│  │  │  │  │
│  │  │  │  └ day of week (0 - 6) (0 is Sunday)
│  │  │  └───── month (1 - 12)
│  │  └────────── day of month (1 - 31)
│  └─────────────── hour (0 - 23)
└──────────────────── minute (0 - 59)

---

* - Any value
/ - Step values
</pre>"
Scheduled Job Type,create_log,Check,label,Create Log
Scheduled Job Type,status_section,Section Break,label,Status
Scheduled Job Type,last_execution,Datetime,label,Last Execution
Scheduled Job Type,next_execution,Datetime,label,Next Execution
Stock Ledger Entry,item_code,Link,label,Item Code
Stock Ledger Entry,warehouse,Link,label,Warehouse
Stock Ledger Entry,posting_date,Date,label,Posting Date
Stock Ledger Entry,posting_time,Time,label,Posting Time
Stock Ledger Entry,posting_datetime,Datetime,label,Posting Datetime
Stock Ledger Entry,is_adjustment_entry,Check,label,Is Adjustment Entry
Stock Ledger Entry,auto_created_serial_and_batch_bundle,Check,label,Auto Created Serial and Batch Bundle
Stock Ledger Entry,voucher_type,Link,label,Voucher Type
Stock Ledger Entry,voucher_no,Dynamic Link,label,Voucher No
Stock Ledger Entry,voucher_detail_no,Data,label,Voucher Detail No
Stock Ledger Entry,serial_and_batch_bundle,Link,label,Serial and Batch Bundle
Stock Ledger Entry,dependant_sle_voucher_detail_no,Data,label,Dependant SLE Voucher Detail No
Stock Ledger Entry,recalculate_rate,Check,label,Recalculate Incoming/Outgoing Rate
Stock Ledger Entry,actual_qty,Float,label,Qty Change
Stock Ledger Entry,qty_after_transaction,Float,label,Qty After Transaction
Stock Ledger Entry,incoming_rate,Currency,label,Incoming Rate
Stock Ledger Entry,outgoing_rate,Currency,label,Outgoing Rate
Stock Ledger Entry,valuation_rate,Currency,label,Valuation Rate
Stock Ledger Entry,stock_value,Currency,label,Balance Stock Value
Stock Ledger Entry,stock_value_difference,Currency,label,Change in Stock Value
Stock Ledger Entry,stock_queue,Long Text,label,"FIFO Stock Queue (qty, rate)"
Stock Ledger Entry,company,Link,label,Company
Stock Ledger Entry,stock_uom,Link,label,Stock UOM
Stock Ledger Entry,project,Link,label,Project
Stock Ledger Entry,fiscal_year,Data,label,Fiscal Year
Stock Ledger Entry,has_batch_no,Check,label,Has Batch No
Stock Ledger Entry,has_serial_no,Check,label,Has Serial No
Stock Ledger Entry,is_cancelled,Check,label,Is Cancelled
Stock Ledger Entry,to_rename,Check,label,To Rename
Stock Ledger Entry,serial_no,Long Text,label,Serial No
Stock Ledger Entry,batch_no,Data,label,Batch No
Attendance,naming_series,Select,label,Series
Attendance,naming_series,Select,option,HR-ATT-.YYYY.-
Attendance,employee,Link,label,Employee
Attendance,employee_name,Data,label,Employee Name
Attendance,working_hours,Float,label,Working Hours
Attendance,status,Select,label,Status
Attendance,status,Select,option,Present
Attendance,status,Select,option,Absent
Attendance,status,Select,option,On Leave
Attendance,status,Select,option,Half Day
Attendance,status,Select,option,Work From Home
Attendance,leave_type,Link,label,Leave Type
Attendance,leave_application,Link,label,Leave Application
Attendance,attendance_date,Date,label,Attendance Date
Attendance,company,Link,label,Company
Attendance,department,Link,label,Department
Attendance,attendance_request,Link,label,Attendance Request
Attendance,half_day_status,Select,label,Status for Other Half
Attendance,half_day_status,Select,option,Present
Attendance,half_day_status,Select,option,Absent
Attendance,details_section,Section Break,label,Details
Attendance,shift,Link,label,Shift
Attendance,in_time,Datetime,label,In Time
Attendance,out_time,Datetime,label,Out Time
Attendance,late_entry,Check,label,Late Entry
Attendance,early_exit,Check,label,Early Exit
Attendance,amended_from,Link,label,Amended From
Attendance,modify_half_day_status,Check,label,modify_half_day_status
POS Profile,company,Link,label,Company
POS Profile,customer,Link,label,Customer
POS Profile,country,Read Only,label,Country
POS Profile,disabled,Check,label,Disabled
POS Profile,warehouse,Link,label,Warehouse
POS Profile,campaign,Link,label,Campaign
POS Profile,company_address,Link,label,Company Address
POS Profile,section_break_15,Section Break,label,Applicable for Users
POS Profile,applicable_for_users,Table,label,Applicable for Users
POS Profile,section_break_11,Section Break,label,Payment Methods
POS Profile,payments,Table,label,Payment Methods
POS Profile,section_break_14,Section Break,label,Configuration
POS Profile,hide_images,Check,label,Hide Images
POS Profile,hide_unavailable_items,Check,label,Hide Unavailable Items
POS Profile,auto_add_item_to_cart,Check,label,Automatically Add Filtered Item To Cart
POS Profile,validate_stock_on_save,Check,label,Validate Stock on Save
POS Profile,print_receipt_on_order_complete,Check,label,Print Receipt on Order Complete
POS Profile,update_stock,Check,label,Update Stock
POS Profile,ignore_pricing_rule,Check,label,Ignore Pricing Rule
POS Profile,allow_rate_change,Check,label,Allow User to Edit Rate
POS Profile,allow_discount_change,Check,label,Allow User to Edit Discount
POS Profile,disable_grand_total_to_default_mop,Check,label,Disable auto setting Grand Total to default Payment Mode
POS Profile,allow_partial_payment,Check,label,Allow Partial Payment
POS Profile,section_break_23,Section Break,label,Filters
POS Profile,item_groups,Table,label,Item Groups
POS Profile,item_groups,Table,description,Only show Items from these Item Groups
POS Profile,customer_groups,Table,label,Customer Groups
POS Profile,customer_groups,Table,description,Only show Customer of these Customer Groups
POS Profile,section_break_16,Section Break,label,Print Settings
POS Profile,print_format,Link,label,Print Format
POS Profile,letter_head,Link,label,Letter Head
POS Profile,tc_name,Link,label,Terms and Conditions
POS Profile,select_print_heading,Link,label,Print Heading
POS Profile,section_break_19,Section Break,label,Accounting
POS Profile,selling_price_list,Link,label,Price List
POS Profile,currency,Link,label,Currency
POS Profile,write_off_account,Link,label,Write Off Account
POS Profile,write_off_cost_center,Link,label,Write Off Cost Center
POS Profile,write_off_limit,Currency,label,Write Off Limit
POS Profile,write_off_limit,Currency,description,Auto write off precision loss while consolidation
POS Profile,account_for_change_amount,Link,label,Account for Change Amount
POS Profile,disable_rounded_total,Check,label,Disable Rounded Total
POS Profile,disable_rounded_total,Check,description,"If enabled, the consolidated invoices will have rounded total disabled"
POS Profile,income_account,Link,label,Income Account
POS Profile,expense_account,Link,label,Expense Account
POS Profile,taxes_and_charges,Link,label,Taxes and Charges
POS Profile,tax_category,Link,label,Tax Category
POS Profile,apply_discount_on,Select,label,Apply Discount On
POS Profile,apply_discount_on,Select,option,Grand Total
POS Profile,apply_discount_on,Select,option,Net Total
POS Profile,accounting_dimensions_section,Section Break,label,Accounting Dimensions
POS Profile,cost_center,Link,label,Cost Center
POS Profile,project,Link,label,Project
Email Account,account_section,Section Break,label,Account
Email Account,email_id,Data,label,Email Address
Email Account,email_account_name,Data,label,Email Account Name
Email Account,email_account_name,Data,description,"e.g. ""Support"", ""Sales"", ""Jerry Yang"""
Email Account,domain,Link,label,Domain
Email Account,service,Select,label,Service
Email Account,service,Select,option,GMail
Email Account,service,Select,option,Sendgrid
Email Account,service,Select,option,SparkPost
Email Account,service,Select,option,Yahoo Mail
Email Account,service,Select,option,Outlook.com
Email Account,service,Select,option,Yandex.Mail
Email Account,authentication_column,Section Break,label,Authentication
Email Account,auth_method,Select,label,Method
Email Account,auth_method,Select,option,Basic
Email Account,auth_method,Select,option,OAuth
Email Account,backend_app_flow,Check,label,Authenticate as Service Principal
Email Account,authorize_api_access,Button,label,Authorize API Access
Email Account,password,Password,label,Password
Email Account,awaiting_password,Check,label,Awaiting password
Email Account,ascii_encode_password,Check,label,Use ASCII encoding for password
Email Account,connected_app,Link,label,Connected App
Email Account,connected_user,Link,label,Connected User
Email Account,login_id_is_different,Check,label,Use different Email ID
Email Account,login_id,Data,label,Alternative Email ID
Email Account,mailbox_settings,Section Break,label,Incoming (POP/IMAP) Settings
Email Account,enable_incoming,Check,label,Enable Incoming
Email Account,default_incoming,Check,label,Default Incoming
Email Account,default_incoming,Check,description,e.g. replies@yourcomany.com. All replies will come to this inbox.
Email Account,use_imap,Check,label,Use IMAP
Email Account,use_ssl,Check,label,Use SSL
Email Account,use_starttls,Check,label,Use STARTTLS
Email Account,email_server,Data,label,Incoming Server
Email Account,email_server,Data,description,e.g. pop.gmail.com / imap.gmail.com
Email Account,incoming_port,Data,label,Port
Email Account,incoming_port,Data,description,"If non-standard port (e.g. POP3: 995/110, IMAP: 993/143)"
Email Account,attachment_limit,Int,label,Attachment Limit (MB)
Email Account,attachment_limit,Int,description,Ignore attachments over this size
Email Account,email_sync_option,Select,label,Email Sync Option
Email Account,email_sync_option,Select,option,ALL
Email Account,email_sync_option,Select,option,UNSEEN
Email Account,initial_sync_count,Select,label,Initial Sync Count
Email Account,initial_sync_count,Select,description,Total number of emails to sync in initial sync process
Email Account,initial_sync_count,Select,option,100
Email Account,initial_sync_count,Select,option,250
Email Account,initial_sync_count,Select,option,500
Email Account,section_break_25,Section Break,label,IMAP Details
Email Account,imap_folder,Table,label,IMAP Folder
Email Account,section_break_12,Section Break,label,Document Linking
Email Account,append_emails_to_sent_folder,Check,label,Append Emails to Sent Folder
Email Account,sent_folder_name,Data,label,Sent Folder Name
Email Account,append_to,Link,label,Append To
Email Account,append_to,Link,description,"Append as communication against this DocType (must have fields: ""Sender"" and ""Subject""). These fields can be defined in the email settings section of the appended doctype."
Email Account,create_contact,Check,label,Create Contacts from Incoming Emails
Email Account,enable_automatic_linking,Check,label,Enable Automatic Linking in Documents
Email Account,enable_automatic_linking,Check,description,"For more information, <a class=""text-muted"" href=""https://docs.frappe.io/erpnext/user/manual/en/linking-emails-to-document"">click here</a>."
Email Account,notify_if_unreplied,Check,label,Notify if unreplied
Email Account,unreplied_for_mins,Int,label,Notify if unreplied for (in mins)
Email Account,send_notification_to,Small Text,label,Send Notification to
Email Account,send_notification_to,Small Text,description,Email Addresses
Email Account,outgoing_mail_settings,Section Break,label,Outgoing (SMTP) Settings
Email Account,enable_outgoing,Check,label,Enable Outgoing
Email Account,enable_outgoing,Check,description,SMTP Settings for outgoing emails
Email Account,use_tls,Check,label,Use TLS
Email Account,use_ssl_for_outgoing,Check,label,Use SSL
Email Account,smtp_server,Data,label,Outgoing Server
Email Account,smtp_server,Data,description,e.g. smtp.gmail.com
Email Account,smtp_port,Data,label,Port
Email Account,smtp_port,Data,description,"If non standard port (e.g. 587). If on Google Cloud, try port 2525."
Email Account,default_outgoing,Check,label,Default Outgoing
Email Account,default_outgoing,Check,description,Notifications and bulk mails will be sent from this outgoing server.
Email Account,always_use_account_email_id_as_sender,Check,label,Always use this email address as sender address
Email Account,always_use_account_name_as_sender_name,Check,label,Always use this name as sender name
Email Account,send_unsubscribe_message,Check,label,Send unsubscribe message in email
Email Account,track_email_status,Check,label,Track Email Status
Email Account,track_email_status,Check,description,"Track if your email has been opened by the recipient.
<br>
Note: If you're sending to multiple recipients, even if 1 recipient reads the email, it'll be considered ""Opened"""
Email Account,no_smtp_authentication,Check,label,Disable SMTP server authentication
Email Account,always_bcc,Data,label,Always BCC Address
Email Account,always_bcc,Data,description,"Use this, for example, if all sent emails should also be send to an archive."
Email Account,signature_section,Section Break,label,Signature
Email Account,add_signature,Check,label,Add Signature
Email Account,signature,Text Editor,label,Signature
Email Account,auto_reply,Section Break,label,Auto Reply
Email Account,enable_auto_reply,Check,label,Enable Auto Reply
Email Account,auto_reply_message,Text Editor,label,Auto Reply Message
Email Account,auto_reply_message,Text Editor,description,ProTip: Add <code>Reference: {{ reference_doctype }} {{ reference_name }}</code> to send document reference
Email Account,set_footer,Section Break,label,Footer
Email Account,footer,Text Editor,label,Footer Content
Email Account,brand_logo,Attach Image,label,Brand Logo
Email Account,uidvalidity,Data,label,UIDVALIDITY
Email Account,uidnext,Int,label,UIDNEXT
Email Account,no_failed,Int,label,no failed attempts
Repost Item Valuation,based_on,Select,label,Based On
Repost Item Valuation,based_on,Select,option,Transaction
Repost Item Valuation,based_on,Select,option,Item and Warehouse
Repost Item Valuation,voucher_type,Link,label,Voucher Type
Repost Item Valuation,voucher_no,Dynamic Link,label,Voucher No
Repost Item Valuation,item_code,Link,label,Item Code
Repost Item Valuation,warehouse,Link,label,Warehouse
Repost Item Valuation,posting_date,Date,label,Posting Date
Repost Item Valuation,posting_time,Time,label,Posting Time
Repost Item Valuation,status,Select,label,Status
Repost Item Valuation,status,Select,option,Queued
Repost Item Valuation,status,Select,option,In Progress
Repost Item Valuation,status,Select,option,Completed
Repost Item Valuation,status,Select,option,Skipped
Repost Item Valuation,status,Select,option,Failed
Repost Item Valuation,company,Link,label,Company
Repost Item Valuation,allow_negative_stock,Check,label,Allow Negative Stock
Repost Item Valuation,via_landed_cost_voucher,Check,label,Via Landed Cost Voucher
Repost Item Valuation,allow_zero_rate,Check,label,Allow Zero Rate
Repost Item Valuation,recreate_stock_ledgers,Check,label,Recreate Stock Ledgers
Repost Item Valuation,amended_from,Link,label,Amended From
Repost Item Valuation,error_section,Section Break,label,Error
Repost Item Valuation,error_log,Long Text,label,Error Log
Repost Item Valuation,reposting_info_section,Section Break,label,Reposting Info
Repost Item Valuation,reposting_data_file,Attach,label,Reposting Data File
Repost Item Valuation,items_to_be_repost,Code,label,Items to Be Repost
Repost Item Valuation,distinct_item_and_warehouse,Code,label,Distinct Item and Warehouse
Repost Item Valuation,total_reposting_count,Int,label,Total Reposting Count
Repost Item Valuation,current_index,Int,label,Current Index
Repost Item Valuation,gl_reposting_index,Int,label,GL reposting index
Repost Item Valuation,affected_transactions,Code,label,Affected Transactions
List View Settings,disable_count,Check,label,Disable Count
List View Settings,disable_comment_count,Check,label,Disable Comment Count
List View Settings,disable_sidebar_stats,Check,label,Disable Sidebar Stats
List View Settings,disable_auto_refresh,Check,label,Disable Auto Refresh
List View Settings,allow_edit,Check,label,Allow Bulk Editing
List View Settings,allow_edit,Check,description,"Allow editing even if the doctype has a workflow set up.

Does nothing if a workflow isn't set up."
List View Settings,disable_automatic_recency_filters,Check,label,Disable Automatic Recency Filters
List View Settings,total_fields,Select,label,Maximum Number of Fields
List View Settings,total_fields,Select,option,4
List View Settings,total_fields,Select,option,5
List View Settings,total_fields,Select,option,6
List View Settings,total_fields,Select,option,7
List View Settings,total_fields,Select,option,8
List View Settings,total_fields,Select,option,9
List View Settings,total_fields,Select,option,10
List View Settings,fields_html,HTML,label,Fields
List View Settings,fields,Code,label,Fields
Prospect,overview_tab,Tab Break,label,Overview
Prospect,company_name,Data,label,Company Name
Prospect,customer_group,Link,label,Customer Group
Prospect,no_of_employees,Select,label,No. of Employees
Prospect,no_of_employees,Select,option,1-10
Prospect,no_of_employees,Select,option,11-50
Prospect,no_of_employees,Select,option,51-200
Prospect,no_of_employees,Select,option,201-500
Prospect,no_of_employees,Select,option,501-1000
Prospect,no_of_employees,Select,option,1000+
Prospect,annual_revenue,Currency,label,Annual Revenue
Prospect,market_segment,Link,label,Market Segment
Prospect,industry,Link,label,Industry
Prospect,territory,Link,label,Territory
Prospect,prospect_owner,Link,label,Prospect Owner
Prospect,website,Data,label,Website
Prospect,fax,Data,label,Fax
Prospect,company,Link,label,Company
Prospect,address_and_contact_section,Section Break,label,Address
Prospect,contacts_tab,Tab Break,label,Address & Contact
Prospect,address_html,HTML,label,Address HTML
Prospect,contact_html,HTML,label,Contact HTML
Prospect,leads_section,Tab Break,label,Leads
Prospect,opportunities_tab,Tab Break,label,Opportunities
Prospect,opportunities,Table,label,Opportunities
Prospect,activities_tab,Tab Break,label,Activities
Prospect,open_activities_html,HTML,label,Open Activities HTML
Prospect,all_activities_section,Section Break,label,All Activities
Prospect,all_activities_html,HTML,label,All Activities HTML
Prospect,notes_section,Tab Break,label,Comments
Prospect,notes_html,HTML,label,Notes HTML
Prospect,notes,Table,label,Notes
Employee Checkin,employee,Link,label,Employee
Employee Checkin,employee_name,Data,label,Employee Name
Employee Checkin,log_type,Select,label,Log Type
Employee Checkin,log_type,Select,option,IN
Employee Checkin,log_type,Select,option,OUT
Employee Checkin,shift,Link,label,Shift
Employee Checkin,time,Datetime,label,Time
Employee Checkin,device_id,Data,label,Location / Device ID
Employee Checkin,skip_auto_attendance,Check,label,Skip Auto Attendance
Employee Checkin,attendance,Link,label,Attendance Marked
Employee Checkin,location_section,Section Break,label,Location
Employee Checkin,latitude,Float,label,Latitude
Employee Checkin,longitude,Float,label,Longitude
Employee Checkin,fetch_geolocation,Button,label,Fetch Geolocation
Employee Checkin,geolocation,Geolocation,label,Geolocation
Employee Checkin,shift_timings_section,Section Break,label,Shift Timings
Employee Checkin,shift_start,Datetime,label,Shift Start
Employee Checkin,shift_end,Datetime,label,Shift End
Employee Checkin,offshift,Check,label,Off-shift
Employee Checkin,shift_actual_start,Datetime,label,Shift Actual Start
Employee Checkin,shift_actual_end,Datetime,label,Shift Actual End
Supplier Quotation,supplier_section,Section Break,option,fa fa-user
Supplier Quotation,title,Data,label,Title
Supplier Quotation,naming_series,Select,label,Series
Supplier Quotation,naming_series,Select,option,PUR-SQTN-.YYYY.-
Supplier Quotation,supplier,Link,label,Supplier
Supplier Quotation,supplier_name,Data,label,Supplier Name
Supplier Quotation,company,Link,label,Company
Supplier Quotation,status,Select,label,Status
Supplier Quotation,status,Select,option,Draft
Supplier Quotation,status,Select,option,Submitted
Supplier Quotation,status,Select,option,Stopped
Supplier Quotation,status,Select,option,Cancelled
Supplier Quotation,status,Select,option,Expired
Supplier Quotation,transaction_date,Date,label,Date
Supplier Quotation,valid_till,Date,label,Valid Till
Supplier Quotation,quotation_number,Data,label,Quotation Number
Supplier Quotation,has_unit_price_items,Check,label,Has Unit Price Items
Supplier Quotation,amended_from,Link,label,Amended From
Supplier Quotation,accounting_dimensions_section,Section Break,label,Accounting Dimensions
Supplier Quotation,cost_center,Link,label,Cost Center
Supplier Quotation,project,Link,label,Project
Supplier Quotation,currency_and_price_list,Section Break,label,Currency and Price List
Supplier Quotation,currency_and_price_list,Section Break,option,fa fa-tag
Supplier Quotation,currency,Link,label,Currency
Supplier Quotation,conversion_rate,Float,label,Exchange Rate
Supplier Quotation,buying_price_list,Link,label,Price List
Supplier Quotation,price_list_currency,Link,label,Price List Currency
Supplier Quotation,plc_conversion_rate,Float,label,Price List Exchange Rate
Supplier Quotation,ignore_pricing_rule,Check,label,Ignore Pricing Rule
Supplier Quotation,items_section,Section Break,option,fa fa-shopping-cart
Supplier Quotation,items,Table,label,Items
Supplier Quotation,total_qty,Float,label,Total Quantity
Supplier Quotation,total_net_weight,Float,label,Total Net Weight
Supplier Quotation,base_total,Currency,label,Total (Company Currency)
Supplier Quotation,base_net_total,Currency,label,Net Total (Company Currency)
Supplier Quotation,total,Currency,label,Total
Supplier Quotation,net_total,Currency,label,Net Total
Supplier Quotation,taxes_section,Section Break,label,Taxes and Charges
Supplier Quotation,taxes_section,Section Break,option,fa fa-money
Supplier Quotation,tax_category,Link,label,Tax Category
Supplier Quotation,taxes_and_charges,Link,label,Purchase Taxes and Charges Template
Supplier Quotation,shipping_rule,Link,label,Shipping Rule
Supplier Quotation,incoterm,Link,label,Incoterm
Supplier Quotation,named_place,Data,label,Named Place
Supplier Quotation,taxes,Table,label,Purchase Taxes and Charges
Supplier Quotation,totals,Section Break,option,fa fa-money
Supplier Quotation,base_taxes_and_charges_added,Currency,label,Taxes and Charges Added (Company Currency)
Supplier Quotation,base_taxes_and_charges_deducted,Currency,label,Taxes and Charges Deducted (Company Currency)
Supplier Quotation,base_total_taxes_and_charges,Currency,label,Total Taxes and Charges (Company Currency)
Supplier Quotation,taxes_and_charges_added,Currency,label,Taxes and Charges Added
Supplier Quotation,taxes_and_charges_deducted,Currency,label,Taxes and Charges Deducted
Supplier Quotation,total_taxes_and_charges,Currency,label,Total Taxes and Charges
Supplier Quotation,section_break_41,Section Break,label,Additional Discount
Supplier Quotation,apply_discount_on,Select,label,Apply Additional Discount On
Supplier Quotation,apply_discount_on,Select,option,Grand Total
Supplier Quotation,apply_discount_on,Select,option,Net Total
Supplier Quotation,base_discount_amount,Currency,label,Additional Discount Amount (Company Currency)
Supplier Quotation,additional_discount_percentage,Float,label,Additional Discount Percentage
Supplier Quotation,discount_amount,Currency,label,Additional Discount Amount
Supplier Quotation,section_break_46,Section Break,label,Totals
Supplier Quotation,base_grand_total,Currency,label,Grand Total (Company Currency)
Supplier Quotation,base_rounding_adjustment,Currency,label,Rounding Adjustment (Company Currency
Supplier Quotation,base_rounded_total,Currency,label,Rounded Total (Company Currency)
Supplier Quotation,base_in_words,Data,label,In Words (Company Currency)
Supplier Quotation,grand_total,Currency,label,Grand Total
Supplier Quotation,rounding_adjustment,Currency,label,Rounding Adjustment
Supplier Quotation,rounded_total,Currency,label,Rounded Total
Supplier Quotation,in_words,Data,label,In Words
Supplier Quotation,disable_rounded_total,Check,label,Disable Rounded Total
Supplier Quotation,tax_breakup,Section Break,label,Tax Breakup
Supplier Quotation,other_charges_calculation,Text Editor,label,Taxes and Charges Calculation
Supplier Quotation,pricing_rule_details,Section Break,label,Pricing Rules
Supplier Quotation,pricing_rules,Table,label,Pricing Rule Detail
Supplier Quotation,address_and_contact_tab,Tab Break,label,Address & Contact
Supplier Quotation,supplier_address_section,Section Break,label,Supplier Address
Supplier Quotation,supplier_address,Link,label,Supplier Address
Supplier Quotation,address_display,Small Text,label,Address
Supplier Quotation,contact_person,Link,label,Contact Person
Supplier Quotation,contact_display,Small Text,label,Contact
Supplier Quotation,contact_mobile,Small Text,label,Mobile No
Supplier Quotation,contact_email,Data,label,Contact Email
Supplier Quotation,shipping_address_section,Section Break,label,Shipping Address
Supplier Quotation,shipping_address,Link,label,Shipping Address
Supplier Quotation,shipping_address_display,Small Text,label,Shipping Address Details
Supplier Quotation,company_billing_address_section,Section Break,label,Company Billing Address
Supplier Quotation,billing_address,Link,label,Company Billing Address
Supplier Quotation,billing_address_display,Small Text,label,Billing Address Details
Supplier Quotation,terms_tab,Tab Break,label,Terms
Supplier Quotation,tc_name,Link,label,Terms Template
Supplier Quotation,terms,Text Editor,label,Terms and Conditions
Supplier Quotation,more_info_tab,Tab Break,label,More Info
Supplier Quotation,printing_settings,Section Break,label,Printing Settings
Supplier Quotation,letter_head,Link,label,Letter Head
Supplier Quotation,group_same_items,Check,label,Group same items
Supplier Quotation,select_print_heading,Link,label,Print Heading
Supplier Quotation,language,Data,label,Print Language
Supplier Quotation,subscription_section,Section Break,label,Auto Repeat
Supplier Quotation,auto_repeat,Link,label,Auto Repeat
Supplier Quotation,update_auto_repeat_reference,Button,label,Update Auto Repeat Reference
Supplier Quotation,more_info,Section Break,label,Additional Info
Supplier Quotation,more_info,Section Break,option,fa fa-file-text
Supplier Quotation,is_subcontracted,Check,label,Is Subcontracted
Supplier Quotation,opportunity,Link,label,Opportunity
Supplier Quotation,connections_tab,Tab Break,label,Connections
Request for Quotation,naming_series,Select,label,Series
Request for Quotation,naming_series,Select,option,PUR-RFQ-.YYYY.-
Request for Quotation,company,Link,label,Company
Request for Quotation,billing_address,Link,label,Company Billing Address
Request for Quotation,billing_address_display,Small Text,label,Billing Address Details
Request for Quotation,vendor,Link,label,Supplier
Request for Quotation,vendor,Link,description,For individual supplier
Request for Quotation,transaction_date,Date,label,Date
Request for Quotation,schedule_date,Date,label,Required Date
Request for Quotation,status,Select,label,Status
Request for Quotation,status,Select,option,Draft
Request for Quotation,status,Select,option,Submitted
Request for Quotation,status,Select,option,Cancelled
Request for Quotation,has_unit_price_items,Check,label,Has Unit Price Items
Request for Quotation,amended_from,Link,label,Amended From
Request for Quotation,suppliers,Table,label,Suppliers
Request for Quotation,items_section,Section Break,option,fa fa-shopping-cart
Request for Quotation,items,Table,label,Items
Request for Quotation,supplier_response_section,Section Break,label,Email Details
Request for Quotation,email_template,Link,label,Email Template
Request for Quotation,preview,Button,label,Preview Email
Request for Quotation,html_llwp,HTML,option,"<p>In your <b>Email Template</b>, you can use the following special variables:"
Request for Quotation,html_llwp,HTML,option,</p>
Request for Quotation,html_llwp,HTML,option,<ul>
Request for Quotation,html_llwp,HTML,option,<li>
Request for Quotation,html_llwp,HTML,option,<code>{{ update_password_link }}</code>: A link where your supplier can set a new password to log into your portal.
Request for Quotation,html_llwp,HTML,option,</li>
Request for Quotation,html_llwp,HTML,option,<li>
Request for Quotation,html_llwp,HTML,option,<code>{{ portal_link }}</code>: A link to this RFQ in your supplier portal.
Request for Quotation,html_llwp,HTML,option,</li>
Request for Quotation,html_llwp,HTML,option,<li>
Request for Quotation,html_llwp,HTML,option,<code>{{ supplier_name }}</code>: The company name of your supplier.
Request for Quotation,html_llwp,HTML,option,</li>
Request for Quotation,html_llwp,HTML,option,<li>
Request for Quotation,html_llwp,HTML,option,<code>{{ contact.salutation }} {{ contact.last_name }}</code>: The contact person of your supplier.
Request for Quotation,html_llwp,HTML,option,</li><li>
Request for Quotation,html_llwp,HTML,option,<code>{{ user_fullname }}</code>: Your full name.
Request for Quotation,html_llwp,HTML,option,</li>
Request for Quotation,html_llwp,HTML,option,</ul>
Request for Quotation,html_llwp,HTML,option,<p></p>
Request for Quotation,html_llwp,HTML,option,"<p>Apart from these, you can access all values in this RFQ, like <code>{{ message_for_supplier }}</code> or <code>{{ terms }}</code>.</p>"
Request for Quotation,send_attached_files,Check,label,Send Attached Files
Request for Quotation,send_attached_files,Check,description,"If enabled, all files attached to this document will be attached to each email"
Request for Quotation,send_document_print,Check,label,Send Document Print
Request for Quotation,send_document_print,Check,description,"If enabled, a print of this document will be attached to each email"
Request for Quotation,message_for_supplier,Text Editor,label,Message for Supplier
Request for Quotation,terms_section_break,Section Break,label,Terms and Conditions
Request for Quotation,terms_section_break,Section Break,option,fa fa-legal
Request for Quotation,incoterm,Link,label,Incoterm
Request for Quotation,named_place,Data,label,Named Place
Request for Quotation,tc_name,Link,label,Terms
Request for Quotation,terms,Text Editor,label,Terms and Conditions
Request for Quotation,printing_settings,Section Break,label,Printing Settings
Request for Quotation,select_print_heading,Link,label,Print Heading
Request for Quotation,letter_head,Link,label,Letter Head
Request for Quotation,more_info,Section Break,label,More Information
Request for Quotation,more_info,Section Break,option,fa fa-file-text
Request for Quotation,opportunity,Link,label,Opportunity
Projects Settings,timesheet_sb,Section Break,label,Timesheets
Projects Settings,ignore_workstation_time_overlap,Check,label,Ignore Workstation Time Overlap
Projects Settings,ignore_user_time_overlap,Check,label,Ignore User Time Overlap
Projects Settings,ignore_employee_time_overlap,Check,label,Ignore Employee Time Overlap
Projects Settings,fetch_timesheet_in_sales_invoice,Check,label,Fetch Timesheet in Sales Invoice
Webhook Request Log,webhook,Link,label,Webhook
Webhook Request Log,reference_document,Data,label,Reference Document
Webhook Request Log,headers,Code,label,Headers
Webhook Request Log,data,Code,label,Data
Webhook Request Log,user,Link,label,User
Webhook Request Log,url,Text,label,URL
Webhook Request Log,response,Code,label,Response
Webhook Request Log,error,Text,label,Error
GL Entry,dates_section,Section Break,label,Dates
GL Entry,posting_date,Date,label,Posting Date
GL Entry,transaction_date,Date,label,Transaction Date
GL Entry,fiscal_year,Link,label,Fiscal Year
GL Entry,due_date,Date,label,Due Date
GL Entry,account_details_section,Section Break,label,Account Details
GL Entry,account,Link,label,Account
GL Entry,account_currency,Link,label,Account Currency
GL Entry,against,Text,label,Against
GL Entry,party_type,Link,label,Party Type
GL Entry,party,Dynamic Link,label,Party
GL Entry,transaction_details_section,Section Break,label,Transaction Details
GL Entry,voucher_type,Link,label,Voucher Type
GL Entry,voucher_no,Dynamic Link,label,Voucher No
GL Entry,voucher_subtype,Small Text,label,Voucher Subtype
GL Entry,transaction_currency,Link,label,Transaction Currency
GL Entry,against_voucher_type,Link,label,Against Voucher Type
GL Entry,against_voucher,Dynamic Link,label,Against Voucher
GL Entry,voucher_detail_no,Data,label,Voucher Detail No
GL Entry,transaction_exchange_rate,Float,label,Transaction Exchange Rate
GL Entry,amounts_section,Section Break,label,Amounts
GL Entry,debit_in_account_currency,Currency,label,Debit Amount in Account Currency
GL Entry,debit,Currency,label,Debit Amount
GL Entry,debit_in_transaction_currency,Currency,label,Debit Amount in Transaction Currency
GL Entry,credit_in_account_currency,Currency,label,Credit Amount in Account Currency
GL Entry,credit,Currency,label,Credit Amount
GL Entry,credit_in_transaction_currency,Currency,label,Credit Amount in Transaction Currency
GL Entry,dimensions_section,Section Break,label,Dimensions
GL Entry,cost_center,Link,label,Cost Center
GL Entry,project,Link,label,Project
GL Entry,more_info_section,Section Break,label,More Info
GL Entry,finance_book,Link,label,Finance Book
GL Entry,company,Link,label,Company
GL Entry,is_opening,Select,label,Is Opening
GL Entry,is_opening,Select,option,No
GL Entry,is_opening,Select,option,Yes
GL Entry,is_advance,Select,label,Is Advance
GL Entry,is_advance,Select,option,No
GL Entry,is_advance,Select,option,Yes
GL Entry,to_rename,Check,label,To Rename
GL Entry,is_cancelled,Check,label,Is Cancelled
GL Entry,remarks,Text,label,Remarks
Leave Encashment,employee,Link,label,Employee
Leave Encashment,employee_name,Data,label,Employee Name
Leave Encashment,department,Link,label,Department
Leave Encashment,company,Link,label,Company
Leave Encashment,leave_period,Link,label,Leave Period
Leave Encashment,leave_type,Link,label,Leave Type
Leave Encashment,leave_allocation,Link,label,Leave Allocation
Leave Encashment,leave_balance,Float,label,Leave Balance
Leave Encashment,actual_encashable_days,Float,label,Actual Encashable Days
Leave Encashment,actual_encashable_days,Float,description,Number of leaves eligible for encashment based on leave type settings
Leave Encashment,encashment_days,Float,label,Encashment Days
Leave Encashment,encashment_amount,Currency,label,Encashment Amount
Leave Encashment,accounting_section,Section Break,label,Accounting
Leave Encashment,pay_via_payment_entry,Check,label,Pay Via Payment Entry
Leave Encashment,pay_via_payment_entry,Check,description,Process leave encashment via a separate Payment Entry instead of Salary Slip
Leave Encashment,expense_account,Link,label,Expense Account
Leave Encashment,payable_account,Link,label,Payable Account
Leave Encashment,posting_date,Date,label,Posting Date
Leave Encashment,currency,Link,label,Currency
Leave Encashment,paid_amount,Currency,label,Paid Amount
Leave Encashment,paid_amount,Currency,description,Amount paid against this encashment
Leave Encashment,accounting_dimensions_section,Section Break,label,Accounting Dimensions
Leave Encashment,cost_center,Link,label,Cost Center
Leave Encashment,payroll,Section Break,label,Payroll
Leave Encashment,encashment_date,Date,label,Encashment Date
Leave Encashment,additional_salary,Link,label,Additional Salary
Leave Encashment,section_break_svbb,Section Break,label,More Info
Leave Encashment,amended_from,Link,label,Amended From
Leave Encashment,status,Select,label,Status
Leave Encashment,status,Select,option,Draft
Leave Encashment,status,Select,option,Unpaid
Leave Encashment,status,Select,option,Paid
Leave Encashment,status,Select,option,Submitted
Leave Encashment,status,Select,option,Cancelled
Deleted Document,deleted_name,Data,label,Deleted Name
Deleted Document,deleted_doctype,Data,label,Deleted DocType
Deleted Document,restored,Check,label,Restored
Deleted Document,new_name,Read Only,label,New Name
Deleted Document,data,Code,label,Data
View Log,viewed_by,Data,label,Viewed By
View Log,reference_doctype,Link,label,Reference Document Type
View Log,reference_name,Dynamic Link,label,Reference name
Email Queue,,DocType,doctype_description,Email Queue records.
Email Queue,sender,Data,label,Sender
Email Queue,recipients,Table,label,Recipient
Email Queue,show_as_cc,Small Text,label,Show as cc
Email Queue,message,Code,label,Message
Email Queue,status,Select,label,Status
Email Queue,status,Select,option,Not Sent
Email Queue,status,Select,option,Sending
Email Queue,status,Select,option,Sent
Email Queue,status,Select,option,Partially Sent
Email Queue,status,Select,option,Error
Email Queue,error,Code,label,Error
Email Queue,message_id,Small Text,label,Message ID
Email Queue,reference_doctype,Link,label,Reference Document Type
Email Queue,reference_name,Data,label,Reference DocName
Email Queue,communication,Link,label,Communication
Email Queue,send_after,Datetime,label,Send After
Email Queue,priority,Int,label,Priority
Email Queue,add_unsubscribe_link,Check,label,Add Unsubscribe Link
Email Queue,unsubscribe_param,Data,label,Unsubscribe Param
Email Queue,unsubscribe_method,Data,label,Unsubscribe Method
Email Queue,expose_recipients,Data,label,Expose Recipients
Email Queue,attachments,Code,label,Attachments
Email Queue,retry,Int,label,Retry
Email Queue,email_account,Link,label,Email Account
Web Page View,path,Data,label,Path
Web Page View,referrer,Data,label,Referrer
Web Page View,browser,Data,label,Browser
Web Page View,browser_version,Data,label,Browser Version
Web Page View,is_unique,Data,label,Is Unique
Web Page View,time_zone,Data,label,Time Zone
Web Page View,user_agent,Data,label,User Agent
Web Page View,source,Data,label,Source
Web Page View,campaign,Data,label,Campaign
Web Page View,medium,Data,label,Medium
Web Page View,visitor_id,Data,label,Visitor ID
Version,ref_doctype,Link,label,DocType
Version,docname,Data,label,Document Name
Version,data,Code,label,Data
Version,table_html,HTML,label,Table HTML
Communication,,DocType,doctype_description,Keeps track of all communications
Communication,subject,Small Text,label,Subject
Communication,section_break_10,Section Break,label,To and CC
Communication,communication_medium,Select,label,Type
Communication,communication_medium,Select,option,Email
Communication,communication_medium,Select,option,Chat
Communication,communication_medium,Select,option,Phone
Communication,communication_medium,Select,option,SMS
Communication,communication_medium,Select,option,Event
Communication,communication_medium,Select,option,Meeting
Communication,communication_medium,Select,option,Visit
Communication,communication_medium,Select,option,Other
Communication,sender,Data,label,From
Communication,recipients,Code,label,To
Communication,cc,Code,label,CC
Communication,bcc,Code,label,BCC
Communication,phone_no,Data,label,Phone No.
Communication,delivery_status,Select,label,Delivery Status
Communication,delivery_status,Select,description,Integrations can use this field to set email delivery status
Communication,delivery_status,Select,option,Sent
Communication,delivery_status,Select,option,Bounced
Communication,delivery_status,Select,option,Opened
Communication,delivery_status,Select,option,Marked As Spam
Communication,delivery_status,Select,option,Rejected
Communication,delivery_status,Select,option,Delayed
Communication,delivery_status,Select,option,Soft-Bounced
Communication,delivery_status,Select,option,Clicked
Communication,delivery_status,Select,option,Recipient Unsubscribed
Communication,delivery_status,Select,option,Error
Communication,delivery_status,Select,option,Expired
Communication,delivery_status,Select,option,Sending
Communication,delivery_status,Select,option,Read
Communication,delivery_status,Select,option,Scheduled
Communication,content,Text Editor,label,Message
Communication,status_section,Section Break,label,Status
Communication,text_content,Code,label,Text Content
Communication,communication_type,Select,label,Communication Type
Communication,communication_type,Select,option,Communication
Communication,communication_type,Select,option,Comment
Communication,communication_type,Select,option,Chat
Communication,communication_type,Select,option,Notification
Communication,communication_type,Select,option,Feedback
Communication,communication_type,Select,option,Automated Message
Communication,comment_type,Select,label,Comment Type
Communication,comment_type,Select,option,Comment
Communication,comment_type,Select,option,Like
Communication,comment_type,Select,option,Info
Communication,comment_type,Select,option,Label
Communication,comment_type,Select,option,Workflow
Communication,comment_type,Select,option,Created
Communication,comment_type,Select,option,Submitted
Communication,comment_type,Select,option,Cancelled
Communication,comment_type,Select,option,Updated
Communication,comment_type,Select,option,Deleted
Communication,comment_type,Select,option,Assigned
Communication,comment_type,Select,option,Assignment Completed
Communication,comment_type,Select,option,Attachment
Communication,comment_type,Select,option,Attachment Removed
Communication,comment_type,Select,option,Shared
Communication,comment_type,Select,option,Unshared
Communication,comment_type,Select,option,Relinked
Communication,status,Select,label,Status
Communication,status,Select,option,Open
Communication,status,Select,option,Replied
Communication,status,Select,option,Closed
Communication,status,Select,option,Linked
Communication,sent_or_received,Select,label,Sent or Received
Communication,sent_or_received,Select,option,Sent
Communication,sent_or_received,Select,option,Received
Communication,additional_info,Section Break,label,More Information
Communication,communication_date,Datetime,label,Date
Communication,read_receipt,Check,label,Sent Read Receipt
Communication,send_after,Datetime,label,Send After
Communication,sender_full_name,Data,label,From Full Name
Communication,read_by_recipient,Check,label,Read by Recipient
Communication,read_by_recipient_on,Datetime,label,Read by Recipient On
Communication,reference_section,Section Break,label,Reference
Communication,reference_doctype,Link,label,Reference Document Type
Communication,reference_name,Dynamic Link,label,Reference Name
Communication,reference_owner,Read Only,label,Reference Owner
Communication,email_account,Link,label,Email Account
Communication,in_reply_to,Link,label,In Reply To
Communication,user,Link,label,User
Communication,email_template,Link,label,Email Template
Communication,unread_notification_sent,Check,label,Unread Notification Sent
Communication,seen,Check,label,Seen
Communication,_user_tags,Data,label,User Tags
Communication,timeline_links_sections,Section Break,label,Timeline Links
Communication,timeline_links,Table,label,Timeline Links
Communication,email_inbox,Section Break,label,Email Inbox
Communication,message_id,Small Text,label,Message ID
Communication,uid,Int,label,UID
Communication,imap_folder,Data,label,IMAP Folder
Communication,email_status,Select,label,Email Status
Communication,email_status,Select,option,Open
Communication,email_status,Select,option,Spam
Communication,email_status,Select,option,Trash
Communication,has_attachment,Check,label,Has  Attachment
Communication,feedback_section,Section Break,label,Feedback
Communication,rating,Int,label,Rating
Communication,feedback_request,Data,label,Feedback Request
Shipment,heading_pickup_from,Heading,label,Pickup from
Shipment,pickup_from_type,Select,label,Pickup from
Shipment,pickup_from_type,Select,option,Company
Shipment,pickup_from_type,Select,option,Customer
Shipment,pickup_from_type,Select,option,Supplier
Shipment,pickup_company,Link,label,Company
Shipment,pickup_customer,Link,label,Customer
Shipment,pickup_supplier,Link,label,Supplier
Shipment,pickup,Data,label,Pickup From
Shipment,pickup_address_name,Link,label,Address
Shipment,pickup_contact_person,Link,label,Pickup Contact Person
Shipment,pickup_contact_name,Link,label,Contact
Shipment,pickup_contact_email,Data,label,Contact Email
Shipment,heading_delivery_to,Heading,label,Delivery to
Shipment,delivery_to_type,Select,label,Delivery to
Shipment,delivery_to_type,Select,option,Company
Shipment,delivery_to_type,Select,option,Customer
Shipment,delivery_to_type,Select,option,Supplier
Shipment,delivery_company,Link,label,Company
Shipment,delivery_customer,Link,label,Customer
Shipment,delivery_supplier,Link,label,Supplier
Shipment,delivery_to,Data,label,Delivery To
Shipment,delivery_address_name,Link,label,Address
Shipment,delivery_contact_name,Link,label,Contact
Shipment,delivery_contact_email,Data,label,Contact Email
Shipment,parcels_section,Section Break,label,Parcels
Shipment,shipment_parcel,Table,label,Shipment Parcel
Shipment,parcel_template,Link,label,Parcel Template
Shipment,add_template,Button,label,Add Template
Shipment,total_weight,Float,label,Total Weight (kg)
Shipment,shipment_delivery_note,Table,label,Shipment Delivery Note
Shipment,shipment_details_section,Section Break,label,Shipment details
Shipment,pallets,Select,label,Pallets
Shipment,pallets,Select,option,No
Shipment,pallets,Select,option,Yes
Shipment,value_of_goods,Currency,label,Value of Goods
Shipment,pickup_date,Date,label,Pickup Date
Shipment,pickup_from,Time,label,Pickup from
Shipment,pickup_to,Time,label,Pickup to
Shipment,shipment_type,Select,label,Shipment Type
Shipment,shipment_type,Select,option,Goods
Shipment,shipment_type,Select,option,Documents
Shipment,pickup_type,Select,label,Pickup Type
Shipment,pickup_type,Select,option,Pickup
Shipment,pickup_type,Select,option,Self delivery
Shipment,incoterm,Link,label,Incoterm
Shipment,description_of_content,Small Text,label,Description of Content
Shipment,shipment_information_section,Section Break,label,Shipment Information
Shipment,service_provider,Data,label,Service Provider
Shipment,shipment_id,Data,label,Shipment ID
Shipment,shipment_amount,Currency,label,Shipment Amount
Shipment,status,Select,label,Status
Shipment,status,Select,option,Draft
Shipment,status,Select,option,Submitted
Shipment,status,Select,option,Booked
Shipment,status,Select,option,Cancelled
Shipment,status,Select,option,Completed
Shipment,tracking_url,Small Text,label,Tracking URL
Shipment,carrier,Data,label,Carrier
Shipment,carrier_service,Data,label,Carrier Service
Shipment,awb_number,Data,label,AWB Number
Shipment,tracking_status,Select,label,Tracking Status
Shipment,tracking_status,Select,option,In Progress
Shipment,tracking_status,Select,option,Delivered
Shipment,tracking_status,Select,option,Returned
Shipment,tracking_status,Select,option,Lost
Shipment,tracking_status_info,Data,label,Tracking Status Info
Shipment,amended_from,Link,label,Amended From
Issue,subject_section,Section Break,option,fa fa-flag
Issue,naming_series,Select,label,Series
Issue,naming_series,Select,option,ISS-.YYYY.-
Issue,subject,Data,label,Subject
Issue,customer,Link,label,Customer
Issue,raised_by,Data,label,Raised By (Email)
Issue,status,Select,label,Status
Issue,status,Select,option,Open
Issue,status,Select,option,Replied
Issue,status,Select,option,On Hold
Issue,status,Select,option,Resolved
Issue,status,Select,option,Closed
Issue,priority,Link,label,Priority
Issue,issue_type,Link,label,Issue Type
Issue,issue_split_from,Link,label,Issue Split From
Issue,sb_details,Section Break,label,Details
Issue,description,Text Editor,label,Description
Issue,service_level_section,Section Break,label,Service Level Agreement Details
Issue,service_level_agreement,Link,label,Service Level Agreement
Issue,response_by,Datetime,label,Response By
Issue,reset_service_level_agreement,Button,label,Reset Service Level Agreement
Issue,cb,Column Break,option,fa fa-pushpin
Issue,agreement_status,Select,label,Service Level Agreement Status
Issue,agreement_status,Select,option,First Response Due
Issue,agreement_status,Select,option,Resolution Due
Issue,agreement_status,Select,option,Fulfilled
Issue,agreement_status,Select,option,Failed
Issue,sla_resolution_by,Datetime,label,Resolution By
Issue,service_level_agreement_creation,Datetime,label,Service Level Agreement Creation
Issue,on_hold_since,Datetime,label,On Hold Since
Issue,total_hold_time,Duration,label,Total Hold Time
Issue,response,Section Break,label,Response Details
Issue,first_response_time,Duration,label,First Response Time
Issue,first_responded_on,Datetime,label,First Responded On
Issue,avg_response_time,Duration,label,Average Response Time
Issue,section_break_19,Section Break,label,Resolution Details
Issue,resolution_details,Text Editor,label,Resolution Details
Issue,opening_date,Date,label,Opening Date
Issue,opening_time,Time,label,Opening Time
Issue,sla_resolution_date,Datetime,label,Resolution Date
Issue,resolution_time,Duration,label,Resolution Time
Issue,user_resolution_time,Duration,label,User Resolution Time
Issue,additional_info,Section Break,label,Reference
Issue,additional_info,Section Break,option,fa fa-pushpin
Issue,lead,Link,label,Lead
Issue,contact,Link,label,Contact
Issue,email_account,Link,label,Email Account
Issue,customer_name,Data,label,Customer Name
Issue,project,Link,label,Project
Issue,company,Link,label,Company
Issue,via_customer_portal,Check,label,Via Customer Portal
Issue,attachment,Attach,label,Attachment
Issue,content_type,Data,label,Content Type
Appraisal,employee_details_tab,Tab Break,label,Overview
Appraisal,naming_series,Select,label,Series
Appraisal,naming_series,Select,option,HR-APR-.YYYY.-
Appraisal,employee,Link,label,Employee
Appraisal,employee_name,Data,label,Employee Name
Appraisal,department,Link,label,Department
Appraisal,designation,Link,label,Designation
Appraisal,employee_image,Attach Image,label,Employee Image
Appraisal,company,Link,label,Company
Appraisal,appraisal_cycle,Link,label,Appraisal Cycle
Appraisal,start_date,Date,label,Start Date
Appraisal,end_date,Date,label,End Date
Appraisal,final_score,Float,label,Final Score
Appraisal,final_score,Float,description,"Average of Goal Score, Feedback Score, and Self Appraisal Score (out of 5)"
Appraisal,kra_tab,Tab Break,label,KRAs
Appraisal,appraisal_template,Link,label,Appraisal Template
Appraisal,rate_goals_manually,Check,label,Rate Goals Manually
Appraisal,appraisal_kra,Table,label,KRA vs Goals
Appraisal,goal_score_percentage,Float,label,Goal Score (%)
Appraisal,goals,Table,label,Goals
Appraisal,remarks,Text,label,Remarks
Appraisal,remarks,Text,description,"Any other remarks, noteworthy effort that should go in the records"
Appraisal,total_score,Float,label,Total Goal Score
Appraisal,total_score,Float,description,Out of 5
Appraisal,feedback_tab,Tab Break,label,Feedback
Appraisal,feedback_html,HTML,label,Feedback HTML
Appraisal,avg_feedback_score,Float,label,Average Feedback Score
Appraisal,self_appraisal_tab,Tab Break,label,Self Appraisal
Appraisal,section_break_23,Section Break,label,Ratings
Appraisal,self_score,Float,label,Total Self Score
Appraisal,reflections_section,Section Break,label,Reflections
Appraisal,amended_from,Link,label,Amended From
Quality Inspection,naming_series,Select,label,Series
Quality Inspection,naming_series,Select,option,MAT-QA-.YYYY.-
Quality Inspection,company,Link,label,Company
Quality Inspection,report_date,Date,label,Report Date
Quality Inspection,status,Select,label,Status
Quality Inspection,status,Select,option,Accepted
Quality Inspection,status,Select,option,Rejected
Quality Inspection,child_row_reference,Data,label,Child Row Reference
Quality Inspection,inspection_type,Select,label,Inspection Type
Quality Inspection,inspection_type,Select,option,Incoming
Quality Inspection,inspection_type,Select,option,Outgoing
Quality Inspection,inspection_type,Select,option,In Process
Quality Inspection,reference_type,Select,label,Reference Type
Quality Inspection,reference_type,Select,option,Purchase Receipt
Quality Inspection,reference_type,Select,option,Purchase Invoice
Quality Inspection,reference_type,Select,option,Subcontracting Receipt
Quality Inspection,reference_type,Select,option,Delivery Note
Quality Inspection,reference_type,Select,option,Sales Invoice
Quality Inspection,reference_type,Select,option,Stock Entry
Quality Inspection,reference_type,Select,option,Job Card
Quality Inspection,reference_name,Dynamic Link,label,Reference Name
Quality Inspection,item_code,Link,label,Item Code
Quality Inspection,item_serial_no,Link,label,Item Serial No
Quality Inspection,batch_no,Link,label,Batch No
Quality Inspection,sample_size,Float,label,Sample Size
Quality Inspection,item_name,Data,label,Item Name
Quality Inspection,description,Small Text,label,Description
Quality Inspection,bom_no,Link,label,BOM No
Quality Inspection,quality_inspection_template,Link,label,Quality Inspection Template
Quality Inspection,manual_inspection,Check,label,Manual Inspection
Quality Inspection,readings,Table,label,Readings
Quality Inspection,inspected_by,Link,label,Inspected By
Quality Inspection,verified_by,Data,label,Verified By
Quality Inspection,remarks,Text,label,Remarks
Quality Inspection,amended_from,Link,label,Amended From
Quality Inspection,print_settings_section,Section Break,label,Print Settings
Quality Inspection,letter_head,Link,label,Letter Head
Job Opening,,DocType,doctype_description,Description of a Job Opening
Job Opening,job_title,Data,label,Job Title
Job Opening,designation,Link,label,Designation
Job Opening,status,Select,label,Status
Job Opening,status,Select,option,Open
Job Opening,status,Select,option,Closed
Job Opening,posted_on,Datetime,label,Posted On
Job Opening,closes_on,Date,label,Closes On
Job Opening,closes_on,Date,description,"If set, the job opening will be closed automatically after this date"
Job Opening,closed_on,Date,label,Closed On
Job Opening,section_break_nngy,Section Break,label,Company Details
Job Opening,company,Link,label,Company
Job Opening,department,Link,label,Department
Job Opening,employment_type,Link,label,Employment Type
Job Opening,location,Link,label,Location
Job Opening,references_section,Section Break,label,References
Job Opening,staffing_plan,Link,label,Staffing Plan
Job Opening,planned_vacancies,Int,label,Planned number of Positions
Job Opening,job_requisition,Link,label,Job Requisition
Job Opening,vacancies,Int,label,Vacancies
Job Opening,publish,Check,label,Publish on website
Job Opening,route,Data,label,Route
Job Opening,publish_applications_received,Check,label,Publish Applications Received
Job Opening,publish_applications_received,Check,description,"If enabled, the total no. of applications received for this opening will be displayed on the website"
Job Opening,job_application_route,Data,label,Job Application Route
Job Opening,job_application_route,Data,description,Route to the custom Job Application Webform
Job Opening,description,Text Editor,label,Description
Job Opening,description,Text Editor,description,"Job profile, qualifications required etc."
Job Opening,currency,Link,label,Currency
Job Opening,lower_range,Currency,label,Lower Range
Job Opening,upper_range,Currency,label,Upper Range
Job Opening,salary_per,Select,label,Salary Paid Per
Job Opening,salary_per,Select,option,Month
Job Opening,salary_per,Select,option,Year
Job Opening,publish_salary_range,Check,label,Publish Salary Range
Tag Link,document_type,Link,label,Document Type
Tag Link,document_name,Dynamic Link,label,Document Name
Tag Link,tag,Link,label,Document Tag
Tag Link,title,Data,label,Document Title
Google Calendar,enable,Check,label,Enable
Google Calendar,sb_00,Section Break,label,Google Calendar
Google Calendar,calendar_name,Data,label,Calendar Name
Google Calendar,calendar_name,Data,description,The name that will appear in Google Calendar
Google Calendar,user,Link,label,User
Google Calendar,authorize_google_calendar_access,Button,label,Authorize Google Calendar Access
Google Calendar,sb_01,Section Break,label,Sync
Google Calendar,pull_from_google_calendar,Check,label,Pull from Google Calendar
Google Calendar,sync_as_public,Check,label,Sync events from Google as public
Google Calendar,push_to_google_calendar,Check,label,Push to Google Calendar
Google Calendar,google_calendar_id,Data,label,Google Calendar ID
Google Calendar,refresh_token,Password,label,Refresh Token
Google Calendar,authorization_code,Password,label,Authorization Code
Google Calendar,next_sync_token,Password,label,Next Sync Token
Payroll Entry,select_payroll_period,Tab Break,label,Overview
Payroll Entry,posting_date,Date,label,Posting Date
Payroll Entry,company,Link,label,Company
Payroll Entry,currency,Link,label,Currency
Payroll Entry,exchange_rate,Float,label,Exchange Rate
Payroll Entry,payroll_payable_account,Link,label,Payroll Payable Account
Payroll Entry,status,Select,label,Status
Payroll Entry,status,Select,option,Draft
Payroll Entry,status,Select,option,Submitted
Payroll Entry,status,Select,option,Cancelled
Payroll Entry,status,Select,option,Queued
Payroll Entry,status,Select,option,Failed
Payroll Entry,salary_slip_based_on_timesheet,Check,label,Salary Slip Based on Timesheet
Payroll Entry,payroll_frequency,Select,label,Payroll Frequency
Payroll Entry,payroll_frequency,Select,option,Monthly
Payroll Entry,payroll_frequency,Select,option,Fortnightly
Payroll Entry,payroll_frequency,Select,option,Bimonthly
Payroll Entry,payroll_frequency,Select,option,Weekly
Payroll Entry,payroll_frequency,Select,option,Daily
Payroll Entry,start_date,Date,label,Start Date
Payroll Entry,end_date,Date,label,End Date
Payroll Entry,deduct_tax_for_unclaimed_employee_benefits,Check,label,Deduct Tax For Unclaimed Employee Benefits
Payroll Entry,deduct_tax_for_unsubmitted_tax_exemption_proof,Check,label,Deduct Tax For Unsubmitted Tax Exemption Proof
Payroll Entry,employees_tab,Tab Break,label,Employees
Payroll Entry,section_break_17,Section Break,label,Filter Employees
Payroll Entry,branch,Link,label,Branch
Payroll Entry,department,Link,label,Department
Payroll Entry,designation,Link,label,Designation
Payroll Entry,grade,Link,label,Grade
Payroll Entry,number_of_employees,Int,label,Number Of Employees
Payroll Entry,section_break_24,Section Break,label,Employee Details
Payroll Entry,validate_attendance,Check,label,Validate Attendance
Payroll Entry,accounting_dimensions_tab,Tab Break,label,Accounting & Payment
Payroll Entry,accounting_dimensions_section,Section Break,label,Accounting Dimensions
Payroll Entry,cost_center,Link,label,Cost Center
Payroll Entry,project,Link,label,Project
Payroll Entry,account,Section Break,label,Payment Entry
Payroll Entry,payment_account,Link,label,Payment Account
Payroll Entry,payment_account,Link,description,Select Payment Account to make Bank Entry
Payroll Entry,bank_account,Link,label,Bank Account
Payroll Entry,salary_slips_created,Check,label,Salary Slips Created
Payroll Entry,salary_slips_submitted,Check,label,Salary Slips Submitted
Payroll Entry,failure_details_section,Tab Break,label,Failure Details
Payroll Entry,error_message,Small Text,label,Error Message
Payroll Entry,amended_from,Link,label,Amended From
Payroll Entry,connections_tab,Tab Break,label,Connections
Auto Repeat,reference_doctype,Link,label,Reference Document Type
Auto Repeat,reference_document,Dynamic Link,label,Reference Document
Auto Repeat,submit_on_creation,Check,label,Submit on Creation
Auto Repeat,start_date,Date,label,Start Date
Auto Repeat,end_date,Date,label,End Date
Auto Repeat,disabled,Check,label,Disabled
Auto Repeat,section_break_10,Tab Break,label,Schedule
Auto Repeat,frequency,Select,label,Frequency
Auto Repeat,frequency,Select,option,Daily
Auto Repeat,frequency,Select,option,Weekly
Auto Repeat,frequency,Select,option,Monthly
Auto Repeat,frequency,Select,option,Quarterly
Auto Repeat,frequency,Select,option,Half-yearly
Auto Repeat,frequency,Select,option,Yearly
Auto Repeat,repeat_on_day,Int,label,Repeat on Day
Auto Repeat,repeat_on_last_day,Check,label,Repeat on Last Day of the Month
Auto Repeat,next_schedule_date,Date,label,Next Schedule Date
Auto Repeat,repeat_on_days,Table,label,Repeat on Days
Auto Repeat,notification,Tab Break,label,Notification
Auto Repeat,notify_by_email,Check,label,Notify by Email
Auto Repeat,recipients,Small Text,label,Recipients
Auto Repeat,get_contacts,Button,label,Get Contacts
Auto Repeat,template,Link,label,Template
Auto Repeat,subject,Data,label,Subject
Auto Repeat,subject,Data,description,"To add dynamic subject, use jinja tags like

<div><pre><code>New {{ doc.doctype }} #{{ doc.name }}</code></pre></div>"
Auto Repeat,message,Text,label,Message
Auto Repeat,preview_message,Button,label,Preview Message
Auto Repeat,print_format,Link,label,Print Format
Auto Repeat,status,Select,label,Status
Auto Repeat,status,Select,option,Active
Auto Repeat,status,Select,option,Disabled
Auto Repeat,status,Select,option,Completed
CRM Settings,,DocType,doctype_description,Settings for Selling Module
CRM Settings,section_break_5,Section Break,label,Lead
CRM Settings,campaign_naming_by,Select,label,Campaign Naming By
CRM Settings,campaign_naming_by,Select,option,Campaign Name
CRM Settings,campaign_naming_by,Select,option,Naming Series
CRM Settings,allow_lead_duplication_based_on_emails,Check,label,Allow Lead Duplication based on Emails
CRM Settings,auto_creation_of_contact,Check,label,Auto Creation of Contact
CRM Settings,opportunity_section,Section Break,label,Opportunity
CRM Settings,close_opportunity_after_days,Int,label,Close Replied Opportunity After Days
CRM Settings,close_opportunity_after_days,Int,description,Auto close Opportunity Replied after the no. of days mentioned above
CRM Settings,quotation_section,Section Break,label,Quotation
CRM Settings,default_valid_till,Data,label,Default Quotation Validity Days
CRM Settings,section_break_13,Section Break,label,Activity
CRM Settings,carry_forward_communication_and_comments,Check,label,Carry Forward Communication and Comments
CRM Settings,carry_forward_communication_and_comments,Check,description,All the Comments and Emails will be copied from one document to another newly created document(Lead -> Opportunity -> Quotation) throughout the CRM documents.
CRM Settings,update_timestamp_on_new_communication,Check,label,Update timestamp on new communication
CRM Settings,update_timestamp_on_new_communication,Check,description,Update the modified timestamp on new communications received in Lead & Opportunity.
Job Applicant,,DocType,doctype_description,Applicant for a Job
Job Applicant,details_section,Section Break,label,Details
Job Applicant,applicant_name,Data,label,Applicant Name
Job Applicant,email_id,Data,label,Email Address
Job Applicant,phone_number,Data,label,Phone Number
Job Applicant,country,Link,label,Country
Job Applicant,job_title,Link,label,Job Opening
Job Applicant,designation,Link,label,Designation
Job Applicant,status,Select,label,Status
Job Applicant,status,Select,option,Open
Job Applicant,status,Select,option,Replied
Job Applicant,status,Select,option,Rejected
Job Applicant,status,Select,option,Hold
Job Applicant,status,Select,option,Accepted
Job Applicant,source_and_rating_section,Section Break,label,Source and Rating
Job Applicant,source,Link,label,Source
Job Applicant,source_name,Link,label,Source Name
Job Applicant,employee_referral,Link,label,Employee Referral
Job Applicant,applicant_rating,Rating,label,Applicant Rating
Job Applicant,section_break_6,Section Break,label,Resume
Job Applicant,notes,Data,label,Notes
Job Applicant,cover_letter,Text,label,Cover Letter
Job Applicant,resume_attachment,Attach,label,Resume Attachment
Job Applicant,resume_link,Data,label,Resume Link
Job Applicant,section_break_16,Section Break,label,Salary Expectation
Job Applicant,currency,Link,label,Currency
Job Applicant,lower_range,Currency,label,Lower Range
Job Applicant,upper_range,Currency,label,Upper Range
Stock Entry Type,purpose,Select,label,Purpose
Stock Entry Type,purpose,Select,option,Material Issue
Stock Entry Type,purpose,Select,option,Material Receipt
Stock Entry Type,purpose,Select,option,Material Transfer
Stock Entry Type,purpose,Select,option,Material Transfer for Manufacture
Stock Entry Type,purpose,Select,option,Material Consumption for Manufacture
Stock Entry Type,purpose,Select,option,Manufacture
Stock Entry Type,purpose,Select,option,Repack
Stock Entry Type,purpose,Select,option,Send to Subcontractor
Stock Entry Type,purpose,Select,option,Disassemble
Stock Entry Type,add_to_transit,Check,label,Add to Transit
Stock Entry Type,is_standard,Check,label,Is Standard
File,file_name,Data,label,File Name
File,is_private,Check,label,Is Private
File,file_type,Data,label,File Type
File,preview,Section Break,label,Preview
File,preview_html,HTML,label,Preview HTML
File,is_home_folder,Check,label,Is Home Folder
File,is_attachments_folder,Check,label,Is Attachments Folder
File,file_size,Int,label,File Size
File,file_url,Code,label,File URL
File,thumbnail_url,Small Text,label,Thumbnail URL
File,folder,Link,label,Folder
File,is_folder,Check,label,Is Folder
File,attached_to_doctype,Link,label,Attached To DocType
File,attached_to_name,Data,label,Attached To Name
File,attached_to_field,Data,label,Attached To Field
File,old_parent,Data,label,old_parent
File,content_hash,Data,label,Content Hash
File,uploaded_to_dropbox,Check,label,Uploaded To Dropbox
File,uploaded_to_google_drive,Check,label,Uploaded To Google Drive
Scheduler Event,scheduled_against,Link,label,Scheduled Against
Scheduler Event,method,Data,label,Method
Bulk Salary Structure Assignment,set_assignment_details_section,Section Break,label,Set Assignment Details
Bulk Salary Structure Assignment,salary_structure,Link,label,Salary Structure
Bulk Salary Structure Assignment,from_date,Date,label,From Date
Bulk Salary Structure Assignment,income_tax_slab,Link,label,Income Tax Slab
Bulk Salary Structure Assignment,company,Link,label,Company
Bulk Salary Structure Assignment,payroll_payable_account,Link,label,Payroll Payable Account
Bulk Salary Structure Assignment,currency,Link,label,Currency
Bulk Salary Structure Assignment,quick_filters_section,Section Break,label,Quick Filters
Bulk Salary Structure Assignment,branch,Link,label,Branch
Bulk Salary Structure Assignment,department,Link,label,Department
Bulk Salary Structure Assignment,designation,Link,label,Designation
Bulk Salary Structure Assignment,grade,Link,label,Employee Grade
Bulk Salary Structure Assignment,employment_type,Link,label,Employment Type
Bulk Salary Structure Assignment,advanced_filters_section,Section Break,label,Advanced Filters
Bulk Salary Structure Assignment,filter_list,HTML,label,Filter List
Bulk Salary Structure Assignment,select_employees_section,Section Break,label,Select Employees
Bulk Salary Structure Assignment,employees_html,HTML,label,Employees HTML
Shift Assignment Tool,action,Select,label,Action
Shift Assignment Tool,action,Select,option,Assign Shift
Shift Assignment Tool,action,Select,option,Assign Shift Schedule
Shift Assignment Tool,action,Select,option,Process Shift Requests
Shift Assignment Tool,company,Link,label,Company
Shift Assignment Tool,shift_assignment_details_section,Section Break,label,Shift Assignment Details
Shift Assignment Tool,shift_type,Link,label,Shift Type
Shift Assignment Tool,shift_schedule,Link,label,Shift Schedule
Shift Assignment Tool,shift_location,Link,label,Shift Location
Shift Assignment Tool,status,Select,label,Status
Shift Assignment Tool,status,Select,description,"When set to 'Inactive', employees with conflicting active shifts will not be excluded."
Shift Assignment Tool,status,Select,option,Active
Shift Assignment Tool,status,Select,option,Inactive
Shift Assignment Tool,start_date,Date,label,Start Date
Shift Assignment Tool,end_date,Date,label,End Date
Shift Assignment Tool,shift_request_filters_section,Section Break,label,Shift Request Filters
Shift Assignment Tool,shift_type_filter,Link,label,Shift Type
Shift Assignment Tool,approver,Link,label,Approver
Shift Assignment Tool,from_date,Date,label,From Date
Shift Assignment Tool,from_date,Date,description,Shift Requests ending before this date will be excluded.
Shift Assignment Tool,to_date,Date,label,To Date
Shift Assignment Tool,to_date,Date,description,Shift Requests starting after this date will be excluded.
Shift Assignment Tool,quick_filters_section,Section Break,label,Quick Filters
Shift Assignment Tool,branch,Link,label,Branch
Shift Assignment Tool,department,Link,label,Department
Shift Assignment Tool,designation,Link,label,Designation
Shift Assignment Tool,grade,Link,label,Employee Grade
Shift Assignment Tool,employment_type,Link,label,Employment Type
Shift Assignment Tool,advanced_filters_section,Section Break,label,Advanced Filters
Shift Assignment Tool,filter_list,HTML,label,Filter List
Shift Assignment Tool,select_rows_section,Section Break,label,Select Employees
Shift Assignment Tool,employees_html,HTML,label,Employees HTML
Leave Control Panel,allocate_leaves_section,Section Break,label,Set Leave Details
Leave Control Panel,dates_based_on,Select,label,Dates Based On
Leave Control Panel,dates_based_on,Select,option,Leave Period
Leave Control Panel,dates_based_on,Select,option,Joining Date
Leave Control Panel,dates_based_on,Select,option,Custom Range
Leave Control Panel,leave_period,Link,label,Leave Period
Leave Control Panel,from_date,Date,label,From Date
Leave Control Panel,to_date,Date,label,To Date
Leave Control Panel,carry_forward,Check,label,Carry Forward
Leave Control Panel,carry_forward,Check,description,Add unused leaves from previous leave period's allocation to this allocation
Leave Control Panel,allocate_based_on_leave_policy,Check,label,Allocate Based On Leave Policy
Leave Control Panel,leave_policy,Link,label,Leave Policy
Leave Control Panel,leave_type,Link,label,Leave Type
Leave Control Panel,no_of_days,Float,label,New Leaves Allocated (In Days)
Leave Control Panel,quick_filters_section,Section Break,label,Quick Filters
Leave Control Panel,company,Link,label,Company
Leave Control Panel,branch,Link,label,Branch
Leave Control Panel,department,Link,label,Department
Leave Control Panel,employment_type,Link,label,Employment Type
Leave Control Panel,designation,Link,label,Designation
Leave Control Panel,employee_grade,Link,label,Employee Grade
Leave Control Panel,advanced_filters_section,Section Break,label,Advanced Filters
Leave Control Panel,filter_list,HTML,label,Filter List
Leave Control Panel,select_employees_section,Section Break,label,Select Employees
Leave Control Panel,employees_html,HTML,label,Employees HTML
Asset Capitalization,title,Data,label,Title
Asset Capitalization,naming_series,Select,label,Series
Asset Capitalization,naming_series,Select,option,ACC-ASC-.YYYY.-
Asset Capitalization,capitalization_method,Select,label,Capitalization Method
Asset Capitalization,capitalization_method,Select,option,Create a new composite asset
Asset Capitalization,capitalization_method,Select,option,Choose a WIP composite asset
Asset Capitalization,target_item_code,Link,label,Target Item Code
Asset Capitalization,target_item_name,Data,label,Target Item Name
Asset Capitalization,target_asset,Link,label,Target Asset
Asset Capitalization,target_asset_name,Data,label,Asset Name
Asset Capitalization,target_qty,Float,label,Target Qty
Asset Capitalization,target_asset_location,Link,label,Target Asset Location
Asset Capitalization,company,Link,label,Company
Asset Capitalization,posting_date,Date,label,Posting Date
Asset Capitalization,posting_time,Time,label,Posting Time
Asset Capitalization,set_posting_time,Check,label,Edit Posting Date and Time
Asset Capitalization,finance_book,Link,label,Finance Book
Asset Capitalization,target_batch_no,Link,label,Target Batch No
Asset Capitalization,target_serial_no,Small Text,label,Target Serial No
Asset Capitalization,amended_from,Link,label,Amended From
Asset Capitalization,target_is_fixed_asset,Check,label,Target Is Fixed Asset
Asset Capitalization,target_has_batch_no,Check,label,Target Has Batch No
Asset Capitalization,target_has_serial_no,Check,label,Target Has Serial No
Asset Capitalization,section_break_16,Section Break,label,Consumed Stock Items
Asset Capitalization,stock_items,Table,label,Stock Items
Asset Capitalization,stock_items_total,Currency,label,Consumed Stock Total Value
Asset Capitalization,section_break_26,Section Break,label,Consumed Assets
Asset Capitalization,asset_items,Table,label,Assets
Asset Capitalization,asset_items_total,Currency,label,Consumed Asset Total Value
Asset Capitalization,service_expenses_section,Section Break,label,Service Expenses
Asset Capitalization,service_items,Table,label,Services
Asset Capitalization,service_items_total,Currency,label,Service Expense Total Amount
Asset Capitalization,totals_section,Section Break,label,Totals
Asset Capitalization,total_value,Currency,label,Total Value
Asset Capitalization,target_incoming_rate,Currency,label,Target Incoming Rate
Asset Capitalization,accounting_dimensions_section,Section Break,label,Accounting Dimensions
Asset Capitalization,cost_center,Link,label,Cost Center
Asset Capitalization,target_fixed_asset_account,Link,label,Target Fixed Asset Account
Process Payment Reconciliation Log,process_pr,Link,label,Parent Document
Process Payment Reconciliation Log,section_break_fvdw,Section Break,label,Status
Process Payment Reconciliation Log,status,Select,label,Status
Process Payment Reconciliation Log,status,Select,option,Running
Process Payment Reconciliation Log,status,Select,option,Paused
Process Payment Reconciliation Log,status,Select,option,Reconciled
Process Payment Reconciliation Log,status,Select,option,Partially Reconciled
Process Payment Reconciliation Log,status,Select,option,Failed
Process Payment Reconciliation Log,status,Select,option,Cancelled
Process Payment Reconciliation Log,tasks_section,Section Break,label,Tasks
Process Payment Reconciliation Log,allocated,Check,label,Allocated
Process Payment Reconciliation Log,allocated,Check,description,Invoices and Payments have been Fetched and Allocated
Process Payment Reconciliation Log,reconciled,Check,label,Reconciled
Process Payment Reconciliation Log,reconciled,Check,description,All allocations have been successfully reconciled
Process Payment Reconciliation Log,total_allocations,Int,label,Total Allocations
Process Payment Reconciliation Log,reconciled_entries,Int,label,Reconciled Entries
Process Payment Reconciliation Log,error_log,Long Text,label,Reconciliation Error Log
Process Payment Reconciliation Log,allocations_section,Section Break,label,Allocations
Process Payment Reconciliation Log,allocations,Table,label,Allocations
Process Payment Reconciliation,company,Link,label,Company
Process Payment Reconciliation,party_type,Link,label,Party Type
Process Payment Reconciliation,party,Dynamic Link,label,Party
Process Payment Reconciliation,receivable_payable_account,Link,label,Receivable/Payable Account
Process Payment Reconciliation,default_advance_account,Link,label,Default Advance Account
Process Payment Reconciliation,default_advance_account,Link,description,Only 'Payment Entries' made against this advance account are supported.
Process Payment Reconciliation,filter_section,Section Break,label,Filters
Process Payment Reconciliation,from_invoice_date,Date,label,From Invoice Date
Process Payment Reconciliation,to_invoice_date,Date,label,To Invoice Date
Process Payment Reconciliation,from_payment_date,Date,label,From Payment Date
Process Payment Reconciliation,to_payment_date,Date,label,To Payment Date
Process Payment Reconciliation,cost_center,Link,label,Cost Center
Process Payment Reconciliation,bank_cash_account,Link,label,Bank/Cash Account
Process Payment Reconciliation,section_break_2n02,Section Break,label,Status
Process Payment Reconciliation,status,Select,label,Status
Process Payment Reconciliation,status,Select,option,Queued
Process Payment Reconciliation,status,Select,option,Running
Process Payment Reconciliation,status,Select,option,Paused
Process Payment Reconciliation,status,Select,option,Completed
Process Payment Reconciliation,status,Select,option,Partially Reconciled
Process Payment Reconciliation,status,Select,option,Failed
Process Payment Reconciliation,status,Select,option,Cancelled
Process Payment Reconciliation,error_log,Long Text,label,Error Log
Process Payment Reconciliation,amended_from,Link,label,Amended From
Web Form,form_tab,Tab Break,label,Form
Web Form,title,Data,label,Title
Web Form,route,Data,label,Route
Web Form,published,Check,label,Published
Web Form,doc_type,Link,label,Select DocType
Web Form,module,Link,label,Module
Web Form,is_standard,Check,label,Is Standard
Web Form,introduction_text,Text Editor,label,Introduction
Web Form,web_form_fields,Table,label,Web Form Fields
Web Form,settings_tab,Tab Break,label,Settings
Web Form,access_control_section,Section Break,label,Access Control
Web Form,anonymous,Check,label,Anonymous responses
Web Form,anonymous,Check,description,"If enabled, all responses on the web form will be submitted anonymously"
Web Form,login_required,Check,label,Login required
Web Form,apply_document_permissions,Check,label,Apply Document Permissions
Web Form,allow_edit,Check,label,Allow Editing After Submit
Web Form,allow_multiple,Check,label,Allow Multiple Responses
Web Form,allow_delete,Check,label,Allow Delete
Web Form,form_settings_section,Section Break,label,Form Settings
Web Form,allow_incomplete,Check,label,Allow Incomplete Forms
Web Form,allow_incomplete,Check,description,Allow saving if mandatory fields are not filled
Web Form,allow_comments,Check,label,Allow Comments
Web Form,allow_print,Check,label,Allow Print
Web Form,print_format,Link,label,Print Format
Web Form,max_attachment_size,Int,label,Max attachment size
Web Form,max_attachment_size,Int,description,Set size in MB
Web Form,show_attachments,Check,label,Show Attachments
Web Form,allowed_embedding_domains,Small Text,label,Allowed embedding domains
Web Form,allowed_embedding_domains,Small Text,description,"Specify the domains or origins that are permitted to embed this form. Enter one domain per line (e.g., https://example.com). If no domains are specified, the form can only be embedded on the same origin."
Web Form,condition_description,HTML,label,Condition description
Web Form,condition_description,HTML,option,<p>Multiple webforms can be created for a single doctype. Add filters specific to this webform to display correct record after submission.</p><p>For Example:</p>
Web Form,condition_description,HTML,option,<p>If you create a separate webform every year to capture feedback from employees add a
Web Form,condition_description,HTML,option,field named year in doctype and add a filter <b>year = 2023</b></p>
Web Form,condition_json,JSON,label,Condition JSON
Web Form,section_break_3,Section Break,label,List Settings
Web Form,list_setting_message,HTML,label,List setting message
Web Form,show_list,Check,label,Show List
Web Form,list_title,Data,label,Title
Web Form,list_columns,Table,label,List Columns
Web Form,section_break_4,Section Break,label,Sidebar Settings
Web Form,show_sidebar,Check,label,Show Sidebar
Web Form,website_sidebar,Link,label,Website Sidebar
Web Form,customization_tab,Tab Break,label,Customization
Web Form,button_label,Data,label,Submit button label
Web Form,banner_image,Attach Image,label,Banner Image
Web Form,breadcrumbs,Code,label,Breadcrumbs
Web Form,breadcrumbs,Code,description,"List as [{""label"": _(""Jobs""), ""route"":""jobs""}]"
Web Form,section_break_5,Section Break,label,After Submission
Web Form,success_title,Data,label,Success title
Web Form,success_url,Data,label,Success URL
Web Form,success_url,Data,description,Go to this URL after completing the form
Web Form,success_message,Text,label,Success message
Web Form,success_message,Text,description,Message to be displayed on successful completion
Web Form,meta_section,Section Break,label,Meta
Web Form,meta_title,Data,label,Meta title
Web Form,meta_description,Small Text,label,Meta description
Web Form,meta_image,Attach Image,label,Meta image
Web Form,section_break_6,Section Break,label,Scripting / Style
Web Form,client_script,Code,label,Client script
Web Form,client_script,Code,description,"For help see <a href=""https://frappeframework.com/docs/user/en/guides/portal-development/web-forms"" target=""_blank"">Client Script API and Examples</a>"
Web Form,custom_css,Code,label,Custom CSS
Payment Request,payment_request_type,Select,label,Payment Request Type
Payment Request,payment_request_type,Select,option,Outward
Payment Request,payment_request_type,Select,option,Inward
Payment Request,transaction_date,Date,label,Transaction Date
Payment Request,naming_series,Select,label,Series
Payment Request,naming_series,Select,option,ACC-PRQ-.YYYY.-
Payment Request,company,Link,label,Company
Payment Request,mode_of_payment,Link,label,Mode of Payment
Payment Request,party_details,Section Break,label,Party Details
Payment Request,party_type,Link,label,Party Type
Payment Request,party,Dynamic Link,label,Party
Payment Request,party_name,Data,label,Party Name
Payment Request,reference_doctype,Link,label,Reference Doctype
Payment Request,reference_name,Dynamic Link,label,Reference Name
Payment Request,transaction_details,Section Break,label,Transaction Details
Payment Request,grand_total,Currency,label,Amount
Payment Request,grand_total,Currency,description,Amount in transaction currency
Payment Request,currency,Link,label,Transaction Currency
Payment Request,is_a_subscription,Check,label,Is a Subscription
Payment Request,outstanding_amount,Currency,label,Outstanding Amount
Payment Request,outstanding_amount,Currency,description,Amount in party's bank account currency
Payment Request,party_account_currency,Link,label,Party Account Currency
Payment Request,subscription_section,Section Break,label,Subscription Section
Payment Request,subscription_plans,Table,label,Subscription Plans
Payment Request,bank_account_details,Section Break,label,Bank Account Details
Payment Request,bank_account,Link,label,Bank Account
Payment Request,bank,Link,label,Bank
Payment Request,bank_account_no,Read Only,label,Bank Account No
Payment Request,account,Read Only,label,Account
Payment Request,iban,Read Only,label,IBAN
Payment Request,branch_code,Read Only,label,Branch Code
Payment Request,swift_number,Read Only,label,SWIFT Number
Payment Request,accounting_dimensions_section,Section Break,label,Accounting Dimensions
Payment Request,cost_center,Link,label,Cost Center
Payment Request,project,Link,label,Project
Payment Request,recipient_and_message,Section Break,label,Recipient Message And Payment Details
Payment Request,print_format,Select,label,Print Format
Payment Request,email_to,Data,label,To
Payment Request,subject,Data,label,Subject
Payment Request,payment_gateway_account,Link,label,Payment Gateway Account
Payment Request,status,Select,label,Status
Payment Request,status,Select,option,Draft
Payment Request,status,Select,option,Requested
Payment Request,status,Select,option,Initiated
Payment Request,status,Select,option,Partially Paid
Payment Request,status,Select,option,Payment Ordered
Payment Request,status,Select,option,Paid
Payment Request,status,Select,option,Failed
Payment Request,status,Select,option,Cancelled
Payment Request,make_sales_invoice,Check,label,Make Sales Invoice
Payment Request,message,Text,label,Message
Payment Request,message_examples,HTML,label,Message Examples
Payment Request,message_examples,HTML,option,<pre><h5>Message Example</h5>
Payment Request,message_examples,HTML,option,"&lt;p&gt;Dear {{ doc.contact_person }},&lt;/p&gt;"
Payment Request,message_examples,HTML,option,"&lt;p&gt;Requesting payment for {{ doc.doctype }}, {{ doc.name }} for {{ doc.grand_total }}.&lt;/p&gt;"
Payment Request,message_examples,HTML,option,"&lt;a href=""{{ payment_url }}""&gt; click here to pay &lt;/a&gt;"
Payment Request,message_examples,HTML,option,</pre>
Payment Request,mute_email,Check,label,Mute Email
Payment Request,section_break_7,Section Break,label,Payment Gateway Details
Payment Request,payment_gateway,Read Only,label,Payment Gateway
Payment Request,payment_account,Read Only,label,Payment Account
Payment Request,payment_channel,Select,label,Payment Channel
Payment Request,payment_channel,Select,option,Email
Payment Request,payment_channel,Select,option,Phone
Payment Request,payment_order,Link,label,Payment Order
Payment Request,amended_from,Link,label,Amended From
Payment Request,phone_number,Data,label,Phone Number
Prepared Report,status,Select,label,Status
Prepared Report,status,Select,option,Error
Prepared Report,status,Select,option,Queued
Prepared Report,status,Select,option,Completed
Prepared Report,status,Select,option,Started
Prepared Report,report_name,Data,label,Report Name
Prepared Report,queued_by,Data,label,Queued By
Prepared Report,job_id,Data,label,Job ID
Prepared Report,queued_at,Datetime,label,Queued At
Prepared Report,report_end_time,Datetime,label,Finished At
Prepared Report,peak_memory_usage,Int,label,Peak Memory Usage
Prepared Report,error_message,Text,label,Error Message
Prepared Report,filters_sb,Section Break,label,Filters
Prepared Report,filters,Small Text,label,Filters
Prepared Report,filter_values,HTML,label,Filter Values
Closing Stock Balance,naming_series,Select,label,Naming Series
Closing Stock Balance,naming_series,Select,option,CBAL-.#####
Closing Stock Balance,company,Link,label,Company
Closing Stock Balance,status,Select,label,Status
Closing Stock Balance,status,Select,option,Draft
Closing Stock Balance,status,Select,option,Queued
Closing Stock Balance,status,Select,option,In Progress
Closing Stock Balance,status,Select,option,Completed
Closing Stock Balance,status,Select,option,Failed
Closing Stock Balance,status,Select,option,Canceled
Closing Stock Balance,from_date,Date,label,From Date
Closing Stock Balance,to_date,Date,label,To Date
Closing Stock Balance,filters_section,Section Break,label,Filters
Closing Stock Balance,item_code,Link,label,Item Code
Closing Stock Balance,item_group,Link,label,Item Group
Closing Stock Balance,include_uom,Link,label,Include UOM
Closing Stock Balance,warehouse,Link,label,Warehouse
Closing Stock Balance,warehouse_type,Link,label,Warehouse Type
Closing Stock Balance,amended_from,Link,label,Amended From
Shift Schedule,shift_type,Link,label,Shift Type
Shift Schedule,frequency,Select,label,Frequency
Shift Schedule,frequency,Select,option,Every Week
Shift Schedule,frequency,Select,option,Every 2 Weeks
Shift Schedule,frequency,Select,option,Every 3 Weeks
Shift Schedule,frequency,Select,option,Every 4 Weeks
Shift Schedule,repeat_on_days,Table,label,Repeat On Days
Shift Schedule,amended_from,Link,label,Amended From
Leave Type,leave_type_name,Data,label,Leave Type Name
Leave Type,max_leaves_allowed,Float,label,Maximum Leave Allocation Allowed per Leave Period
Leave Type,applicable_after,Int,label,Allow Leave Application After (Working Days)
Leave Type,applicable_after,Int,description,Minimum working days required since Date of Joining to apply for this leave
Leave Type,max_continuous_days_allowed,Int,label,Maximum Consecutive Leaves Allowed
Leave Type,is_carry_forward,Check,label,Is Carry Forward
Leave Type,is_lwp,Check,label,Is Leave Without Pay
Leave Type,is_ppl,Check,label,Is Partially Paid Leave
Leave Type,fraction_of_daily_salary_per_leave,Float,label,Fraction of Daily Salary per Leave
Leave Type,fraction_of_daily_salary_per_leave,Float,description,"For a day of leave taken, if you still pay (say) 50% of the daily salary, then enter 0.50 in this field."
Leave Type,is_optional_leave,Check,label,Is Optional Leave
Leave Type,is_optional_leave,Check,description,"These leaves are holidays permitted by the company however, availing it is optional for an Employee."
Leave Type,allow_negative,Check,label,Allow Negative Balance
Leave Type,allow_over_allocation,Check,label,Allow Over Allocation
Leave Type,allow_over_allocation,Check,description,Allows allocating more leaves than the number of days in the allocation period.
Leave Type,include_holiday,Check,label,Include holidays within leaves as leaves
Leave Type,is_compensatory,Check,label,Is Compensatory
Leave Type,carry_forward_section,Section Break,label,Carry Forward
Leave Type,maximum_carry_forwarded_leaves,Float,label,Maximum Carry Forwarded Leaves
Leave Type,expire_carry_forwarded_leaves_after_days,Int,label,Expire Carry Forwarded Leaves (Days)
Leave Type,expire_carry_forwarded_leaves_after_days,Int,description,Calculated in days
Leave Type,encashment,Section Break,label,Encashment
Leave Type,allow_encashment,Check,label,Allow Encashment
Leave Type,max_encashable_leaves,Int,label,Maximum Encashable Leaves
Leave Type,non_encashable_leaves,Int,label,Non-Encashable Leaves
Leave Type,non_encashable_leaves,Int,description,"Indicates the number of leaves that cannot be encashed from the leave balance. E.g. with a leave balance of 10 and 4 Non-Encashable Leaves, you can encash 6, while the remaining 4 can be carried forward or expired"
Leave Type,earning_component,Link,label,Earning Component
Leave Type,earned_leave,Section Break,label,Earned Leave
Leave Type,is_earned_leave,Check,label,Is Earned Leave
Leave Type,earned_leave_frequency,Select,label,Earned Leave Frequency
Leave Type,earned_leave_frequency,Select,option,Monthly
Leave Type,earned_leave_frequency,Select,option,Quarterly
Leave Type,earned_leave_frequency,Select,option,Half-Yearly
Leave Type,earned_leave_frequency,Select,option,Yearly
Leave Type,allocate_on_day,Select,label,Allocate on Day
Leave Type,allocate_on_day,Select,description,The day of the month when leaves should be allocated
Leave Type,allocate_on_day,Select,option,First Day
Leave Type,allocate_on_day,Select,option,Last Day
Leave Type,allocate_on_day,Select,option,Date of Joining
Leave Type,rounding,Select,label,Rounding
Leave Type,rounding,Select,option,0.25
Leave Type,rounding,Select,option,0.5
Leave Type,rounding,Select,option,1.0
Shift Type,start_time,Time,label,Start Time
Shift Type,end_time,Time,label,End Time
Shift Type,holiday_list,Link,label,Holiday List
Shift Type,color,Select,label,Roster Color
Shift Type,color,Select,option,Blue
Shift Type,color,Select,option,Cyan
Shift Type,color,Select,option,Fuchsia
Shift Type,color,Select,option,Green
Shift Type,color,Select,option,Lime
Shift Type,color,Select,option,Orange
Shift Type,color,Select,option,Pink
Shift Type,color,Select,option,Red
Shift Type,color,Select,option,Violet
Shift Type,color,Select,option,Yellow
Shift Type,enable_auto_attendance,Check,label,Enable Auto Attendance
Shift Type,enable_auto_attendance,Check,description,Mark attendance based on 'Employee Checkin' for Employees assigned to this shift.
Shift Type,auto_attendance_settings_section,Section Break,label,Auto Attendance Settings
Shift Type,determine_check_in_and_check_out,Select,label,Determine Check-in and Check-out
Shift Type,determine_check_in_and_check_out,Select,option,Alternating entries as IN and OUT during the same shift
Shift Type,determine_check_in_and_check_out,Select,option,Strictly based on Log Type in Employee Checkin
Shift Type,working_hours_calculation_based_on,Select,label,Working Hours Calculation Based On
Shift Type,working_hours_calculation_based_on,Select,option,First Check-in and Last Check-out
Shift Type,working_hours_calculation_based_on,Select,option,Every Valid Check-in and Check-out
Shift Type,begin_check_in_before_shift_start_time,Int,label,Begin check-in before shift start time (in minutes)
Shift Type,begin_check_in_before_shift_start_time,Int,description,The time before the shift start time during which Employee Check-in is considered for attendance.
Shift Type,allow_check_out_after_shift_end_time,Int,label,Allow check-out after shift end time (in minutes)
Shift Type,allow_check_out_after_shift_end_time,Int,description,Time after the end of shift during which check-out is considered for attendance.
Shift Type,mark_auto_attendance_on_holidays,Check,label,Mark Auto Attendance on Holidays
Shift Type,mark_auto_attendance_on_holidays,Check,description,"If enabled, auto attendance will be marked on holidays if Employee Checkins exist"
Shift Type,working_hours_threshold_for_half_day,Float,label,Working Hours Threshold for Half Day
Shift Type,working_hours_threshold_for_half_day,Float,description,Working hours below which Half Day is marked. (Zero to disable)
Shift Type,working_hours_threshold_for_absent,Float,label,Working Hours Threshold for Absent
Shift Type,working_hours_threshold_for_absent,Float,description,Working hours below which Absent is marked. (Zero to disable)
Shift Type,process_attendance_after,Date,label,Process Attendance After
Shift Type,process_attendance_after,Date,description,Attendance will be marked automatically only after this date.
Shift Type,last_sync_of_checkin,Datetime,label,Last Sync of Checkin
Shift Type,last_sync_of_checkin,Datetime,description,Last Known Successful Sync of Employee Checkin. Reset this only if you are sure that all Logs are synced from all the locations. Please don't modify this if you are unsure.
Shift Type,auto_update_last_sync,Check,label,Automatically update Last Sync of Checkin
Shift Type,auto_update_last_sync,Check,description,Recommended for a single biometric device / checkins via mobile app
Shift Type,grace_period_settings_auto_attendance_section,Section Break,label,Late Entry & Early Exit Settings for Auto Attendance
Shift Type,enable_late_entry_marking,Check,label,Enable Late Entry Marking
Shift Type,late_entry_grace_period,Int,label,Late Entry Grace Period
Shift Type,late_entry_grace_period,Int,description,The time after the shift start time when check-in is considered as late (in minutes).
Shift Type,enable_early_exit_marking,Check,label,Enable Early Exit Marking
Shift Type,early_exit_grace_period,Int,label,Early Exit Grace Period
Shift Type,early_exit_grace_period,Int,description,The time before the shift end time when check-out is considered as early (in minutes).
Expense Claim,expenses_and_advances_tab,Tab Break,label,Expenses & Advances
Expense Claim,naming_series,Select,label,Series
Expense Claim,naming_series,Select,option,HR-EXP-.YYYY.-
Expense Claim,employee,Link,label,From Employee
Expense Claim,employee_name,Data,label,Employee Name
Expense Claim,department,Link,label,Department
Expense Claim,company,Link,label,Company
Expense Claim,expense_approver,Link,label,Expense Approver
Expense Claim,approval_status,Select,label,Approval Status
Expense Claim,approval_status,Select,option,Draft
Expense Claim,approval_status,Select,option,Approved
Expense Claim,approval_status,Select,option,Rejected
Expense Claim,expenses,Table,label,Expenses
Expense Claim,taxes_and_charges_sb,Section Break,label,Taxes & Charges
Expense Claim,taxes,Table,label,Expense Taxes and Charges
Expense Claim,advance_payments_sb,Section Break,label,Advance Payments
Expense Claim,advances,Table,label,Advances
Expense Claim,transactions_section,Section Break,label,Totals
Expense Claim,total_sanctioned_amount,Currency,label,Total Sanctioned Amount
Expense Claim,total_taxes_and_charges,Currency,label,Total Taxes and Charges
Expense Claim,total_advance_amount,Currency,label,Total Advance Amount
Expense Claim,grand_total,Currency,label,Grand Total
Expense Claim,total_claimed_amount,Currency,label,Total Claimed Amount
Expense Claim,total_amount_reimbursed,Currency,label,Total Amount Reimbursed
Expense Claim,accounting_details_tab,Tab Break,label,Accounting
Expense Claim,accounting_details,Section Break,label,Accounting Details
Expense Claim,posting_date,Date,label,Posting Date
Expense Claim,is_paid,Check,label,Is Paid
Expense Claim,mode_of_payment,Link,label,Mode of Payment
Expense Claim,payable_account,Link,label,Payable Account
Expense Claim,clearance_date,Date,label,Clearance Date
Expense Claim,remark,Small Text,label,Remark
Expense Claim,accounting_dimensions_section,Section Break,label,Accounting Dimensions
Expense Claim,project,Link,label,Project
Expense Claim,cost_center,Link,label,Cost Center
Expense Claim,more_info_tab,Tab Break,label,More Info
Expense Claim,status,Select,label,Status
Expense Claim,status,Select,option,Draft
Expense Claim,status,Select,option,Paid
Expense Claim,status,Select,option,Unpaid
Expense Claim,status,Select,option,Rejected
Expense Claim,status,Select,option,Submitted
Expense Claim,status,Select,option,Cancelled
Expense Claim,task,Link,label,Task
Expense Claim,amended_from,Link,label,Amended From
Expense Claim,delivery_trip,Link,label,Delivery Trip
Expense Claim,vehicle_log,Link,label,Vehicle Log
Expense Claim,dashboard_tab,Tab Break,label,Dashboard
Competitor,competitor_name,Data,label,Competitor Name
Competitor,website,Data,label,Website
Quotation Lost Reason,order_lost_reason,Data,label,Quotation Lost Reason
Subcontracting Receipt,title,Data,label,Title
Subcontracting Receipt,naming_series,Select,label,Series
Subcontracting Receipt,naming_series,Select,option,MAT-SCR-.YYYY.-
Subcontracting Receipt,naming_series,Select,option,MAT-SCR-RET-.YYYY.-
Subcontracting Receipt,supplier,Link,label,Job Worker
Subcontracting Receipt,supplier_name,Data,label,Job Worker Name
Subcontracting Receipt,supplier_delivery_note,Data,label,Job Worker Delivery Note
Subcontracting Receipt,company,Link,label,Company
Subcontracting Receipt,posting_date,Date,label,Date
Subcontracting Receipt,posting_time,Time,label,Posting Time
Subcontracting Receipt,posting_time,Time,description,Time at which materials were received
Subcontracting Receipt,set_posting_time,Check,label,Edit Posting Date and Time
Subcontracting Receipt,is_return,Check,label,Is Return
Subcontracting Receipt,return_against,Link,label,Return Against Subcontracting Receipt
Subcontracting Receipt,accounting_dimensions_section,Section Break,label,Accounting Dimensions
Subcontracting Receipt,cost_center,Link,label,Cost Center
Subcontracting Receipt,project,Link,label,Project
Subcontracting Receipt,set_warehouse,Link,label,Accepted Warehouse
Subcontracting Receipt,set_warehouse,Link,description,Sets 'Accepted Warehouse' in each row of the Items table.
Subcontracting Receipt,rejected_warehouse,Link,label,Rejected Warehouse
Subcontracting Receipt,rejected_warehouse,Link,description,Sets 'Rejected Warehouse' in each row of the Items table.
Subcontracting Receipt,supplier_warehouse,Link,label,Job Worker Warehouse
Subcontracting Receipt,items_section,Section Break,option,fa fa-shopping-cart
Subcontracting Receipt,get_scrap_items,Button,label,Get Scrap Items
Subcontracting Receipt,items,Table,label,Items
Subcontracting Receipt,total_qty,Float,label,Total Quantity
Subcontracting Receipt,total,Currency,label,Total
Subcontracting Receipt,raw_materials_consumed_section,Section Break,label,Raw Materials Actions
Subcontracting Receipt,reset_raw_materials_table,Button,label,Reset Raw Materials Table
Subcontracting Receipt,get_current_stock,Button,label,Get Current Stock
Subcontracting Receipt,raw_material_details,Section Break,label,Raw Materials Consumed
Subcontracting Receipt,raw_material_details,Section Break,option,fa fa-table
Subcontracting Receipt,supplied_items,Table,label,Consumed Items
Subcontracting Receipt,in_words,Data,label,In Words
Subcontracting Receipt,bill_no,Data,label,Bill No
Subcontracting Receipt,bill_date,Date,label,Bill Date
Subcontracting Receipt,tab_addresses,Tab Break,label,Address and Contact
Subcontracting Receipt,supplier_address,Link,label,Select Job Worker Address
Subcontracting Receipt,contact_person,Link,label,Contact Person
Subcontracting Receipt,address_display,Small Text,label,Address
Subcontracting Receipt,contact_display,Small Text,label,Contact
Subcontracting Receipt,contact_mobile,Small Text,label,Mobile No
Subcontracting Receipt,contact_email,Small Text,label,Contact Email
Subcontracting Receipt,shipping_address,Link,label,Select Shipping Address
Subcontracting Receipt,shipping_address_display,Small Text,label,Shipping Address
Subcontracting Receipt,billing_address,Link,label,Select Billing Address
Subcontracting Receipt,billing_address_display,Small Text,label,Billing Address
Subcontracting Receipt,tab_additional_costs,Tab Break,label,Additional Costs
Subcontracting Receipt,distribute_additional_costs_based_on,Select,label,Distribute Additional Costs Based On
Subcontracting Receipt,distribute_additional_costs_based_on,Select,option,Qty
Subcontracting Receipt,distribute_additional_costs_based_on,Select,option,Amount
Subcontracting Receipt,additional_costs,Table,label,Additional Costs
Subcontracting Receipt,total_additional_costs,Currency,label,Total Additional Costs
Subcontracting Receipt,tab_other_info,Tab Break,label,Other Info
Subcontracting Receipt,more_info,Section Break,label,More Information
Subcontracting Receipt,more_info,Section Break,option,fa fa-file-text
Subcontracting Receipt,amended_from,Link,label,Amended From
Subcontracting Receipt,range,Data,label,Range
Subcontracting Receipt,represents_company,Link,label,Represents Company
Subcontracting Receipt,order_status_section,Section Break,label,Order Status
Subcontracting Receipt,status,Select,label,Status
Subcontracting Receipt,status,Select,option,Draft
Subcontracting Receipt,status,Select,option,Completed
Subcontracting Receipt,status,Select,option,Return
Subcontracting Receipt,status,Select,option,Return Issued
Subcontracting Receipt,status,Select,option,Cancelled
Subcontracting Receipt,status,Select,option,Closed
Subcontracting Receipt,per_returned,Percent,label,% Returned
Subcontracting Receipt,subscription_detail,Section Break,label,Auto Repeat Detail
Subcontracting Receipt,auto_repeat,Link,label,Auto Repeat
Subcontracting Receipt,printing_settings,Section Break,label,Printing Settings
Subcontracting Receipt,letter_head,Link,label,Letter Head
Subcontracting Receipt,language,Data,label,Print Language
Subcontracting Receipt,instructions,Small Text,label,Instructions
Subcontracting Receipt,select_print_heading,Link,label,Print Heading
Subcontracting Receipt,other_details,HTML,label,Other Details
Subcontracting Receipt,remarks,Small Text,label,Remarks
Subcontracting Receipt,transporter_info,Section Break,label,Transporter Details
Subcontracting Receipt,transporter_info,Section Break,option,fa fa-truck
Subcontracting Receipt,transporter_name,Data,label,Transporter Name
Subcontracting Receipt,lr_no,Data,label,Vehicle Number
Subcontracting Receipt,lr_date,Date,label,Vehicle Date
Subcontracting Receipt,tab_connections,Tab Break,label,Connections
Subcontracting Order,title,Data,label,Title
Subcontracting Order,naming_series,Select,label,Series
Subcontracting Order,naming_series,Select,option,SC-ORD-.YYYY.-
Subcontracting Order,purchase_order,Link,label,Subcontracting Purchase Order
Subcontracting Order,supplier,Link,label,Job Worker
Subcontracting Order,supplier_name,Data,label,Job Worker Name
Subcontracting Order,supplier_warehouse,Link,label,Job Worker Warehouse
Subcontracting Order,company,Link,label,Company
Subcontracting Order,transaction_date,Date,label,Date
Subcontracting Order,schedule_date,Date,label,Required By
Subcontracting Order,amended_from,Link,label,Amended From
Subcontracting Order,accounting_dimensions_section,Section Break,label,Accounting Dimensions
Subcontracting Order,cost_center,Link,label,Cost Center
Subcontracting Order,project,Link,label,Project
Subcontracting Order,set_warehouse,Link,label,Set Target Warehouse
Subcontracting Order,set_warehouse,Link,description,Sets 'Warehouse' in each row of the Items table.
Subcontracting Order,items,Table,label,Items
Subcontracting Order,total_qty,Float,label,Total Quantity
Subcontracting Order,total,Currency,label,Total
Subcontracting Order,service_items_section,Section Break,label,Service Items
Subcontracting Order,service_items,Table,label,Service Items
Subcontracting Order,raw_materials_supplied_section,Section Break,label,Raw Materials Supplied
Subcontracting Order,set_reserve_warehouse,Link,label,Set Reserve Warehouse
Subcontracting Order,set_reserve_warehouse,Link,description,Sets 'Reserve Warehouse' in each row of the Supplied Items table.
Subcontracting Order,supplied_items,Table,label,Supplied Items
Subcontracting Order,tab_address_and_contact,Tab Break,label,Address and Contact
Subcontracting Order,supplier_address,Link,label,Job Worker Address
Subcontracting Order,address_display,Small Text,label,Job Worker Address Details
Subcontracting Order,contact_person,Link,label,Job Worker Contact
Subcontracting Order,contact_display,Small Text,label,Contact Name
Subcontracting Order,contact_mobile,Small Text,label,Contact Mobile No
Subcontracting Order,contact_email,Small Text,label,Contact Email
Subcontracting Order,shipping_address,Link,label,Company Shipping Address
Subcontracting Order,shipping_address_display,Small Text,label,Shipping Address Details
Subcontracting Order,billing_address,Link,label,Company Billing Address
Subcontracting Order,billing_address_display,Small Text,label,Billing Address Details
Subcontracting Order,tab_additional_costs,Tab Break,label,Additional Costs
Subcontracting Order,distribute_additional_costs_based_on,Select,label,Distribute Additional Costs Based On
Subcontracting Order,distribute_additional_costs_based_on,Select,option,Qty
Subcontracting Order,distribute_additional_costs_based_on,Select,option,Amount
Subcontracting Order,additional_costs,Table,label,Additional Costs
Subcontracting Order,total_additional_costs,Currency,label,Total Additional Costs
Subcontracting Order,tab_other_info,Tab Break,label,Other Info
Subcontracting Order,order_status_section,Section Break,label,Order Status
Subcontracting Order,status,Select,label,Status
Subcontracting Order,status,Select,option,Draft
Subcontracting Order,status,Select,option,Open
Subcontracting Order,status,Select,option,Partially Received
Subcontracting Order,status,Select,option,Completed
Subcontracting Order,status,Select,option,Material Transferred
Subcontracting Order,status,Select,option,Partial Material Transferred
Subcontracting Order,status,Select,option,Cancelled
Subcontracting Order,status,Select,option,Closed
Subcontracting Order,per_received,Percent,label,% Received
Subcontracting Order,printing_settings_section,Section Break,label,Printing Settings
Subcontracting Order,select_print_heading,Link,label,Print Heading
Subcontracting Order,letter_head,Link,label,Letter Head
Subcontracting Order,tab_connections,Tab Break,label,Connections
Blanket Order,naming_series,Select,label,Series
Blanket Order,naming_series,Select,option,MFG-BLR-.YYYY.-
Blanket Order,blanket_order_type,Select,label,Order Type
Blanket Order,blanket_order_type,Select,option,Selling
Blanket Order,blanket_order_type,Select,option,Purchasing
Blanket Order,customer,Link,label,Customer
Blanket Order,customer_name,Data,label,Customer Name
Blanket Order,supplier,Link,label,Supplier
Blanket Order,supplier_name,Data,label,Supplier Name
Blanket Order,order_no,Data,label,Order No
Blanket Order,order_date,Date,label,Order Date
Blanket Order,from_date,Date,label,From Date
Blanket Order,to_date,Date,label,To Date
Blanket Order,company,Link,label,Company
Blanket Order,items,Table,label,Item
Blanket Order,amended_from,Link,label,Amended From
Blanket Order,terms_and_conditions_section,Section Break,label,Terms and Conditions
Blanket Order,tc_name,Link,label,Terms
Blanket Order,terms,Text Editor,label,Terms and Conditions Details
Email Domain,domain_name,Data,label,Domain Name
Email Domain,mailbox_settings,Section Break,label,Incoming Settings
Email Domain,email_server,Data,label,Incoming Server
Email Domain,email_server,Data,description,e.g. pop.gmail.com / imap.gmail.com
Email Domain,use_imap,Check,label,Use IMAP
Email Domain,use_ssl,Check,label,Use SSL
Email Domain,use_starttls,Check,label,Use STARTTLS
Email Domain,incoming_port,Data,label,Port
Email Domain,incoming_port,Data,description,"If non-standard port (e.g. POP3: 995/110, IMAP: 993/143)"
Email Domain,attachment_limit,Int,label,Attachment Limit (MB)
Email Domain,attachment_limit,Int,description,Ignore attachments over this size
Email Domain,outgoing_mail_settings,Section Break,label,Outgoing Settings
Email Domain,smtp_server,Data,label,Outgoing Server
Email Domain,smtp_server,Data,description,e.g. smtp.gmail.com
Email Domain,use_tls,Check,label,Use TLS
Email Domain,use_ssl_for_outgoing,Check,label,Use SSL
Email Domain,smtp_port,Data,label,Port
Email Domain,smtp_port,Data,description,If non standard port (e.g. 587)
Email Domain,append_emails_to_sent_folder,Check,label,Append Emails to Sent Folder
Email Domain,sent_folder_name,Data,label,Sent Folder Name
Email Domain,sent_folder_name,Data,description,"Some mailboxes require a different Sent Folder Name e.g. ""INBOX.Sent"""
Production Plan,naming_series,Select,label,Naming Series
Production Plan,naming_series,Select,option,MFG-PP-.YYYY.-
Production Plan,company,Link,label,Company
Production Plan,get_items_from,Select,label,Get Items From
Production Plan,get_items_from,Select,option,Sales Order
Production Plan,get_items_from,Select,option,Material Request
Production Plan,posting_date,Date,label,Posting Date
Production Plan,filters,Section Break,label,Filters
Production Plan,item_code,Link,label,Item Code
Production Plan,customer,Link,label,Customer
Production Plan,warehouse,Link,label,Warehouse
Production Plan,project,Link,label,Project
Production Plan,sales_order_status,Select,label,Sales Order Status
Production Plan,sales_order_status,Select,option,To Deliver and Bill
Production Plan,sales_order_status,Select,option,To Bill
Production Plan,sales_order_status,Select,option,To Deliver
Production Plan,from_date,Date,label,From Date
Production Plan,to_date,Date,label,To Date
Production Plan,from_delivery_date,Date,label,From Delivery Date
Production Plan,to_delivery_date,Date,label,To Delivery Date
Production Plan,sales_orders_detail,Section Break,label,Sales Orders
Production Plan,get_sales_orders,Button,label,Get Sales Orders
Production Plan,sales_orders,Table,label,Sales Orders
Production Plan,material_request_detail,Section Break,label,Material Request Detail
Production Plan,get_material_request,Button,label,Get Material Request
Production Plan,material_requests,Table,label,Material Requests
Production Plan,select_items_to_manufacture_section,Section Break,label,Select Items to Manufacture
Production Plan,get_items,Button,label,Get Finished Goods for Manufacture
Production Plan,combine_items,Check,label,Consolidate Sales Order Items
Production Plan,po_items,Table,label,Assembly Items
Production Plan,prod_plan_references,Table,label,Production Plan Item Reference
Production Plan,section_break_24,Section Break,label,Sub Assembly Items
Production Plan,combine_sub_items,Check,label,Consolidate Sub Assembly Items
Production Plan,sub_assembly_warehouse,Link,label,Sub Assembly Warehouse
Production Plan,sub_assembly_warehouse,Link,description,"When a parent warehouse is chosen, the system conducts stock checks against the associated child warehouses"
Production Plan,skip_available_sub_assembly_item,Check,label,Skip Available Sub Assembly Items
Production Plan,skip_available_sub_assembly_item,Check,description,"If this checkbox is enabled, then the system won’t run the MRP for the available sub-assembly items."
Production Plan,get_sub_assembly_items,Button,label,Get Sub Assembly Items
Production Plan,download_materials_request_plan_section_section,Section Break,label,Preview Required Materials
Production Plan,download_materials_required,Button,label,Download Required Materials
Production Plan,material_request_planning,Section Break,label,Material Request Planning
Production Plan,include_non_stock_items,Check,label,Include Non Stock Items
Production Plan,include_subcontracted_items,Check,label,Include Subcontracted Items
Production Plan,consider_minimum_order_qty,Check,label,Consider Minimum Order Qty
Production Plan,include_safety_stock,Check,label,Include Safety Stock in Required Qty Calculation
Production Plan,ignore_existing_ordered_qty,Check,label,Ignore Available Stock
Production Plan,ignore_existing_ordered_qty,Check,description,"If enabled, the system will create material requests even if the stock exists in the 'Raw Materials Warehouse'."
Production Plan,for_warehouse,Link,label,Raw Materials Warehouse
Production Plan,get_items_for_mr,Button,label,Get Raw Materials for Purchase
Production Plan,transfer_materials,Button,label,Get Raw Materials for Transfer
Production Plan,mr_items,Table,label,Raw Materials
Production Plan,other_details,Section Break,label,Other Details
Production Plan,total_planned_qty,Float,label,Total Planned Qty
Production Plan,total_produced_qty,Float,label,Total Produced Qty
Production Plan,status,Select,label,Status
Production Plan,status,Select,option,Draft
Production Plan,status,Select,option,Submitted
Production Plan,status,Select,option,Not Started
Production Plan,status,Select,option,In Process
Production Plan,status,Select,option,Completed
Production Plan,status,Select,option,Closed
Production Plan,status,Select,option,Cancelled
Production Plan,status,Select,option,Material Requested
Production Plan,warehouses,Table MultiSelect,label,Warehouses
Production Plan,amended_from,Link,label,Amended From
Country,country_name,Data,label,Country Name
Country,date_format,Data,label,Date Format
Country,time_format,Data,label,Time format
Country,time_zones,Text,label,Time Zones
Country,code,Data,label,Code
Item Attribute,attribute_name,Data,label,Attribute Name
Item Attribute,numeric_values,Check,label,Numeric Values
Item Attribute,disabled,Check,label,Disabled
Item Attribute,from_range,Float,label,From Range
Item Attribute,increment,Float,label,Increment
Item Attribute,to_range,Float,label,To Range
Item Attribute,item_attribute_values,Table,label,Item Attribute Values
Dunning,naming_series,Select,label,Series
Dunning,naming_series,Select,option,DUNN-.MM.-.YY.-
Dunning,customer,Link,label,Customer
Dunning,customer_name,Data,label,Customer Name
Dunning,company,Link,label,Company
Dunning,posting_date,Date,label,Date
Dunning,posting_time,Time,label,Posting Time
Dunning,status,Select,label,Status
Dunning,status,Select,option,Draft
Dunning,status,Select,option,Resolved
Dunning,status,Select,option,Unresolved
Dunning,status,Select,option,Cancelled
Dunning,section_break_9,Section Break,label,Currency
Dunning,currency,Link,label,Currency
Dunning,conversion_rate,Float,label,Conversion Rate
Dunning,dunning_type,Link,label,Dunning Type
Dunning,rate_of_interest,Float,label,Rate of Interest (%) Yearly
Dunning,overdue_payments,Table,label,Overdue Payments
Dunning,total_interest,Currency,label,Total Interest
Dunning,dunning_fee,Currency,label,Dunning Fee
Dunning,dunning_amount,Currency,label,Dunning Amount
Dunning,base_dunning_amount,Currency,label,Dunning Amount (Company Currency)
Dunning,spacer,Data,label,Spacer
Dunning,total_outstanding,Currency,label,Total Outstanding
Dunning,grand_total,Currency,label,Grand Total
Dunning,printing_settings_section,Section Break,label,Printing Settings
Dunning,language,Link,label,Print Language
Dunning,body_text,Text Editor,label,Body Text
Dunning,letter_head,Link,label,Letter Head
Dunning,closing_text,Text Editor,label,Closing Text
Dunning,accounting_details_section,Section Break,label,Accounting Details
Dunning,income_account,Link,label,Income Account
Dunning,income_account,Link,description,For dunning fee and interest
Dunning,cost_center,Link,label,Cost Center
Dunning,amended_from,Link,label,Amended From
Dunning,address_and_contact_tab,Tab Break,label,Address & Contact
Dunning,customer_address,Link,label,Customer Address
Dunning,address_display,Small Text,label,Address
Dunning,contact_person,Link,label,Contact Person
Dunning,contact_display,Small Text,label,Contact
Dunning,contact_mobile,Small Text,label,Mobile No
Dunning,contact_email,Data,label,Contact Email
Dunning,company_address,Link,label,Company Address
Dunning,company_address_display,Small Text,label,Company Address Display
Salary Structure,company,Link,label,Company
Salary Structure,letter_head,Link,label,Letter Head
Salary Structure,is_active,Select,label,Is Active
Salary Structure,is_active,Select,option,Yes
Salary Structure,is_active,Select,option,No
Salary Structure,is_default,Select,label,Is Default
Salary Structure,is_default,Select,option,Yes
Salary Structure,is_default,Select,option,No
Salary Structure,currency,Link,label,Currency
Salary Structure,amended_from,Link,label,Amended From
Salary Structure,leave_encashment_amount_per_day,Currency,label,Leave Encashment Amount Per Day
Salary Structure,max_benefits,Currency,label,Max Benefits (Amount)
Salary Structure,salary_slip_based_on_timesheet,Check,label,Salary Slip Based on Timesheet
Salary Structure,payroll_frequency,Select,label,Payroll Frequency
Salary Structure,payroll_frequency,Select,option,Monthly
Salary Structure,payroll_frequency,Select,option,Fortnightly
Salary Structure,payroll_frequency,Select,option,Bimonthly
Salary Structure,payroll_frequency,Select,option,Weekly
Salary Structure,payroll_frequency,Select,option,Daily
Salary Structure,salary_component,Link,label,Salary Component
Salary Structure,salary_component,Link,description,Salary Component for timesheet based payroll.
Salary Structure,hour_rate,Currency,label,Hour Rate
Salary Structure,earning_deduction,Tab Break,label,Earnings & Deductions
Salary Structure,earning_deduction,Tab Break,description,Salary breakup based on Earning and Deduction.
Salary Structure,earnings,Table,label,Earnings
Salary Structure,deductions,Table,label,Deductions
Salary Structure,conditions_and_formula_variable_and_example,HTML,label,Conditions and Formula variable and example
Salary Structure,total_earning,Currency,label,Total Earning
Salary Structure,total_deduction,Currency,label,Total Deduction
Salary Structure,net_pay,Currency,label,Net Pay
Salary Structure,account,Tab Break,label,Account
Salary Structure,mode_of_payment,Link,label,Mode of Payment
Salary Structure,payment_account,Link,label,Payment Account
Code List,title,Data,label,Title
Code List,canonical_uri,Data,label,Canonical URI
Code List,url,Data,label,URL
Code List,default_common_code,Link,label,Default Common Code
Code List,default_common_code,Link,description,This value shall be used when no matching Common Code for a record is found.
Code List,version,Data,label,Version
Code List,publisher,Data,label,Publisher
Code List,publisher_id,Data,label,Publisher ID
Code List,description,Small Text,label,Description
Additional Salary,naming_series,Select,label,Series
Additional Salary,naming_series,Select,option,HR-ADS-.YY.-.MM.-
Additional Salary,employee,Link,label,Employee
Additional Salary,employee_name,Data,label,Employee Name
Additional Salary,department,Link,label,Department
Additional Salary,company,Link,label,Company
Additional Salary,is_recurring,Check,label,Is Recurring
Additional Salary,disabled,Check,label,Disabled
Additional Salary,from_date,Date,label,From Date
Additional Salary,to_date,Date,label,To Date
Additional Salary,payroll_date,Date,label,Payroll Date
Additional Salary,payroll_date,Date,description,The date on which Salary Component with Amount will contribute for Earnings/Deduction in Salary Slip.
Additional Salary,amended_from,Link,label,Amended From
Additional Salary,salary_details_section,Section Break,label,Salary
Additional Salary,salary_component,Link,label,Salary Component
Additional Salary,type,Data,label,Salary Component Type
Additional Salary,currency,Link,label,Currency
Additional Salary,amount,Currency,label,Amount
Additional Salary,deduct_full_tax_on_selected_payroll_date,Check,label,Deduct Full Tax on Selected Payroll Date
Additional Salary,overwrite_salary_structure_amount,Check,label,Overwrite Salary Structure Amount
Additional Salary,properties_and_references_section,Section Break,label,References
Additional Salary,ref_doctype,Link,label,Reference Document Type
Additional Salary,ref_docname,Dynamic Link,label,Reference Document
Shift Assignment,employee_details_section,Section Break,label,Employee Details
Shift Assignment,employee,Link,label,Employee
Shift Assignment,employee_name,Data,label,Employee Name
Shift Assignment,company,Link,label,Company
Shift Assignment,department,Link,label,Department
Shift Assignment,shift_details_section,Section Break,label,Shift Details
Shift Assignment,shift_type,Link,label,Shift Type
Shift Assignment,shift_location,Link,label,Shift Location
Shift Assignment,status,Select,label,Status
Shift Assignment,status,Select,option,Active
Shift Assignment,status,Select,option,Inactive
Shift Assignment,start_date,Date,label,Start Date
Shift Assignment,end_date,Date,label,End Date
Shift Assignment,shift_request,Link,label,Shift Request
Shift Assignment,shift_schedule_assignment,Link,label,Shift Schedule Assignment
Shift Assignment,amended_from,Link,label,Amended From
Newsletter,,DocType,doctype_description,Create and send emails to a specific group of subscribers periodically.
Newsletter,status_section,Section Break,label,Status
Newsletter,email_sent_at,Datetime,label,Email Sent At
Newsletter,total_recipients,Int,label,Total Recipients
Newsletter,total_views,Int,label,Total Views
Newsletter,email_sent,Check,label,Email Sent
Newsletter,from_section,Section Break,label,From
Newsletter,sender_name,Data,label,Sender Name
Newsletter,sender_email,Data,label,Sender Email
Newsletter,send_from,Data,label,Sender
Newsletter,recipients,Section Break,label,To
Newsletter,email_group,Table,label,Audience
Newsletter,subject_section,Section Break,label,Subject
Newsletter,subject,Small Text,label,Subject
Newsletter,newsletter_content,Section Break,label,Content
Newsletter,content_type,Select,label,Content Type
Newsletter,content_type,Select,option,Rich Text
Newsletter,content_type,Select,option,Markdown
Newsletter,content_type,Select,option,HTML
Newsletter,message,Text Editor,label,Message
Newsletter,message_md,Markdown Editor,label,Message (Markdown)
Newsletter,message_html,HTML Editor,label,Message (HTML)
Newsletter,campaign,Link,label,Campaign
Newsletter,attachments,Table,label,Attachments
Newsletter,send_unsubscribe_link,Check,label,Send Unsubscribe Link
Newsletter,send_webview_link,Check,label,Send Web View Link
Newsletter,schedule_settings_section,Section Break,label,Scheduled Sending
Newsletter,scheduled_to_send,Int,label,Scheduled To Send
Newsletter,schedule_sending,Check,label,Schedule sending at a later time
Newsletter,schedule_send,Datetime,label,Send Email At
Newsletter,publish_as_a_web_page_section,Section Break,label,Publish as a web page
Newsletter,published,Check,label,Published
Newsletter,route,Data,label,Route
Common Code,code_list,Link,label,Code List
Common Code,title,Data,label,Title
Common Code,common_code,Data,label,Common Code
Common Code,description,Small Text,label,Description
Common Code,additional_data,Code,label,Additional Data
Common Code,applies_to,Table,label,Applies To
Bank Account,account_name,Data,label,Account Name
Bank Account,account,Link,label,Company Account
Bank Account,bank,Link,label,Bank
Bank Account,account_type,Link,label,Account Type
Bank Account,account_subtype,Link,label,Account Subtype
Bank Account,disabled,Check,label,Disabled
Bank Account,is_default,Check,label,Is Default Account
Bank Account,is_company_account,Check,label,Is Company Account
Bank Account,is_company_account,Check,description,Setting the account as a Company Account is necessary for Bank Reconciliation
Bank Account,company,Link,label,Company
Bank Account,section_break_11,Section Break,label,Party Details
Bank Account,party_type,Link,label,Party Type
Bank Account,party,Dynamic Link,label,Party
Bank Account,account_details_section,Section Break,label,Account Details
Bank Account,iban,Data,label,IBAN
Bank Account,branch_code,Data,label,Branch Code
Bank Account,bank_account_no,Data,label,Bank Account No
Bank Account,address_and_contact,Section Break,label,Address and Contact
Bank Account,address_and_contact,Section Break,option,fa fa-map-marker
Bank Account,address_html,HTML,label,Address HTML
Bank Account,contact_html,HTML,label,Contact HTML
Bank Account,integration_details_section,Section Break,label,Integration Details
Bank Account,integration_id,Data,label,Integration ID
Bank Account,last_integration_date,Date,label,Last Integration Date
Bank Account,last_integration_date,Date,description,Change this date manually to setup the next synchronization start date
Bank Account,mask,Data,label,Mask
Webhook,sb_doc_events,Section Break,label,Doc Events
Webhook,webhook_doctype,Link,label,DocType
Webhook,webhook_docevent,Select,label,Doc Event
Webhook,webhook_docevent,Select,option,after_insert
Webhook,webhook_docevent,Select,option,on_update
Webhook,webhook_docevent,Select,option,on_submit
Webhook,webhook_docevent,Select,option,on_cancel
Webhook,webhook_docevent,Select,option,on_trash
Webhook,webhook_docevent,Select,option,on_update_after_submit
Webhook,webhook_docevent,Select,option,on_change
Webhook,enabled,Check,label,Enabled
Webhook,sb_condition,Section Break,label,Webhook Trigger
Webhook,condition,Small Text,label,Condition
Webhook,condition,Small Text,description,The webhook will be triggered if this expression is true
Webhook,html_condition,HTML,option,<p><strong>Condition Examples:</strong></p>
Webhook,html_condition,HTML,option,"<pre>doc.status==""Open""<br>doc.due_date==nowdate()<br>doc.total &gt; 40000"
Webhook,html_condition,HTML,option,</pre>
Webhook,sb_webhook,Section Break,label,Webhook Request
Webhook,request_url,Small Text,label,Request URL
Webhook,is_dynamic_url,Check,label,Is Dynamic URL?
Webhook,is_dynamic_url,Check,description,"On checking this option, URL will be treated like a jinja template string"
Webhook,timeout,Int,label,Request Timeout
Webhook,timeout,Int,description,The number of seconds until the request expires
Webhook,background_jobs_queue,Autocomplete,label,Background Jobs Queue
Webhook,request_method,Select,label,Request Method
Webhook,request_method,Select,option,POST
Webhook,request_method,Select,option,PUT
Webhook,request_method,Select,option,DELETE
Webhook,request_structure,Select,label,Request Structure
Webhook,request_structure,Select,option,Form URL-Encoded
Webhook,request_structure,Select,option,JSON
Webhook,sb_security,Section Break,label,Webhook Security
Webhook,enable_security,Check,label,Enable Security
Webhook,webhook_secret,Password,label,Webhook Secret
Webhook,sb_webhook_headers,Section Break,label,Webhook Headers
Webhook,webhook_headers,Table,label,Headers
Webhook,sb_webhook_data,Section Break,label,Webhook Data
Webhook,webhook_data,Table,label,Data
Webhook,webhook_json,Code,label,JSON Request Body
Webhook,webhook_json,Code,description,"To add dynamic values from the document, use jinja tags like

<div>
<pre><code>{ ""id"": ""{{ doc.name }}"" }</code>
</pre>
</div>"
Webhook,preview_tab,Tab Break,label,Preview
Webhook,preview_document,Dynamic Link,label,Select Document
Webhook,meets_condition,Data,label,Meets Condition?
Webhook,preview_request_body,Code,label,Request Body
Salary Structure Assignment,employee,Link,label,Employee
Salary Structure Assignment,employee_name,Data,label,Employee Name
Salary Structure Assignment,department,Link,label,Department
Salary Structure Assignment,designation,Link,label,Designation
Salary Structure Assignment,grade,Link,label,Grade
Salary Structure Assignment,salary_structure,Link,label,Salary Structure
Salary Structure Assignment,from_date,Date,label,From Date
Salary Structure Assignment,income_tax_slab,Link,label,Income Tax Slab
Salary Structure Assignment,company,Link,label,Company
Salary Structure Assignment,payroll_payable_account,Link,label,Payroll Payable Account
Salary Structure Assignment,currency,Link,label,Currency
Salary Structure Assignment,section_break_7,Section Break,label,Base & Variable
Salary Structure Assignment,base,Currency,label,Base
Salary Structure Assignment,variable,Currency,label,Variable
Salary Structure Assignment,amended_from,Link,label,Amended From
Salary Structure Assignment,opening_balances_section,Section Break,label,Opening Balances
Salary Structure Assignment,opening_balances_section,Section Break,description,Set opening balances for earnings and taxes from the previous employer
Salary Structure Assignment,taxable_earnings_till_date,Currency,label,Taxable Earnings Till Date
Salary Structure Assignment,tax_deducted_till_date,Currency,label,Tax Deducted Till Date
Salary Structure Assignment,section_break_17,Section Break,label,Payroll Cost Centers
Salary Structure Assignment,payroll_cost_centers,Table,label,Cost Centers
Payroll Settings,working_days_section,Section Break,label,Working Days and Hours
Payroll Settings,payroll_based_on,Select,label,Calculate Payroll Working Days Based On
Payroll Settings,payroll_based_on,Select,option,Leave
Payroll Settings,payroll_based_on,Select,option,Attendance
Payroll Settings,consider_unmarked_attendance_as,Select,label,Consider Unmarked Attendance As
Payroll Settings,consider_unmarked_attendance_as,Select,option,Present
Payroll Settings,consider_unmarked_attendance_as,Select,option,Absent
Payroll Settings,include_holidays_in_total_working_days,Check,label,Include holidays in Total no. of Working Days
Payroll Settings,include_holidays_in_total_working_days,Check,description,"If enabled, total no. of working days will include holidays, and this will reduce the value of Salary Per Day"
Payroll Settings,consider_marked_attendance_on_holidays,Check,label,Consider Marked Attendance on Holidays
Payroll Settings,consider_marked_attendance_on_holidays,Check,description,"If enabled, deducts payment days for absent attendance on holidays. By default, holidays are considered as paid"
Payroll Settings,max_working_hours_against_timesheet,Float,label,Max working hours against Timesheet
Payroll Settings,daily_wages_fraction_for_half_day,Float,label,Fraction of Daily Salary for Half Day
Payroll Settings,daily_wages_fraction_for_half_day,Float,description,The fraction of daily wages to be paid for half-day attendance
Payroll Settings,column_break_rnoq,Section Break,label,Salary Slip
Payroll Settings,disable_rounded_total,Check,label,Disable Rounded Total
Payroll Settings,disable_rounded_total,Check,description,"If checked, hides and disables Rounded Total field in Salary Slips"
Payroll Settings,show_leave_balances_in_salary_slip,Check,label,Show Leave Balances in Salary Slip
Payroll Settings,email_section,Section Break,label,Email
Payroll Settings,email_salary_slip_to_employee,Check,label,Email Salary Slip to Employee
Payroll Settings,email_salary_slip_to_employee,Check,description,Emails salary slip to employee based on preferred email selected in Employee
Payroll Settings,sender,Link,label,Sender
Payroll Settings,sender_email,Data,label,Sender Email
Payroll Settings,email_template,Link,label,Email Template
Payroll Settings,encrypt_salary_slips_in_emails,Check,label,Encrypt Salary Slips in Emails
Payroll Settings,encrypt_salary_slips_in_emails,Check,description,"The salary slip emailed to the employee will be password protected, the password will be generated based on the password policy."
Payroll Settings,password_policy,Data,label,Password Policy
Payroll Settings,password_policy,Data,description,<b>Example:</b> SAL-{first_name}-{date_of_birth.year} <br>This will generate a password like SAL-Jane-1972
Payroll Settings,other_settings_section,Section Break,label,Other Settings
Payroll Settings,process_payroll_accounting_entry_based_on_employee,Check,label,Process Payroll Accounting Entry based on Employee
Payroll Settings,process_payroll_accounting_entry_based_on_employee,Check,description,"If checked, Payroll Payable will be booked against each employee"
Shift Location,location_name,Data,label,Location Name
Shift Location,checkin_radius,Int,label,Checkin Radius
Shift Location,checkin_radius,Int,description,Radius within which check-in is allowed (in meters)
Shift Location,latitude,Float,label,Latitude
Shift Location,longitude,Float,label,Longitude
Shift Location,fetch_geolocation,Button,label,Fetch Geolocation
Shift Location,geolocation,Geolocation,label,Geolocation
Unreconcile Payment,company,Link,label,Company
Unreconcile Payment,voucher_type,Link,label,Voucher Type
Unreconcile Payment,voucher_no,Dynamic Link,label,Voucher No
Unreconcile Payment,get_allocations,Button,label,Get Allocations
Unreconcile Payment,allocations,Table,label,Allocations
Unreconcile Payment,amended_from,Link,label,Amended From
Custom Field,,DocType,doctype_description,Adds a custom field to a DocType
Custom Field,is_system_generated,Check,label,Is System Generated
Custom Field,dt,Link,label,DocType
Custom Field,module,Link,label,Module (for export)
Custom Field,label,Data,label,Label
Custom Field,placeholder,Data,label,Placeholder
Custom Field,label_help,HTML,label,Label Help
Custom Field,fieldname,Data,label,Fieldname
Custom Field,insert_after,Select,label,Insert After
Custom Field,insert_after,Select,description,Select the label after which you want to insert new field.
Custom Field,length,Int,label,Length
Custom Field,link_filters,JSON,label,Link Filters
Custom Field,fieldtype,Select,label,Field Type
Custom Field,fieldtype,Select,option,Autocomplete
Custom Field,fieldtype,Select,option,Attach
Custom Field,fieldtype,Select,option,Attach Image
Custom Field,fieldtype,Select,option,Barcode
Custom Field,fieldtype,Select,option,Button
Custom Field,fieldtype,Select,option,Check
Custom Field,fieldtype,Select,option,Code
Custom Field,fieldtype,Select,option,Color
Custom Field,fieldtype,Select,option,Column Break
Custom Field,fieldtype,Select,option,Currency
Custom Field,fieldtype,Select,option,Data
Custom Field,fieldtype,Select,option,Date
Custom Field,fieldtype,Select,option,Datetime
Custom Field,fieldtype,Select,option,Duration
Custom Field,fieldtype,Select,option,Dynamic Link
Custom Field,fieldtype,Select,option,Float
Custom Field,fieldtype,Select,option,Fold
Custom Field,fieldtype,Select,option,Geolocation
Custom Field,fieldtype,Select,option,Heading
Custom Field,fieldtype,Select,option,HTML
Custom Field,fieldtype,Select,option,HTML Editor
Custom Field,fieldtype,Select,option,Icon
Custom Field,fieldtype,Select,option,Image
Custom Field,fieldtype,Select,option,Int
Custom Field,fieldtype,Select,option,JSON
Custom Field,fieldtype,Select,option,Link
Custom Field,fieldtype,Select,option,Long Text
Custom Field,fieldtype,Select,option,Markdown Editor
Custom Field,fieldtype,Select,option,Password
Custom Field,fieldtype,Select,option,Percent
Custom Field,fieldtype,Select,option,Phone
Custom Field,fieldtype,Select,option,Read Only
Custom Field,fieldtype,Select,option,Rating
Custom Field,fieldtype,Select,option,Section Break
Custom Field,fieldtype,Select,option,Select
Custom Field,fieldtype,Select,option,Signature
Custom Field,fieldtype,Select,option,Small Text
Custom Field,fieldtype,Select,option,Tab Break
Custom Field,fieldtype,Select,option,Table
Custom Field,fieldtype,Select,option,Table MultiSelect
Custom Field,fieldtype,Select,option,Text
Custom Field,fieldtype,Select,option,Text Editor
Custom Field,fieldtype,Select,option,Time
Custom Field,precision,Select,label,Precision
Custom Field,precision,Select,description,Set non-standard precision for a Float or Currency field
Custom Field,precision,Select,option,0
Custom Field,precision,Select,option,1
Custom Field,precision,Select,option,2
Custom Field,precision,Select,option,3
Custom Field,precision,Select,option,4
Custom Field,precision,Select,option,5
Custom Field,precision,Select,option,6
Custom Field,precision,Select,option,7
Custom Field,precision,Select,option,8
Custom Field,precision,Select,option,9
Custom Field,hide_seconds,Check,label,Hide Seconds
Custom Field,hide_days,Check,label,Hide Days
Custom Field,options,Small Text,label,Options
Custom Field,sort_options,Check,label,Sort Options
Custom Field,fetch_from,Small Text,label,Fetch From
Custom Field,fetch_if_empty,Check,label,Fetch on Save if Empty
Custom Field,fetch_if_empty,Check,description,"If unchecked, the value will always be re-fetched on save."
Custom Field,options_help,HTML,label,Options Help
Custom Field,collapsible,Check,label,Collapsible
Custom Field,collapsible_depends_on,Code,label,Collapsible Depends On
Custom Field,default,Text,label,Default Value
Custom Field,depends_on,Code,label,Depends On
Custom Field,mandatory_depends_on,Code,label,Mandatory Depends On
Custom Field,read_only_depends_on,Code,label,Read Only Depends On
Custom Field,non_negative,Check,label,Non Negative
Custom Field,reqd,Check,label,Is Mandatory Field
Custom Field,unique,Check,label,Unique
Custom Field,is_virtual,Check,label,Is Virtual
Custom Field,read_only,Check,label,Read Only
Custom Field,ignore_user_permissions,Check,label,Ignore User Permissions
Custom Field,hidden,Check,label,Hidden
Custom Field,print_hide,Check,label,Print Hide
Custom Field,print_hide_if_no_value,Check,label,Print Hide If No Value
Custom Field,print_width,Data,label,Print Width
Custom Field,no_copy,Check,label,No Copy
Custom Field,allow_on_submit,Check,label,Allow on Submit
Custom Field,in_list_view,Check,label,In List View
Custom Field,in_standard_filter,Check,label,In Standard Filter
Custom Field,in_global_search,Check,label,In Global Search
Custom Field,in_preview,Check,label,In Preview
Custom Field,bold,Check,label,Bold
Custom Field,report_hide,Check,label,Report Hide
Custom Field,search_index,Check,label,Index
Custom Field,allow_in_quick_entry,Check,label,Allow in Quick Entry
Custom Field,ignore_xss_filter,Check,label,Ignore XSS Filter
Custom Field,ignore_xss_filter,Check,description,"Don't HTML Encode HTML tags like &lt;script&gt; or just characters like &lt; or &gt;, as they could be intentionally used in this field"
Custom Field,translatable,Check,label,Translatable
Custom Field,hide_border,Check,label,Hide Border
Custom Field,show_dashboard,Check,label,Show Dashboard
Custom Field,description,Text,label,Field Description
Custom Field,permlevel,Int,label,Permission Level
Custom Field,width,Data,label,Width
Custom Field,columns,Int,label,Columns
Custom Field,columns,Int,description,Number of columns for a field in a List View or a Grid (Total Columns should be less than 11)
Asset Maintenance Log,asset_maintenance,Link,label,Asset Maintenance
Asset Maintenance Log,naming_series,Select,label,Series
Asset Maintenance Log,naming_series,Select,option,ACC-AML-.YYYY.-
Asset Maintenance Log,asset_name,Read Only,label,Asset Name
Asset Maintenance Log,item_code,Read Only,label,Item Code
Asset Maintenance Log,item_name,Read Only,label,Item Name
Asset Maintenance Log,section_break_5,Section Break,label,Maintenance Details
Asset Maintenance Log,task,Link,label,Task
Asset Maintenance Log,task_name,Data,label,Task Name
Asset Maintenance Log,maintenance_type,Read Only,label,Maintenance Type
Asset Maintenance Log,periodicity,Data,label,Periodicity
Asset Maintenance Log,has_certificate,Check,label,Has Certificate
Asset Maintenance Log,certificate_attachement,Attach,label,Certificate
Asset Maintenance Log,maintenance_status,Select,label,Maintenance Status
Asset Maintenance Log,maintenance_status,Select,option,Planned
Asset Maintenance Log,maintenance_status,Select,option,Completed
Asset Maintenance Log,maintenance_status,Select,option,Cancelled
Asset Maintenance Log,maintenance_status,Select,option,Overdue
Asset Maintenance Log,assign_to_name,Read Only,label,Assign To
Asset Maintenance Log,task_assignee_email,Data,label,Task Assignee Email
Asset Maintenance Log,due_date,Date,label,Due Date
Asset Maintenance Log,completion_date,Date,label,Completion Date
Asset Maintenance Log,description,Read Only,label,Description
Asset Maintenance Log,actions_performed,Text Editor,label,Actions performed
Asset Maintenance Log,amended_from,Link,label,Amended From
BOM Creator,tab_2_tab,Tab Break,label,BOM Tree
BOM Creator,details_tab,Tab Break,label,Final Product
BOM Creator,item_code,Link,label,Finished Good
BOM Creator,item_name,Data,label,Item Name
BOM Creator,item_group,Link,label,Item Group
BOM Creator,qty,Float,label,Quantity
BOM Creator,project,Link,label,Project
BOM Creator,uom,Link,label,UOM
BOM Creator,raw_materials_tab,Tab Break,label,Sub Assemblies & Raw Materials
BOM Creator,currency_detail,Section Break,label,Costing
BOM Creator,rm_cost_as_per,Select,label,Rate Of Materials Based On
BOM Creator,rm_cost_as_per,Select,option,Valuation Rate
BOM Creator,rm_cost_as_per,Select,option,Last Purchase Rate
BOM Creator,rm_cost_as_per,Select,option,Price List
BOM Creator,set_rate_based_on_warehouse,Check,label,Set Valuation Rate Based on Source Warehouse
BOM Creator,buying_price_list,Link,label,Price List
BOM Creator,price_list_currency,Link,label,Price List Currency
BOM Creator,plc_conversion_rate,Float,label,Price List Exchange Rate
BOM Creator,currency,Link,label,Currency
BOM Creator,conversion_rate,Float,label,Conversion Rate
BOM Creator,section_break_zcfg,Section Break,label,Warehouse
BOM Creator,default_warehouse,Link,label,Default Source Warehouse
BOM Creator,company,Link,label,Company
BOM Creator,items,Table,label,Items
BOM Creator,costing_detail,Section Break,label,Costing Details
BOM Creator,raw_material_cost,Currency,label,Total Cost
BOM Creator,remarks_tab,Tab Break,label,Remarks
BOM Creator,remarks,Text Editor,label,Remarks
BOM Creator,status,Select,label,Status
BOM Creator,status,Select,option,Draft
BOM Creator,status,Select,option,Submitted
BOM Creator,status,Select,option,In Progress
BOM Creator,status,Select,option,Completed
BOM Creator,status,Select,option,Failed
BOM Creator,status,Select,option,Cancelled
BOM Creator,error_log,Text,label,Error Log
BOM Creator,connections_tab,Tab Break,label,Connections
BOM Creator,amended_from,Link,label,Amended From
Plant Floor,workstations_tab,Tab Break,label,Workstations
Plant Floor,plant_dashboard,HTML,label,Plant Dashboard
Plant Floor,stock_summary_tab,Tab Break,label,Stock Summary
Plant Floor,stock_summary,HTML,label,Stock Summary
Plant Floor,details_tab,Tab Break,label,Floor
Plant Floor,floor_name,Data,label,Floor Name
Plant Floor,company,Link,label,Company
Plant Floor,warehouse,Link,label,Warehouse
Role,role_name,Data,label,Role Name
Role,home_page,Data,label,Home Page
Role,home_page,Data,description,"Route: Example ""/app"""
Role,restrict_to_domain,Link,label,Restrict To Domain
Role,disabled,Check,label,Disabled
Role,disabled,Check,description,"If disabled, this role will be removed from all users."
Role,is_custom,Check,label,Is Custom
Role,desk_access,Check,label,Desk Access
Role,two_factor_auth,Check,label,Two Factor Authentication
Daily Work Summary,daily_work_summary_group,Link,label,Daily Work Summary Group
Daily Work Summary,status,Select,label,Status
Daily Work Summary,status,Select,option,Open
Daily Work Summary,status,Select,option,Sent
Daily Work Summary,email_sent_to,Code,label,Email Sent To
Period Closing Voucher,transaction_date,Date,label,Transaction Date
Period Closing Voucher,company,Link,label,Company
Period Closing Voucher,fiscal_year,Link,label,Fiscal Year
Period Closing Voucher,period_start_date,Date,label,Period Start Date
Period Closing Voucher,period_end_date,Date,label,Period End Date
Period Closing Voucher,amended_from,Link,label,Amended From
Period Closing Voucher,closing_account_head,Link,label,Closing Account Head
Period Closing Voucher,closing_account_head,Link,description,"The account head under Liability or Equity, in which Profit/Loss will be booked"
Period Closing Voucher,gle_processing_status,Select,label,GL Entry Processing Status
Period Closing Voucher,gle_processing_status,Select,option,In Progress
Period Closing Voucher,gle_processing_status,Select,option,Completed
Period Closing Voucher,gle_processing_status,Select,option,Failed
Period Closing Voucher,remarks,Small Text,label,Remarks
Period Closing Voucher,error_message,Text,label,Error Message
Social Login Key,enable_social_login,Check,label,Enable Social Login
Social Login Key,client_credentials,Section Break,label,Client Credentials
Social Login Key,social_login_provider,Select,label,Social Login Provider
Social Login Key,social_login_provider,Select,option,Custom
Social Login Key,social_login_provider,Select,option,Facebook
Social Login Key,social_login_provider,Select,option,Frappe
Social Login Key,social_login_provider,Select,option,GitHub
Social Login Key,social_login_provider,Select,option,Google
Social Login Key,social_login_provider,Select,option,Office 365
Social Login Key,social_login_provider,Select,option,Salesforce
Social Login Key,social_login_provider,Select,option,fairlogin
Social Login Key,social_login_provider,Select,option,Keycloak
Social Login Key,client_id,Data,label,Client ID
Social Login Key,provider_name,Data,label,Provider Name
Social Login Key,client_secret,Password,label,Client Secret
Social Login Key,sb_identity_details,Section Break,label,Identity Details
Social Login Key,icon,Data,label,Icon
Social Login Key,base_url,Data,label,Base URL
Social Login Key,configuration_section,Section Break,label,Configuration
Social Login Key,sign_ups,Select,label,Sign ups
Social Login Key,sign_ups,Select,description,"Controls whether new users can sign up using this Social Login Key. If unset, Website Settings is respected."
Social Login Key,sign_ups,Select,option,Allow
Social Login Key,sign_ups,Select,option,Deny
Social Login Key,client_urls,Section Break,label,Client URLs
Social Login Key,authorize_url,Data,label,Authorize URL
Social Login Key,access_token_url,Data,label,Access Token URL
Social Login Key,redirect_url,Data,label,Redirect URL
Social Login Key,api_endpoint,Data,label,API Endpoint
Social Login Key,custom_base_url,Check,label,Custom Base URL
Social Login Key,client_information,Section Break,label,Client Information
Social Login Key,api_endpoint_args,Code,label,API Endpoint Args
Social Login Key,auth_url_data,Code,label,Auth URL Data
Social Login Key,user_id_property,Data,label,User ID Property
Employee Grievance,subject,Data,label,Subject
Employee Grievance,raised_by,Link,label,Raised By
Employee Grievance,employee_name,Data,label,Employee Name
Employee Grievance,designation,Link,label,Designation
Employee Grievance,date,Date,label,Date
Employee Grievance,status,Select,label,Status
Employee Grievance,status,Select,option,Open
Employee Grievance,status,Select,option,Investigated
Employee Grievance,status,Select,option,Resolved
Employee Grievance,status,Select,option,Invalid
Employee Grievance,reports_to,Link,label,Reports To
Employee Grievance,grievance_details_section,Section Break,label,Grievance Details
Employee Grievance,grievance_against_party,Link,label,Grievance Against Party
Employee Grievance,grievance_against,Dynamic Link,label,Grievance Against
Employee Grievance,grievance_type,Link,label,Grievance Type
Employee Grievance,associated_document_type,Link,label,Associated Document Type
Employee Grievance,associated_document,Dynamic Link,label,Associated Document
Employee Grievance,description,Text,label,Description
Employee Grievance,investigation_details_section,Section Break,label,Investigation Details
Employee Grievance,cause_of_grievance,Text,label,Cause of Grievance
Employee Grievance,resolution_details_section,Section Break,label,Resolution Details
Employee Grievance,resolved_by,Link,label,Resolved By
Employee Grievance,resolution_date,Date,label,Resolution Date
Employee Grievance,employee_responsible,Link,label,Employee Responsible
Employee Grievance,resolution_detail,Small Text,label,Resolution Details
Employee Grievance,amended_from,Link,label,Amended From
Brand,brand,Data,label,Brand Name
Brand,image,Attach Image,label,Image
Brand,description,Text,label,Description
Brand,defaults,Section Break,label,Defaults
Brand,brand_defaults,Table,label,Brand Defaults
Account,,DocType,doctype_description,Heads (or groups) against which Accounting Entries are made and balances are maintained.
Account,disabled,Check,label,Disable
Account,account_name,Data,label,Account Name
Account,account_number,Data,label,Account Number
Account,is_group,Check,label,Is Group
Account,company,Link,label,Company
Account,root_type,Select,label,Root Type
Account,root_type,Select,option,Asset
Account,root_type,Select,option,Liability
Account,root_type,Select,option,Income
Account,root_type,Select,option,Expense
Account,root_type,Select,option,Equity
Account,report_type,Select,label,Report Type
Account,report_type,Select,option,Balance Sheet
Account,report_type,Select,option,Profit and Loss
Account,account_currency,Link,label,Currency
Account,parent_account,Link,label,Parent Account
Account,account_type,Select,label,Account Type
Account,account_type,Select,description,Setting Account Type helps in selecting this Account in transactions.
Account,account_type,Select,option,Accumulated Depreciation
Account,account_type,Select,option,Asset Received But Not Billed
Account,account_type,Select,option,Bank
Account,account_type,Select,option,Cash
Account,account_type,Select,option,Chargeable
Account,account_type,Select,option,Capital Work in Progress
Account,account_type,Select,option,Cost of Goods Sold
Account,account_type,Select,option,Current Asset
Account,account_type,Select,option,Current Liability
Account,account_type,Select,option,Depreciation
Account,account_type,Select,option,Direct Expense
Account,account_type,Select,option,Direct Income
Account,account_type,Select,option,Equity
Account,account_type,Select,option,Expense Account
Account,account_type,Select,option,Expenses Included In Asset Valuation
Account,account_type,Select,option,Expenses Included In Valuation
Account,account_type,Select,option,Fixed Asset
Account,account_type,Select,option,Income Account
Account,account_type,Select,option,Indirect Expense
Account,account_type,Select,option,Indirect Income
Account,account_type,Select,option,Liability
Account,account_type,Select,option,Payable
Account,account_type,Select,option,Receivable
Account,account_type,Select,option,Round Off
Account,account_type,Select,option,Round Off for Opening
Account,account_type,Select,option,Stock
Account,account_type,Select,option,Stock Adjustment
Account,account_type,Select,option,Stock Received But Not Billed
Account,account_type,Select,option,Service Received But Not Billed
Account,account_type,Select,option,Tax
Account,account_type,Select,option,Temporary
Account,tax_rate,Float,label,Tax Rate
Account,tax_rate,Float,description,Rate at which this tax is applied
Account,freeze_account,Select,label,Frozen
Account,freeze_account,Select,description,"If the account is frozen, entries are allowed to restricted users."
Account,freeze_account,Select,option,No
Account,freeze_account,Select,option,Yes
Account,balance_must_be,Select,label,Balance must be
Account,balance_must_be,Select,option,Debit
Account,balance_must_be,Select,option,Credit
Account,lft,Int,label,Lft
Account,rgt,Int,label,Rgt
Account,old_parent,Data,label,Old Parent
Account,include_in_gross,Check,label,Include in gross
Asset Value Adjustment,company,Link,label,Company
Asset Value Adjustment,asset,Link,label,Asset
Asset Value Adjustment,asset_category,Read Only,label,Asset Category
Asset Value Adjustment,date,Date,label,Date
Asset Value Adjustment,finance_book,Link,label,Finance Book
Asset Value Adjustment,amended_from,Link,label,Amended From
Asset Value Adjustment,value_details_section,Section Break,label,Value Details
Asset Value Adjustment,current_asset_value,Currency,label,Current Asset Value
Asset Value Adjustment,new_asset_value,Currency,label,New Asset Value
Asset Value Adjustment,difference_amount,Currency,label,Difference Amount
Asset Value Adjustment,difference_account,Link,label,Difference Account
Asset Value Adjustment,journal_entry,Link,label,Journal Entry
Asset Value Adjustment,accounting_dimensions_section,Section Break,label,Accounting Dimensions
Asset Value Adjustment,cost_center,Link,label,Cost Center
Salary Withholding,employee,Link,label,Employee
Salary Withholding,employee_name,Data,label,Employee Name
Salary Withholding,company,Link,label,Company
Salary Withholding,posting_date,Date,label,Posting Date
Salary Withholding,payroll_frequency,Select,label,Payroll Frequency
Salary Withholding,payroll_frequency,Select,option,Monthly
Salary Withholding,payroll_frequency,Select,option,Fortnightly
Salary Withholding,payroll_frequency,Select,option,Bimonthly
Salary Withholding,payroll_frequency,Select,option,Weekly
Salary Withholding,payroll_frequency,Select,option,Daily
Salary Withholding,number_of_withholding_cycles,Int,label,Number of Withholding Cycles
Salary Withholding,status,Select,label,Status
Salary Withholding,status,Select,option,Draft
Salary Withholding,status,Select,option,Withheld
Salary Withholding,status,Select,option,Released
Salary Withholding,status,Select,option,Cancelled
Salary Withholding,from_date,Date,label,From Date
Salary Withholding,to_date,Date,label,To Date
Salary Withholding,exit_details_section,Section Break,label,Exit Details
Salary Withholding,date_of_joining,Date,label,Date of Joining
Salary Withholding,relieving_date,Date,label,Relieving Date
Salary Withholding,reason_section,Section Break,label,Reason
Salary Withholding,reason_for_withholding_salary,Small Text,label,Reason for Withholding Salary
Salary Withholding,cycles,Table,label,Cycles
Salary Withholding,amended_from,Link,label,Amended From
Journal Entry,entry_type_and_date,Section Break,option,fa fa-flag
Journal Entry,is_system_generated,Check,label,Is System Generated
Journal Entry,title,Data,label,Title
Journal Entry,voucher_type,Select,label,Entry Type
Journal Entry,voucher_type,Select,option,Journal Entry
Journal Entry,voucher_type,Select,option,Inter Company Journal Entry
Journal Entry,voucher_type,Select,option,Bank Entry
Journal Entry,voucher_type,Select,option,Cash Entry
Journal Entry,voucher_type,Select,option,Credit Card Entry
Journal Entry,voucher_type,Select,option,Debit Note
Journal Entry,voucher_type,Select,option,Credit Note
Journal Entry,voucher_type,Select,option,Contra Entry
Journal Entry,voucher_type,Select,option,Excise Entry
Journal Entry,voucher_type,Select,option,Write Off Entry
Journal Entry,voucher_type,Select,option,Opening Entry
Journal Entry,voucher_type,Select,option,Depreciation Entry
Journal Entry,voucher_type,Select,option,Exchange Rate Revaluation
Journal Entry,voucher_type,Select,option,Exchange Gain Or Loss
Journal Entry,voucher_type,Select,option,Deferred Revenue
Journal Entry,voucher_type,Select,option,Deferred Expense
Journal Entry,naming_series,Select,label,Series
Journal Entry,naming_series,Select,option,ثبت-روزنامه-.YYYY.-#####
Journal Entry,naming_series,Select,option,ACC-JV-.YYYY.-
Journal Entry,finance_book,Link,label,Finance Book
Journal Entry,process_deferred_accounting,Link,label,Process Deferred Accounting
Journal Entry,reversal_of,Link,label,Reversal Of
Journal Entry,tax_withholding_category,Link,label,Tax Withholding Category
Journal Entry,from_template,Link,label,From Template
Journal Entry,company,Link,label,Company
Journal Entry,posting_date,Date,label,Posting Date
Journal Entry,apply_tds,Check,label,Apply Tax Withholding Amount
Journal Entry,2_add_edit_gl_entries,Section Break,option,fa fa-table
Journal Entry,accounts,Table,label,Accounting Entries
Journal Entry,cheque_no,Data,label,Reference Number
Journal Entry,cheque_date,Date,label,Reference Date
Journal Entry,user_remark,Small Text,label,User Remark
Journal Entry,total_debit,Currency,label,Total Debit
Journal Entry,total_credit,Currency,label,Total Credit
Journal Entry,difference,Currency,label,Difference (Dr - Cr)
Journal Entry,get_balance,Button,label,Make Difference Entry
Journal Entry,multi_currency,Check,label,Multi Currency
Journal Entry,total_amount_currency,Link,label,Total Amount Currency
Journal Entry,total_amount,Currency,label,Total Amount
Journal Entry,total_amount_in_words,Data,label,Total Amount in Words
Journal Entry,reference,Section Break,label,Reference
Journal Entry,reference,Section Break,option,fa fa-pushpin
Journal Entry,clearance_date,Date,label,Clearance Date
Journal Entry,remark,Small Text,label,Remark
Journal Entry,paid_loan,Data,label,Paid Loan
Journal Entry,inter_company_journal_entry_reference,Link,label,Inter Company Journal Entry Reference
Journal Entry,bill_no,Data,label,Bill No
Journal Entry,bill_date,Date,label,Bill Date
Journal Entry,due_date,Date,label,Due Date
Journal Entry,write_off,Section Break,label,Write Off
Journal Entry,write_off_based_on,Select,label,Write Off Based On
Journal Entry,write_off_based_on,Select,option,Accounts Receivable
Journal Entry,write_off_based_on,Select,option,Accounts Payable
Journal Entry,get_outstanding_invoices,Button,label,Get Outstanding Invoices
Journal Entry,write_off_amount,Currency,label,Write Off Amount
Journal Entry,printing_settings,Section Break,label,Printing Settings
Journal Entry,pay_to_recd_from,Data,label,Pay To / Recd From
Journal Entry,letter_head,Link,label,Letter Head
Journal Entry,select_print_heading,Link,label,Print Heading
Journal Entry,addtional_info,Section Break,label,More Information
Journal Entry,addtional_info,Section Break,option,fa fa-file-text
Journal Entry,mode_of_payment,Link,label,Mode of Payment
Journal Entry,payment_order,Link,label,Payment Order
Journal Entry,is_opening,Select,label,Is Opening
Journal Entry,is_opening,Select,option,No
Journal Entry,is_opening,Select,option,Yes
Journal Entry,stock_entry,Link,label,Stock Entry
Journal Entry,subscription_section,Section Break,label,Subscription Section
Journal Entry,auto_repeat,Link,label,Auto Repeat
Journal Entry,amended_from,Link,label,Amended From
Putaway Rule,disable,Check,label,Disable
Putaway Rule,item_code,Link,label,Item
Putaway Rule,item_name,Data,label,Item Name
Putaway Rule,warehouse,Link,label,Warehouse
Putaway Rule,priority,Int,label,Priority
Putaway Rule,company,Link,label,Company
Putaway Rule,capacity,Float,label,Capacity
Putaway Rule,uom,Link,label,UOM
Putaway Rule,conversion_factor,Float,label,Conversion Factor
Putaway Rule,stock_uom,Link,label,Stock UOM
Putaway Rule,stock_capacity,Float,label,Capacity in Stock UOM
Notification,enabled,Check,label,Enabled
Notification,is_standard,Check,label,Is Standard
Notification,module,Link,label,Module
Notification,channel,Select,label,Channel
Notification,channel,Select,option,Email
Notification,channel,Select,option,Slack
Notification,channel,Select,option,System Notification
Notification,channel,Select,option,SMS
Notification,slack_webhook_url,Link,label,Slack Channel
Notification,slack_webhook_url,Link,description,"To use Slack Channel, add a <a href=""#List/Slack%20Webhook%20URL/List"">Slack Webhook URL</a>."
Notification,filters,Section Break,label,Filters
Notification,subject,Data,label,Subject
Notification,subject,Data,description,"To add dynamic subject, use jinja tags like

<div><pre><code>{{ doc.name }} Delivered</code></pre></div>"
Notification,event,Select,label,Send Alert On
Notification,event,Select,option,New
Notification,event,Select,option,Save
Notification,event,Select,option,Submit
Notification,event,Select,option,Cancel
Notification,event,Select,option,Days After
Notification,event,Select,option,Days Before
Notification,event,Select,option,Value Change
Notification,event,Select,option,Method
Notification,event,Select,option,Custom
Notification,document_type,Link,label,Document Type
Notification,method,Data,label,Trigger Method
Notification,method,Data,description,"Trigger on valid methods like ""before_insert"", ""after_update"", etc (will depend on the DocType selected)"
Notification,date_changed,Select,label,Reference Date
Notification,date_changed,Select,description,Send alert if date matches this field's value
Notification,days_in_advance,Int,label,Days Before or After
Notification,days_in_advance,Int,description,Send days before or after the reference date
Notification,value_changed,Select,label,Value Changed
Notification,value_changed,Select,description,Send alert if this field's value changes
Notification,sender,Link,label,Sender
Notification,send_system_notification,Check,label,Send System Notification
Notification,send_system_notification,Check,description,"If enabled, the notification will show up in the notifications dropdown on the top right corner of the navigation bar."
Notification,sender_email,Data,label,Sender Email
Notification,condition,Code,label,Condition
Notification,condition,Code,description,Optional: The alert will be sent if this expression is true
Notification,html_7,HTML,option,<p><strong>Condition Examples:</strong></p>
Notification,html_7,HTML,option,"<pre>doc.status==""Open""<br>doc.due_date==nowdate()<br>doc.total &gt; 40000"
Notification,html_7,HTML,option,</pre>
Notification,property_section,Section Break,label,Set Property After Alert
Notification,set_property_after_alert,Select,label,Set Property After Alert
Notification,property_value,Data,label,Value To Be Set
Notification,column_break_5,Section Break,label,Recipients
Notification,send_to_all_assignees,Check,label,Send To All Assignees
Notification,recipients,Table,label,Recipients
Notification,message_sb,Section Break,label,Message
Notification,message_type,Select,label,Message Type
Notification,message_type,Select,option,Markdown
Notification,message_type,Select,option,HTML
Notification,message_type,Select,option,Plain Text
Notification,message,Code,label,Message
Notification,message_examples,HTML,label,Message Examples
Notification,message_examples,HTML,option,<h5>Message Example</h5>
Notification,message_examples,HTML,option,<pre>&lt;h3&gt;Order Overdue&lt;/h3&gt;
Notification,message_examples,HTML,option,&lt;p&gt;Transaction {{ doc.name }} has exceeded Due Date. Please take necessary action.&lt;/p&gt;
Notification,message_examples,HTML,option,&lt;!-- show last comment --&gt;
Notification,message_examples,HTML,option,{% if comments %}
Notification,message_examples,HTML,option,Last comment: {{ comments[-1].comment }} by {{ comments[-1].by }}
Notification,message_examples,HTML,option,{% endif %}
Notification,message_examples,HTML,option,&lt;h4&gt;Details&lt;/h4&gt;
Notification,message_examples,HTML,option,&lt;ul&gt;
Notification,message_examples,HTML,option,&lt;li&gt;Customer: {{ doc.customer }}
Notification,message_examples,HTML,option,&lt;li&gt;Amount: {{ doc.grand_total }}
Notification,message_examples,HTML,option,&lt;/ul&gt;
Notification,message_examples,HTML,option,</pre>
Notification,view_properties,Button,label,View Properties (via Customize Form)
Notification,column_break_25,Section Break,label,Print Settings
Notification,attach_print,Check,label,Attach Print
Notification,print_format,Link,label,Print Format
Salary Slip,employee_and_payroll_tab,Tab Break,label,Details
Salary Slip,section_break_6,Section Break,label,Employee Info
Salary Slip,employee,Link,label,Employee
Salary Slip,employee_name,Read Only,label,Employee Name
Salary Slip,company,Link,label,Company
Salary Slip,department,Link,label,Department
Salary Slip,designation,Link,label,Designation
Salary Slip,branch,Link,label,Branch
Salary Slip,posting_date,Date,label,Posting Date
Salary Slip,letter_head,Link,label,Letter Head
Salary Slip,status,Select,label,Status
Salary Slip,status,Select,option,Draft
Salary Slip,status,Select,option,Submitted
Salary Slip,status,Select,option,Cancelled
Salary Slip,status,Select,option,Withheld
Salary Slip,salary_withholding,Link,label,Salary Withholding
Salary Slip,salary_withholding_cycle,Data,label,Salary Withholding Cycle
Salary Slip,currency,Link,label,Currency
Salary Slip,exchange_rate,Float,label,Exchange Rate
Salary Slip,section_break_gsts,Section Break,label,Payroll Info
Salary Slip,payroll_frequency,Select,label,Payroll Frequency
Salary Slip,payroll_frequency,Select,option,Monthly
Salary Slip,payroll_frequency,Select,option,Fortnightly
Salary Slip,payroll_frequency,Select,option,Bimonthly
Salary Slip,payroll_frequency,Select,option,Weekly
Salary Slip,payroll_frequency,Select,option,Daily
Salary Slip,start_date,Date,label,Start Date
Salary Slip,end_date,Date,label,End Date
Salary Slip,salary_structure,Link,label,Salary Structure
Salary Slip,payroll_entry,Link,label,Payroll Entry
Salary Slip,mode_of_payment,Select,label,Mode Of Payment
Salary Slip,salary_slip_based_on_timesheet,Check,label,Salary Slip Based on Timesheet
Salary Slip,deduct_tax_for_unclaimed_employee_benefits,Check,label,Deduct Tax For Unclaimed Employee Benefits
Salary Slip,deduct_tax_for_unsubmitted_tax_exemption_proof,Check,label,Deduct Tax For Unsubmitted Tax Exemption Proof
Salary Slip,payment_days_tab,Tab Break,label,Payment Days
Salary Slip,total_working_days,Float,label,Working Days
Salary Slip,unmarked_days,Float,label,Unmarked days
Salary Slip,leave_without_pay,Float,label,Leave Without Pay
Salary Slip,absent_days,Float,label,Absent Days
Salary Slip,payment_days,Float,label,Payment Days
Salary Slip,payment_days_calculation_help,HTML,label,Payment Days Calculation Help
Salary Slip,earnings_and_deductions_tab,Tab Break,label,Earnings & Deductions
Salary Slip,timesheets_section,Section Break,label,Timesheet Details
Salary Slip,timesheets,Table,label,Salary Slip Timesheet
Salary Slip,total_working_hours,Float,label,Total Working Hours
Salary Slip,hour_rate,Currency,label,Hour Rate
Salary Slip,base_hour_rate,Currency,label,Hour Rate (Company Currency)
Salary Slip,earnings,Table,label,Earnings
Salary Slip,deductions,Table,label,Deductions
Salary Slip,totals,Section Break,label,Totals
Salary Slip,gross_pay,Currency,label,Gross Pay
Salary Slip,base_gross_pay,Currency,label,Gross Pay (Company Currency)
Salary Slip,gross_year_to_date,Currency,label,Gross Year To Date
Salary Slip,base_gross_year_to_date,Currency,label,Gross Year To Date(Company Currency)
Salary Slip,total_deduction,Currency,label,Total Deduction
Salary Slip,base_total_deduction,Currency,label,Total Deduction (Company Currency)
Salary Slip,net_pay_info,Tab Break,label,Net Pay Info
Salary Slip,net_pay,Currency,label,Net Pay
Salary Slip,base_net_pay,Currency,label,Net Pay (Company Currency)
Salary Slip,rounded_total,Currency,label,Rounded Total
Salary Slip,base_rounded_total,Currency,label,Rounded Total (Company Currency)
Salary Slip,year_to_date,Currency,label,Year To Date
Salary Slip,year_to_date,Currency,description,Total salary booked for this employee from the beginning of the year (payroll period or fiscal year) up to the current salary slip's end date.
Salary Slip,base_year_to_date,Currency,label,Year To Date(Company Currency)
Salary Slip,month_to_date,Currency,label,Month To Date
Salary Slip,month_to_date,Currency,description,Total salary booked for this employee from the beginning of the month up to the current salary slip's end date.
Salary Slip,base_month_to_date,Currency,label,Month To Date(Company Currency)
Salary Slip,total_in_words,Data,label,Total in words
Salary Slip,base_total_in_words,Data,label,Total in words (Company Currency)
Salary Slip,income_tax_calculation_breakup_section,Tab Break,label,Income Tax Breakup
Salary Slip,ctc,Currency,label,CTC
Salary Slip,income_from_other_sources,Currency,label,Income from Other Sources
Salary Slip,total_earnings,Currency,label,Total Earnings
Salary Slip,non_taxable_earnings,Currency,label,Non Taxable Earnings
Salary Slip,standard_tax_exemption_amount,Currency,label,Standard Tax Exemption Amount
Salary Slip,tax_exemption_declaration,Currency,label,Tax Exemption Declaration
Salary Slip,deductions_before_tax_calculation,Currency,label,Deductions before tax calculation
Salary Slip,annual_taxable_amount,Currency,label,Annual Taxable Amount
Salary Slip,income_tax_deducted_till_date,Currency,label,Income Tax Deducted Till Date
Salary Slip,current_month_income_tax,Currency,label,Current Month Income Tax
Salary Slip,future_income_tax_deductions,Currency,label,Future Income Tax
Salary Slip,total_income_tax,Currency,label,Total Income Tax
Salary Slip,section_break_75,Tab Break,label,Bank Details
Salary Slip,journal_entry,Link,label,Journal Entry
Salary Slip,amended_from,Link,label,Amended From
Salary Slip,bank_name,Data,label,Bank Name
Salary Slip,bank_account_no,Data,label,Bank Account No
Salary Slip,leave_details_section,Tab Break,label,Leaves
Salary Slip,leave_details,Table,label,Leave Details
Bank Statement Import,company,Link,label,Company
Bank Statement Import,bank_account,Link,label,Bank Account
Bank Statement Import,bank,Link,label,Bank
Bank Statement Import,custom_delimiters,Check,label,Custom delimiters
Bank Statement Import,delimiter_options,Data,label,Delimiter options
Bank Statement Import,delimiter_options,Data,description,"If your CSV uses a different delimiter, add that character here, ensuring no spaces or additional characters are included."
Bank Statement Import,google_sheets_url,Data,label,Import from Google Sheets
Bank Statement Import,google_sheets_url,Data,description,Must be a publicly accessible Google Sheets URL and adding Bank Account column is necessary for importing via Google Sheets
Bank Statement Import,refresh_google_sheet,Button,label,Refresh Google Sheet
Bank Statement Import,html_5,HTML,option,"<h5 class=""text-muted uppercase"">Or</h5>"
Bank Statement Import,import_file,Attach,label,Import File
Bank Statement Import,download_template,Button,label,Download Template
Bank Statement Import,status,Select,label,Status
Bank Statement Import,status,Select,option,Pending
Bank Statement Import,status,Select,option,Success
Bank Statement Import,status,Select,option,Partial Success
Bank Statement Import,status,Select,option,Error
Bank Statement Import,template_options,Code,label,Template Options
Bank Statement Import,import_warnings_section,Section Break,label,Import File Errors and Warnings
Bank Statement Import,template_warnings,Code,label,Template Warnings
Bank Statement Import,import_warnings,HTML,label,Import Warnings
Bank Statement Import,section_import_preview,Section Break,label,Preview
Bank Statement Import,import_preview,HTML,label,Import Preview
Bank Statement Import,import_log_section,Section Break,label,Import Log
Bank Statement Import,show_failed_logs,Check,label,Show Failed Logs
Bank Statement Import,import_log_preview,HTML,label,Import Log Preview
Bank Statement Import,reference_doctype,Link,label,Document Type
Bank Statement Import,import_type,Select,label,Import Type
Bank Statement Import,import_type,Select,option,Insert New Records
Bank Statement Import,import_type,Select,option,Update Existing Records
Bank Statement Import,submit_after_import,Check,label,Submit After Import
Bank Statement Import,mute_emails,Check,label,Don't Send Emails
Customer,,DocType,doctype_description,Buyer of Goods and Services.
Customer,basic_info,Section Break,option,fa fa-user
Customer,naming_series,Select,label,Series
Customer,naming_series,Select,option,CUST-.YYYY.-
Customer,salutation,Link,label,Salutation
Customer,customer_name,Data,label,Customer Name
Customer,customer_type,Select,label,Customer Type
Customer,customer_type,Select,option,Company
Customer,customer_type,Select,option,Individual
Customer,customer_type,Select,option,Partnership
Customer,customer_group,Link,label,Customer Group
Customer,territory,Link,label,Territory
Customer,gender,Link,label,Gender
Customer,lead_name,Link,label,From Lead
Customer,opportunity_name,Link,label,From Opportunity
Customer,prospect_name,Link,label,From Prospect
Customer,account_manager,Link,label,Account Manager
Customer,image,Attach Image,label,Image
Customer,defaults_tab,Section Break,label,Defaults
Customer,default_currency,Link,label,Billing Currency
Customer,default_bank_account,Link,label,Default Company Bank Account
Customer,default_price_list,Link,label,Default Price List
Customer,internal_customer_section,Section Break,label,Internal Customer
Customer,is_internal_customer,Check,label,Is Internal Customer
Customer,represents_company,Link,label,Represents Company
Customer,companies,Table,label,Allowed To Transact With
Customer,more_info,Section Break,label,More Information
Customer,more_info,Section Break,option,fa fa-file-text
Customer,market_segment,Link,label,Market Segment
Customer,industry,Link,label,Industry
Customer,customer_pos_id,Data,label,Customer POS id
Customer,website,Data,label,Website
Customer,language,Link,label,Print Language
Customer,customer_details,Text,label,Customer Details
Customer,customer_details,Text,description,Additional information regarding the customer.
Customer,dashboard_tab,Tab Break,label,Dashboard
Customer,contact_and_address_tab,Tab Break,label,Address & Contact
Customer,address_contacts,Section Break,label,Address and Contact
Customer,address_contacts,Section Break,option,fa fa-map-marker
Customer,address_html,HTML,label,Address HTML
Customer,contact_html,HTML,label,Contact HTML
Customer,primary_address_and_contact_detail,Section Break,label,Primary Address and Contact
Customer,primary_address_and_contact_detail,Section Break,description,"Select, to make the customer searchable with these fields"
Customer,customer_primary_address,Link,label,Customer Primary Address
Customer,customer_primary_address,Link,description,"Reselect, if the chosen address is edited after save"
Customer,primary_address,Text,label,Primary Address
Customer,customer_primary_contact,Link,label,Customer Primary Contact
Customer,customer_primary_contact,Link,description,"Reselect, if the chosen contact is edited after save"
Customer,mobile_no,Read Only,label,Mobile No
Customer,email_id,Read Only,label,Email Id
Customer,tax_tab,Tab Break,label,Tax
Customer,tax_id,Data,label,Tax ID
Customer,tax_category,Link,label,Tax Category
Customer,tax_withholding_category,Link,label,Tax Withholding Category
Customer,accounting_tab,Tab Break,label,Accounting
Customer,credit_limit_section,Section Break,label,Credit Limit and Payment Terms
Customer,payment_terms,Link,label,Default Payment Terms Template
Customer,credit_limits,Table,label,Credit Limit
Customer,default_receivable_accounts,Section Break,label,Default Accounts
Customer,accounts,Table,label,Accounts
Customer,accounts,Table,description,Mention if non-standard Receivable account
Customer,loyalty_points_tab,Section Break,label,Loyalty Points
Customer,loyalty_program,Link,label,Loyalty Program
Customer,loyalty_program_tier,Data,label,Loyalty Program Tier
Customer,sales_team_tab,Tab Break,label,Sales Team
Customer,sales_team_tab,Tab Break,option,fa fa-group
Customer,sales_team,Table,label,Sales Team
Customer,default_sales_partner,Link,label,Sales Partner
Customer,default_commission_rate,Float,label,Commission Rate
Customer,settings_tab,Tab Break,label,Settings
Customer,so_required,Check,label,Allow Sales Invoice Creation Without Sales Order
Customer,dn_required,Check,label,Allow Sales Invoice Creation Without Delivery Note
Customer,is_frozen,Check,label,Is Frozen
Customer,disabled,Check,label,Disabled
Customer,portal_users_tab,Tab Break,label,Portal Users
Customer,portal_users,Table,label,Customer Portal Users
Department,department_name,Data,label,Department
Department,parent_department,Link,label,Parent Department
Department,company,Link,label,Company
Department,is_group,Check,label,Is Group
Department,disabled,Check,label,Disabled
Department,payroll_cost_center,Link,label,Payroll Cost Center
Department,leave_block_list,Link,label,Leave Block List
Department,leave_block_list,Link,description,Days for which Holidays are blocked for this department.
Department,approvers,Section Break,label,Approvers
Department,approvers,Section Break,description,The first Approver in the list will be set as the default Approver.
Department,shift_request_approver,Table,label,Shift Request Approver
Department,leave_approvers,Table,label,Leave Approver
Department,expense_approvers,Table,label,Expense Approver
Department,lft,Int,label,lft
Department,rgt,Int,label,rgt
Department,old_parent,Data,label,Old Parent
Language,enabled,Check,label,Enabled
Language,language_code,Data,label,Language Code
Language,language_name,Data,label,Language Name
Language,flag,Data,label,Flag
Language,based_on,Link,label,Based On
Repost Accounting Ledger Settings,allowed_types,Table,label,Allowed Doctypes
Repost Payment Ledger,filters_section,Section Break,label,Filters
Repost Payment Ledger,company,Link,label,Company
Repost Payment Ledger,posting_date,Date,label,Posting Date
Repost Payment Ledger,voucher_type,Link,label,Voucher Type
Repost Payment Ledger,add_manually,Check,label,Add Manually
Repost Payment Ledger,add_manually,Check,description,Ignore Voucher Type filter and Select Vouchers Manually
Repost Payment Ledger,status_section,Section Break,label,Status
Repost Payment Ledger,repost_status,Select,label,Repost Status
Repost Payment Ledger,repost_status,Select,option,Queued
Repost Payment Ledger,repost_status,Select,option,Failed
Repost Payment Ledger,repost_status,Select,option,Completed
Repost Payment Ledger,repost_error_log,Long Text,label,Repost Error Log
Repost Payment Ledger,selected_vouchers_section,Section Break,label,Vouchers
Repost Payment Ledger,repost_vouchers,Table,label,Selected Vouchers
Repost Payment Ledger,amended_from,Link,label,Amended From
Repost Accounting Ledger,company,Link,label,Company
Repost Accounting Ledger,delete_cancelled_entries,Check,label,Delete Cancelled Ledger Entries
Repost Accounting Ledger,vouchers,Table,label,Vouchers
Repost Accounting Ledger,amended_from,Link,label,Amended From
Vehicle,license_plate,Data,label,License Plate
Vehicle,make,Data,label,Make
Vehicle,model,Data,label,Model
Vehicle,vehicle_details,Section Break,label,Details
Vehicle,last_odometer,Int,label,Odometer Value (Last)
Vehicle,acquisition_date,Date,label,Acquisition Date
Vehicle,location,Data,label,Location
Vehicle,chassis_no,Data,label,Chassis No
Vehicle,vehicle_value,Currency,label,Vehicle Value
Vehicle,employee,Link,label,Employee
Vehicle,insurance_details,Section Break,label,Insurance Details
Vehicle,insurance_company,Data,label,Insurance Company
Vehicle,policy_no,Data,label,Policy No
Vehicle,start_date,Date,label,Start Date
Vehicle,end_date,Date,label,End Date
Vehicle,additional_details,Section Break,label,Additional Details
Vehicle,fuel_type,Select,label,Fuel Type
Vehicle,fuel_type,Select,option,Petrol
Vehicle,fuel_type,Select,option,Diesel
Vehicle,fuel_type,Select,option,Natural Gas
Vehicle,fuel_type,Select,option,Electric
Vehicle,uom,Link,label,Fuel UOM
Vehicle,carbon_check_date,Date,label,Last Carbon Check
Vehicle,color,Data,label,Color
Vehicle,wheels,Int,label,Wheels
Vehicle,doors,Int,label,Doors
Vehicle,amended_from,Link,label,Amended From
Workspace,label,Data,label,Name
Workspace,title,Data,label,Title
Workspace,sequence_id,Float,label,Sequence Id
Workspace,for_user,Data,label,For User
Workspace,parent_page,Data,label,Parent Page
Workspace,module,Link,label,Module
Workspace,icon,Icon,label,Icon
Workspace,indicator_color,Select,label,Indicator Color
Workspace,indicator_color,Select,option,green
Workspace,indicator_color,Select,option,cyan
Workspace,indicator_color,Select,option,blue
Workspace,indicator_color,Select,option,orange
Workspace,indicator_color,Select,option,yellow
Workspace,indicator_color,Select,option,gray
Workspace,indicator_color,Select,option,grey
Workspace,indicator_color,Select,option,red
Workspace,indicator_color,Select,option,pink
Workspace,indicator_color,Select,option,darkgrey
Workspace,indicator_color,Select,option,purple
Workspace,indicator_color,Select,option,light-blue
Workspace,restrict_to_domain,Link,label,Restrict to Domain
Workspace,hide_custom,Check,label,Hide Custom DocTypes and Reports
Workspace,hide_custom,Check,description,Checking this will hide custom doctypes and reports cards in Links section
Workspace,public,Check,label,Public
Workspace,is_hidden,Check,label,Is Hidden
Workspace,content,Long Text,label,Content
Workspace,number_cards_tab,Tab Break,label,Number Cards
Workspace,number_cards,Table,label,Number Cards
Workspace,tab_break_2,Tab Break,label,Dashboards
Workspace,charts,Table,label,Charts
Workspace,tab_break_15,Tab Break,label,Shortcuts
Workspace,shortcuts,Table,label,Shortcuts
Workspace,tab_break_18,Tab Break,label,Link Cards
Workspace,links,Table,label,Links
Workspace,quick_lists_tab,Tab Break,label,Quick Lists
Workspace,quick_lists,Table,label,Quick Lists
Workspace,custom_blocks_tab,Tab Break,label,Custom Blocks
Workspace,custom_blocks,Table,label,Custom Blocks
Workspace,roles_tab,Tab Break,label,Roles
Workspace,roles,Table,label,Roles
Appraisal Cycle,overview_tab,Tab Break,label,Overview
Appraisal Cycle,cycle_name,Data,label,Cycle Name
Appraisal Cycle,company,Link,label,Company
Appraisal Cycle,status,Select,label,Status
Appraisal Cycle,status,Select,option,Not Started
Appraisal Cycle,status,Select,option,In Progress
Appraisal Cycle,status,Select,option,Completed
Appraisal Cycle,start_date,Date,label,Start Date
Appraisal Cycle,end_date,Date,label,End Date
Appraisal Cycle,section_break_4,Section Break,label,Description
Appraisal Cycle,settings_section,Section Break,label,Settings
Appraisal Cycle,kra_evaluation_method,Select,label,KRA Evaluation Method
Appraisal Cycle,kra_evaluation_method,Select,option,Automated Based on Goal Progress
Appraisal Cycle,kra_evaluation_method,Select,option,Manual Rating
Appraisal Cycle,calculate_final_score_based_on_formula,Check,label,Calculate Final Score based on Formula
Appraisal Cycle,calculate_final_score_based_on_formula,Check,description,"By default, the Final Score is calculated as the average of Goal Score, Feedback Score, and Self Appraisal Score. Enable this to set a different formula"
Appraisal Cycle,final_score_formula,Code,label,Final Score Formula
Appraisal Cycle,applicable_for_tab,Tab Break,label,Applicable For
Appraisal Cycle,filters_section,Section Break,label,Filters
Appraisal Cycle,filters_section,Section Break,description,Set optional filters to fetch employees in the appraisee list
Appraisal Cycle,branch,Link,label,Branch
Appraisal Cycle,department,Link,label,Department
Appraisal Cycle,designation,Link,label,Designation
Appraisal Cycle,employees_section,Section Break,label,Employees
Appraisal Cycle,get_employees,Button,label,Get Employees
Fiscal Year,,DocType,doctype_description,Represents a Financial Year. All accounting entries and other major transactions are tracked against the Fiscal Year.
Fiscal Year,year,Data,label,Year Name
Fiscal Year,year,Data,description,"For e.g. 2012, 2012-13"
Fiscal Year,disabled,Check,label,Disabled
Fiscal Year,is_short_year,Check,label,Is Short/Long Year
Fiscal Year,is_short_year,Check,description,More/Less than 12 months.
Fiscal Year,year_start_date,Date,label,Year Start Date
Fiscal Year,year_end_date,Date,label,Year End Date
Fiscal Year,companies,Table,label,Companies
Fiscal Year,auto_created,Check,label,Auto Created
Travel Request,travel_type,Select,label,Travel Type
Travel Request,travel_type,Select,option,Domestic
Travel Request,travel_type,Select,option,International
Travel Request,travel_funding,Select,label,Travel Funding
Travel Request,travel_funding,Select,option,Require Full Funding
Travel Request,travel_funding,Select,option,Fully Sponsored
Travel Request,travel_funding,Select,option,"Partially Sponsored, Require Partial Funding"
Travel Request,travel_proof,Attach,label,Copy of Invitation/Announcement
Travel Request,purpose_of_travel,Link,label,Purpose of Travel
Travel Request,details_of_sponsor,Data,label,"Details of Sponsor (Name, Location)"
Travel Request,employee_details,Section Break,label,Employee Details
Travel Request,employee,Link,label,Employee
Travel Request,employee_name,Data,label,Employee Name
Travel Request,cell_number,Data,label,Contact Number
Travel Request,prefered_email,Data,label,Contact Email
Travel Request,company,Link,label,Company
Travel Request,date_of_birth,Date,label,Date of Birth
Travel Request,personal_id_type,Link,label,Identification Document Type
Travel Request,personal_id_number,Data,label,Identification Document Number
Travel Request,passport_number,Data,label,Passport Number
Travel Request,section_break_4,Section Break,label,Description
Travel Request,description,Small Text,label,Any other details
Travel Request,travel_itinerary,Section Break,label,Travel Itinerary
Travel Request,costing_details,Section Break,label,Costing Details
Travel Request,costings,Table,label,Costing
Travel Request,accounting_dimensions_section,Section Break,label,Accounting Dimensions
Travel Request,cost_center,Link,label,Cost Center
Travel Request,event_details,Section Break,label,Event Details
Travel Request,name_of_organizer,Data,label,Name of Organizer
Travel Request,address_of_organizer,Data,label,Address of Organizer
Travel Request,other_details,Text,label,Other Details
Travel Request,amended_from,Link,label,Amended From
Recorder,path,Data,label,Path
Recorder,number_of_queries,Int,label,Number of Queries
Recorder,time_in_queries,Float,label,Time in Queries
Recorder,method,Select,label,Method
Recorder,method,Select,option,GET
Recorder,method,Select,option,POST
Recorder,method,Select,option,PUT
Recorder,method,Select,option,DELETE
Recorder,method,Select,option,PATCH
Recorder,method,Select,option,HEAD
Recorder,method,Select,option,OPTIONS
Recorder,cmd,Data,label,CMD
Recorder,time,Datetime,label,Time
Recorder,duration,Float,label,Duration
Recorder,event_type,Data,label,Event Type
Recorder,request_headers,Code,label,Request Headers
Recorder,form_dict,Code,label,Form Dict
Recorder,suggested_indexes,Table,label,Suggested Indexes
Recorder,suggested_indexes,Table,description,Disclaimer: These indexes are suggested based on data and queries performed during this recording. These suggestions may or may not help.
Recorder,sql_queries,Table,label,SQL Queries
Recorder,profile,Code,label,cProfile Output
Supplier,,DocType,doctype_description,Supplier of Goods or Services.
Supplier,naming_series,Select,label,Series
Supplier,naming_series,Select,option,SUP-.YYYY.-
Supplier,supplier_name,Data,label,Supplier Name
Supplier,country,Link,label,Country
Supplier,supplier_group,Link,label,Supplier Group
Supplier,supplier_type,Select,label,Supplier Type
Supplier,supplier_type,Select,option,Company
Supplier,supplier_type,Select,option,Individual
Supplier,supplier_type,Select,option,Partnership
Supplier,is_transporter,Check,label,Is Transporter
Supplier,image,Attach Image,label,Image
Supplier,defaults_section,Section Break,label,Defaults
Supplier,default_currency,Link,label,Billing Currency
Supplier,default_bank_account,Link,label,Default Company Bank Account
Supplier,default_price_list,Link,label,Price List
Supplier,internal_supplier_section,Section Break,label,Internal Supplier
Supplier,is_internal_supplier,Check,label,Is Internal Supplier
Supplier,represents_company,Link,label,Represents Company
Supplier,companies,Table,label,Allowed To Transact With
Supplier,column_break2,Section Break,label,More Information
Supplier,supplier_details,Text,label,Supplier Details
Supplier,supplier_details,Text,description,Statutory info and other general information about your Supplier
Supplier,website,Data,label,Website
Supplier,language,Link,label,Print Language
Supplier,dashboard_tab,Tab Break,label,Dashboard
Supplier,tax_tab,Tab Break,label,Tax
Supplier,tax_id,Data,label,Tax ID
Supplier,tax_category,Link,label,Tax Category
Supplier,tax_withholding_category,Link,label,Tax Withholding Category
Supplier,contact_and_address_tab,Tab Break,label,Address & Contact
Supplier,address_contacts,Section Break,label,Address and Contacts
Supplier,address_contacts,Section Break,option,fa fa-map-marker
Supplier,address_html,HTML,label,Address HTML
Supplier,contact_html,HTML,label,Contact HTML
Supplier,primary_address_and_contact_detail_section,Section Break,label,Primary Address and Contact
Supplier,supplier_primary_address,Link,label,Supplier Primary Address
Supplier,supplier_primary_address,Link,description,"Reselect, if the chosen address is edited after save"
Supplier,primary_address,Text,label,Primary Address
Supplier,supplier_primary_contact,Link,label,Supplier Primary Contact
Supplier,supplier_primary_contact,Link,description,"Reselect, if the chosen contact is edited after save"
Supplier,mobile_no,Read Only,label,Mobile No
Supplier,email_id,Read Only,label,Email Id
Supplier,accounting_tab,Tab Break,label,Accounting
Supplier,payment_terms,Link,label,Default Payment Terms Template
Supplier,default_accounts_section,Section Break,label,Default Accounts
Supplier,accounts,Table,label,Accounts
Supplier,accounts,Table,description,Mention if non-standard payable account
Supplier,settings_tab,Tab Break,label,Settings
Supplier,allow_purchase_invoice_creation_without_purchase_order,Check,label,Allow Purchase Invoice Creation Without Purchase Order
Supplier,allow_purchase_invoice_creation_without_purchase_receipt,Check,label,Allow Purchase Invoice Creation Without Purchase Receipt
Supplier,is_frozen,Check,label,Is Frozen
Supplier,disabled,Check,label,Disabled
Supplier,warn_rfqs,Check,label,Warn RFQs
Supplier,warn_pos,Check,label,Warn POs
Supplier,prevent_rfqs,Check,label,Prevent RFQs
Supplier,prevent_pos,Check,label,Prevent POs
Supplier,block_supplier_section,Section Break,label,Block Supplier
Supplier,on_hold,Check,label,Block Supplier
Supplier,hold_type,Select,label,Hold Type
Supplier,hold_type,Select,option,All
Supplier,hold_type,Select,option,Invoices
Supplier,hold_type,Select,option,Payments
Supplier,release_date,Date,label,Release Date
Supplier,release_date,Date,description,Leave blank if the Supplier is blocked indefinitely
Supplier,portal_users_tab,Tab Break,label,Portal Users
Supplier,portal_users,Table,label,Supplier Portal Users
Payroll Period,company,Link,label,Company
Payroll Period,start_date,Date,label,Start Date
Payroll Period,end_date,Date,label,End Date
Payroll Period,section_break_5,Section Break,label,Payroll Periods
Payroll Period,periods,Table,label,Payroll Periods
System Health Report,background_jobs_tab,Tab Break,label,Report
System Health Report,background_jobs_section,Section Break,label,Background Jobs
System Health Report,total_background_workers,Int,label,Total Background Workers
System Health Report,background_jobs_check,Data,label,Background Jobs Check
System Health Report,test_job_id,Data,label,Test Job ID
System Health Report,queue_status,Table,label,Queue Status
System Health Report,background_workers,Table,label,Background Workers
System Health Report,scheduler_section,Section Break,label,Scheduler
System Health Report,scheduler_status,Data,label,Scheduler Status
System Health Report,oldest_unscheduled_job,Link,label,Oldest Unscheduled Job
System Health Report,failing_scheduled_jobs,Table,label,Failing Scheduled Jobs (last 7 days)
System Health Report,database_section,Section Break,label,Database
System Health Report,database,Data,label,Database
System Health Report,database_version,Data,label,Database Version
System Health Report,db_storage_usage,Float,label,Storage Usage (MB)
System Health Report,top_db_tables,Table,label,Storage Usage By Table
System Health Report,mariadb_variables_section,Section Break,label,MariaDB Variables
System Health Report,bufferpool_size,Data,label,Bufferpool Size
System Health Report,binary_logging,Data,label,Binary Logging
System Health Report,cache_section,Section Break,label,Cache
System Health Report,cache_keys,Int,label,Number of keys
System Health Report,cache_memory_usage,Data,label,Memory Usage
System Health Report,realtime_socketio_section,Section Break,label,Realtime (SocketIO)
System Health Report,socketio_ping_check,Select,label,SocketIO Ping Check
System Health Report,socketio_ping_check,Select,option,Fail
System Health Report,socketio_ping_check,Select,option,Pass
System Health Report,socketio_transport_mode,Select,label,SocketIO Transport Mode
System Health Report,socketio_transport_mode,Select,option,Polling
System Health Report,socketio_transport_mode,Select,option,Websocket
System Health Report,section_break_ryki,Section Break,label,File Storage
System Health Report,public_files_size,Float,label,Public Files (MB)
System Health Report,private_files_size,Float,label,Private Files (MB)
System Health Report,backups_section,Section Break,label,Backups
System Health Report,onsite_backups,Int,label,Number of onsite backups
System Health Report,backups_size,Float,label,Backups (MB)
System Health Report,users_section,Section Break,label,Users
System Health Report,total_users,Int,label,Total Users
System Health Report,new_users,Int,label,New Users (Last 30 days)
System Health Report,failed_logins,Int,label,Failed Logins (Last 30 days)
System Health Report,active_sessions,Int,label,Active Sessions
System Health Report,last_10_active_users,Code,label,Last 10 active users
System Health Report,section_break_udjs,Section Break,label,Emails
System Health Report,outgoing_emails_column,Column Break,label,Outgoing Emails (Last 7 days)
System Health Report,total_outgoing_emails,Int,label,Total Outgoing Emails
System Health Report,pending_emails,Int,label,Pending Emails
System Health Report,failed_emails,Int,label,Failed Emails
System Health Report,incoming_emails_last_7_days_column,Column Break,label,Incoming Emails (Last 7 days)
System Health Report,handled_emails,Int,label,Handled Emails
System Health Report,unhandled_emails,Int,label,Unhandled Emails
System Health Report,errors_generated_in_last_1_day_section,Section Break,label,Errors
System Health Report,total_errors,Int,label,Total Errors (last 1 day)
System Health Report,top_errors,Table,label,Top Errors
Navbar Settings,logo_section,Section Break,label,Application Logo
Navbar Settings,app_logo,Attach Image,label,Application Logo
Navbar Settings,section_break_2,Section Break,label,Dropdowns
Navbar Settings,settings_dropdown,Table,label,Settings Dropdown
Navbar Settings,help_dropdown,Table,label,Help Dropdown
Navbar Settings,announcements_section,Section Break,label,Announcements
Navbar Settings,announcement_widget,Text Editor,label,Announcement Widget
Navbar Settings,announcement_widget,Text Editor,description,These announcements will appear inside a dismissible alert below the Navbar.
Interview Round,round_name,Data,label,Round Name
Interview Round,interview_type,Link,label,Interview Type
Interview Round,interviewers,Table MultiSelect,label,Interviewers
Interview Round,expected_average_rating,Rating,label,Expected Average Rating
Interview Round,designation,Link,label,Designation
Interview Round,expected_skill_set,Table,label,Expected Skillset
Data Import Log,data_import,Link,label,Data Import
Data Import Log,row_indexes,Code,label,Row Indexes
Data Import Log,success,Check,label,Success
Data Import Log,docname,Data,label,Reference Name
Data Import Log,messages,Code,label,Messages
Data Import Log,exception,Text,label,Exception
Data Import Log,log_index,Int,label,Log Index
OAuth Client,client_id,Data,label,App Client ID
OAuth Client,app_name,Data,label,App Name
OAuth Client,user,Link,label,User
OAuth Client,allowed_roles,Table MultiSelect,label,Allowed Roles
OAuth Client,client_secret,Data,label,App Client Secret
OAuth Client,skip_authorization,Check,label,Skip Authorization
OAuth Client,skip_authorization,Check,description,"If checked, users will not see the Confirm Access dialog."
OAuth Client,scopes,Text,label,Scopes
OAuth Client,scopes,Text,description,A list of resources which the Client App will have access to after the user allows it.<br> e.g. project
OAuth Client,redirect_uris,Text,label,Redirect URIs
OAuth Client,redirect_uris,Text,description,"URIs for receiving authorization code once the user allows access, as well as failure responses. Typically a REST endpoint exposed by the Client App.
<br>e.g. http://hostname/api/method/frappe.integrations.oauth2_logins.login_via_facebook"
OAuth Client,default_redirect_uri,Data,label,Default Redirect URI
OAuth Client,sb_advanced,Section Break,label,Advanced Settings
OAuth Client,grant_type,Select,label,Grant Type
OAuth Client,grant_type,Select,option,Authorization Code
OAuth Client,grant_type,Select,option,Implicit
OAuth Client,response_type,Select,label,Response Type
OAuth Client,response_type,Select,option,Code
OAuth Client,response_type,Select,option,Token
Bank Reconciliation Tool,company,Link,label,Company
Bank Reconciliation Tool,bank_account,Link,label,Bank Account
Bank Reconciliation Tool,bank_statement_from_date,Date,label,From Date
Bank Reconciliation Tool,bank_statement_to_date,Date,label,To Date
Bank Reconciliation Tool,from_reference_date,Date,label,From Reference Date
Bank Reconciliation Tool,to_reference_date,Date,label,To Reference Date
Bank Reconciliation Tool,filter_by_reference_date,Check,label,Filter by Reference Date
Bank Reconciliation Tool,account_currency,Link,label,Account Currency
Bank Reconciliation Tool,account_opening_balance,Currency,label,Account Opening Balance
Bank Reconciliation Tool,bank_statement_closing_balance,Currency,label,Closing Balance
Bank Reconciliation Tool,section_break_1,Section Break,label,Reconcile
Bank Reconciliation Tool,no_bank_transactions,HTML,option,"<div class=""text-muted text-center"">No Matching Bank Transactions Found</div>"
Cost Center,,DocType,doctype_description,Track separate Income and Expense for product verticals or divisions.
Cost Center,cost_center_name,Data,label,Cost Center Name
Cost Center,cost_center_number,Data,label,Cost Center Number
Cost Center,parent_cost_center,Link,label,Parent Cost Center
Cost Center,company,Link,label,Company
Cost Center,is_group,Check,label,Is Group
Cost Center,disabled,Check,label,Disabled
Cost Center,lft,Int,label,lft
Cost Center,rgt,Int,label,rgt
Cost Center,old_parent,Link,label,old_parent
Payment Reconciliation,company,Link,label,Company
Payment Reconciliation,party_type,Link,label,Party Type
Payment Reconciliation,party,Dynamic Link,label,Party
Payment Reconciliation,receivable_payable_account,Link,label,Receivable / Payable Account
Payment Reconciliation,default_advance_account,Link,label,Default Advance Account
Payment Reconciliation,default_advance_account,Link,description,Only 'Payment Entries' made against this advance account are supported.
Payment Reconciliation,col_break1,Section Break,label,Filters
Payment Reconciliation,from_invoice_date,Date,label,From Invoice Date
Payment Reconciliation,from_payment_date,Date,label,From Payment Date
Payment Reconciliation,minimum_invoice_amount,Currency,label,Minimum Invoice Amount
Payment Reconciliation,minimum_payment_amount,Currency,label,Minimum Payment Amount
Payment Reconciliation,to_invoice_date,Date,label,To Invoice Date
Payment Reconciliation,to_payment_date,Date,label,To Payment Date
Payment Reconciliation,maximum_invoice_amount,Currency,label,Maximum Invoice Amount
Payment Reconciliation,maximum_payment_amount,Currency,label,Maximum Payment Amount
Payment Reconciliation,invoice_limit,Int,label,Invoice Limit
Payment Reconciliation,invoice_limit,Int,description,System will fetch all the entries if limit value is zero.
Payment Reconciliation,payment_limit,Int,label,Payment Limit
Payment Reconciliation,payment_limit,Int,description,System will fetch all the entries if limit value is zero.
Payment Reconciliation,bank_cash_account,Link,label,Bank / Cash Account
Payment Reconciliation,bank_cash_account,Link,description,This filter will be applied to Journal Entry.
Payment Reconciliation,accounting_dimensions_section,Section Break,label,Accounting Dimensions Filter
Payment Reconciliation,cost_center,Link,label,Cost Center
Payment Reconciliation,sec_break1,Section Break,label,Unreconciled Entries
Payment Reconciliation,sec_break1,Section Break,description,"If you need to reconcile particular transactions against each other, then please select accordingly. If not, all the transactions will be allocated in FIFO order."
Payment Reconciliation,invoice_name,Data,label,Filter on Invoice
Payment Reconciliation,invoices,Table,label,Invoices
Payment Reconciliation,payment_name,Data,label,Filter on Payment
Payment Reconciliation,payments,Table,label,Payments
Payment Reconciliation,sec_break2,Section Break,label,Allocated Entries
Payment Reconciliation,allocation,Table,label,Allocation
Full and Final Statement,employee,Link,label,Employee
Full and Final Statement,employee_name,Data,label,Employee Name
Full and Final Statement,transaction_date,Date,label,Transaction Date
Full and Final Statement,company,Link,label,Company
Full and Final Statement,status,Select,label,Status
Full and Final Statement,status,Select,option,Paid
Full and Final Statement,status,Select,option,Unpaid
Full and Final Statement,amended_from,Link,label,Amended From
Full and Final Statement,employee_details_section,Section Break,label,Employee Details
Full and Final Statement,date_of_joining,Date,label,Date of Joining
Full and Final Statement,relieving_date,Date,label,Relieving Date
Full and Final Statement,designation,Link,label,Designation
Full and Final Statement,department,Link,label,Department
Full and Final Statement,section_break_8,Section Break,label,Payables
Full and Final Statement,section_break_10,Section Break,label,Receivables
Full and Final Statement,section_break_15,Section Break,label,Assets Allocated
Full and Final Statement,section_break_15,Section Break,description,"Automatically fetches all assets allocated to the employee, if any"
Full and Final Statement,total_asset_recovery_cost,Currency,label,Total Asset Recovery Cost
Full and Final Statement,totals_section,Section Break,label,Totals
Full and Final Statement,total_payable_amount,Currency,label,Total Payable Amount
Full and Final Statement,total_receivable_amount,Currency,label,Total Receivable Amount
Lower Deduction Certificate,certificate_details_section,Section Break,label,Certificate Details
Lower Deduction Certificate,tax_withholding_category,Link,label,Tax Withholding Category
Lower Deduction Certificate,fiscal_year,Link,label,Fiscal Year
Lower Deduction Certificate,company,Link,label,Company
Lower Deduction Certificate,certificate_no,Data,label,Certificate No
Lower Deduction Certificate,section_break_3,Section Break,label,Deductee Details
Lower Deduction Certificate,supplier,Link,label,Supplier
Lower Deduction Certificate,pan_no,Data,label,PAN No
Lower Deduction Certificate,validity_details_section,Section Break,label,Validity Details
Lower Deduction Certificate,valid_from,Date,label,Valid From
Lower Deduction Certificate,valid_upto,Date,label,Valid Upto
Lower Deduction Certificate,rate,Percent,label,Rate Of TDS As Per Certificate
Lower Deduction Certificate,certificate_limit,Currency,label,Certificate Limit
Web Page,,DocType,doctype_description,Page to show on the website
Web Page,section_title,Tab Break,label,Content
Web Page,title,Data,label,Title
Web Page,route,Data,label,Route
Web Page,dynamic_route,Check,label,Dynamic Route
Web Page,dynamic_route,Check,description,Map route parameters into form variables. Example <code>/project/&lt;name&gt;</code>
Web Page,published,Check,label,Published
Web Page,module,Link,label,Module (for export)
Web Page,sb1,Section Break,label,Content
Web Page,content_type,Select,label,Content Type
Web Page,content_type,Select,option,Rich Text
Web Page,content_type,Select,option,Markdown
Web Page,content_type,Select,option,HTML
Web Page,content_type,Select,option,Page Builder
Web Page,content_type,Select,option,Slideshow
Web Page,slideshow,Link,label,Slideshow
Web Page,dynamic_template,Check,label,Dynamic Template
Web Page,main_section,Text Editor,label,Main Section
Web Page,main_section_md,Markdown Editor,label,Main Section (Markdown)
Web Page,main_section_html,HTML Editor,label,Main Section (HTML)
Web Page,page_blocks,Table,label,Page Building Blocks
Web Page,scripting_tab,Tab Break,label,Scripting
Web Page,context_section,Section Break,label,Context
Web Page,context_script,Code,label,Context Script
Web Page,context_script,Code,description,"<p>Set context before rendering a template. Example:</p><p>
</p><div><pre><code>
context.project = frappe.get_doc(""Project"", frappe.form_dict.name)
</code></pre></div>"
Web Page,custom_javascript,Section Break,label,Script
Web Page,javascript,Code,label,Javascript
Web Page,custom_css,Tab Break,label,Style
Web Page,insert_style,Check,label,Insert Style
Web Page,text_align,Select,label,Text Align
Web Page,text_align,Select,option,Left
Web Page,text_align,Select,option,Center
Web Page,text_align,Select,option,Right
Web Page,css,Code,label,CSS
Web Page,full_width,Check,label,Full Width
Web Page,show_title,Check,label,Show Title
Web Page,settings,Tab Break,label,Settings
Web Page,publishing_dates_section,Section Break,label,Publishing Dates
Web Page,start_date,Datetime,label,Start Date
Web Page,end_date,Datetime,label,End Date
Web Page,metatags_section,Section Break,label,Meta Tags
Web Page,meta_title,Data,label,Title
Web Page,meta_description,Small Text,label,Description
Web Page,meta_image,Attach Image,label,Image
Web Page,set_meta_tags,Button,label,Add Custom Tags
Web Page,section_break_17,Section Break,label,Sidebar and Comments
Web Page,show_sidebar,Check,label,Show Sidebar
Web Page,idx,Int,label,Priority
Web Page,idx,Int,description,0 is highest
Web Page,website_sidebar,Link,label,Website Sidebar
Web Page,enable_comments,Check,label,Enable Comments
Web Page,sb2,Section Break,label,Header and Breadcrumbs
Web Page,header,HTML Editor,label,Header
Web Page,header,HTML Editor,description,HTML for header section. Optional
Web Page,breadcrumbs,Code,label,Breadcrumbs
Web Page,breadcrumbs,Code,description,"List as [{""label"": _(""Jobs""), ""route"":""jobs""}]"
Letter Head,letter_head_name,Data,label,Letter Head Name
Letter Head,source,Select,label,Letter Head Based On
Letter Head,source,Select,option,Image
Letter Head,source,Select,option,HTML
Letter Head,footer_source,Select,label,Footer Based On
Letter Head,footer_source,Select,option,Image
Letter Head,footer_source,Select,option,HTML
Letter Head,disabled,Check,label,Disabled
Letter Head,is_default,Check,label,Default Letter Head
Letter Head,letter_head_image_section,Section Break,label,Letter Head Image
Letter Head,image,Attach Image,label,Image
Letter Head,image_height,Float,label,Image Height
Letter Head,image_width,Float,label,Image Width
Letter Head,align,Select,label,Align
Letter Head,align,Select,option,Left
Letter Head,align,Select,option,Right
Letter Head,align,Select,option,Center
Letter Head,header_section,Section Break,label,Header
Letter Head,content,HTML Editor,label,Header HTML
Letter Head,content,HTML Editor,description,Letter Head in HTML
Letter Head,footer_section,Section Break,label,Footer
Letter Head,footer,HTML Editor,label,Footer HTML
Letter Head,footer,HTML Editor,description,Footer will display correctly only in PDF
Letter Head,footer_image_section,Section Break,label,Footer Image
Letter Head,footer_image,Attach Image,label,Image
Letter Head,footer_image_height,Float,label,Image Height
Letter Head,footer_image_width,Float,label,Image Width
Letter Head,footer_align,Select,label,Align
Letter Head,footer_align,Select,option,Left
Letter Head,footer_align,Select,option,Right
Letter Head,footer_align,Select,option,Center
Letter Head,scripts_section,Section Break,label,Scripts
Letter Head,header_script,Code,label,Header Script
Letter Head,footer_script,Code,label,Footer Script
Letter Head,instructions,HTML,label,Instructions
Ledger Health,voucher_type,Data,label,Voucher Type
Ledger Health,voucher_no,Data,label,Voucher No
Ledger Health,checked_on,Datetime,label,Checked On
Ledger Health,debit_credit_mismatch,Check,label,Debit-Credit mismatch
Ledger Health,general_and_payment_ledger_mismatch,Check,label,General and Payment Ledger mismatch
Changelog Feed,title,Data,label,Title
Changelog Feed,app_name,Data,label,App Name
Changelog Feed,link,Long Text,label,Link
Changelog Feed,posting_timestamp,Datetime,label,Posting Timestamp
Leave Application,,DocType,doctype_description,Apply / Approve Leaves
Leave Application,naming_series,Select,label,Series
Leave Application,naming_series,Select,option,HR-LAP-.YYYY.-
Leave Application,employee,Link,label,Employee
Leave Application,employee_name,Data,label,Employee Name
Leave Application,leave_type,Link,label,Leave Type
Leave Application,company,Link,label,Company
Leave Application,department,Link,label,Department
Leave Application,section_break_5,Section Break,label,Dates & Reason
Leave Application,from_date,Date,label,From Date
Leave Application,to_date,Date,label,To Date
Leave Application,half_day,Check,label,Half Day
Leave Application,half_day_date,Date,label,Half Day Date
Leave Application,total_leave_days,Float,label,Total Leave Days
Leave Application,description,Small Text,label,Reason
Leave Application,leave_balance,Float,label,Leave Balance Before Application
Leave Application,section_break_7,Section Break,label,Approval
Leave Application,leave_approver,Link,label,Leave Approver
Leave Application,leave_approver_name,Data,label,Leave Approver Name
Leave Application,follow_via_email,Check,label,Follow via Email
Leave Application,posting_date,Date,label,Posting Date
Leave Application,status,Select,label,Status
Leave Application,status,Select,option,Open
Leave Application,status,Select,option,Approved
Leave Application,status,Select,option,Rejected
Leave Application,status,Select,option,Cancelled
Leave Application,sb_other_details,Section Break,label,Other Details
Leave Application,salary_slip,Link,label,Salary Slip
Leave Application,color,Color,label,Color
Leave Application,letter_head,Link,label,Letter Head
Leave Application,amended_from,Link,label,Amended From
Payment Terms Template,template_name,Data,label,Template Name
Payment Terms Template,allocate_payment_based_on_payment_terms,Check,label,Allocate Payment Based On Payment Terms
Payment Terms Template,allocate_payment_based_on_payment_terms,Check,description,"If this checkbox is checked, paid amount will be splitted and allocated as per the amounts in payment schedule against each payment term"
Payment Terms Template,terms,Table,label,Payment Terms
Item Price,,DocType,doctype_description,Log the selling and buying rate of an Item
Item Price,item_code,Link,label,Item Code
Item Price,uom,Link,label,UOM
Item Price,packing_unit,Int,label,Packing Unit
Item Price,packing_unit,Int,description,Quantity  that must be bought or sold per UOM
Item Price,item_name,Data,label,Item Name
Item Price,brand,Link,label,Brand
Item Price,item_description,Text,label,Item Description
Item Price,price_list_details,Section Break,label,Price List
Item Price,price_list_details,Section Break,option,fa fa-tags
Item Price,price_list,Link,label,Price List
Item Price,customer,Link,label,Customer
Item Price,supplier,Link,label,Supplier
Item Price,batch_no,Link,label,Batch No
Item Price,buying,Check,label,Buying
Item Price,selling,Check,label,Selling
Item Price,item_details,Section Break,option,fa fa-tag
Item Price,currency,Link,label,Currency
Item Price,price_list_rate,Currency,label,Rate
Item Price,valid_from,Date,label,Valid From
Item Price,lead_time_days,Int,label,Lead Time in days
Item Price,valid_upto,Date,label,Valid Upto
Item Price,note,Text,label,Note
Item Price,reference,Data,label,Reference
Ledger Health Monitor,enable_health_monitor,Check,label,Enable Health Monitor
Ledger Health Monitor,monitor_section,Section Break,label,Configuration
Ledger Health Monitor,monitor_for_last_x_days,Int,label,Monitor for Last 'X' days
Ledger Health Monitor,debit_credit_mismatch,Check,label,Debit-Credit Mismatch
Ledger Health Monitor,general_and_payment_ledger_mismatch,Check,label,Discrepancy between General and Payment Ledger
Ledger Health Monitor,section_break_xdsp,Section Break,label,Companies
Transaction Deletion Record,company,Link,label,Company
Transaction Deletion Record,status,Select,label,Status
Transaction Deletion Record,status,Select,option,Queued
Transaction Deletion Record,status,Select,option,Running
Transaction Deletion Record,status,Select,option,Failed
Transaction Deletion Record,status,Select,option,Completed
Transaction Deletion Record,status,Select,option,Cancelled
Transaction Deletion Record,error_log,Long Text,label,Error Log
Transaction Deletion Record,tasks_section,Section Break,label,Tasks
Transaction Deletion Record,delete_bin_data,Check,label,Delete Bins
Transaction Deletion Record,delete_leads_and_addresses,Check,label,Delete Leads and Addresses
Transaction Deletion Record,reset_company_default_values,Check,label,Reset Company Default Values
Transaction Deletion Record,clear_notifications,Check,label,Clear Notifications
Transaction Deletion Record,initialize_doctypes_table,Check,label,Initialize Summary Table
Transaction Deletion Record,delete_transactions,Check,label,Delete Transactions
Transaction Deletion Record,doctypes,Table,label,Summary
Transaction Deletion Record,doctypes_to_be_ignored,Table,label,Excluded DocTypes
Transaction Deletion Record,amended_from,Link,label,Amended From
Transaction Deletion Record,process_in_single_transaction,Check,label,Process in Single Transaction
Currency Exchange Settings,api_details_section,Section Break,label,API Details
Currency Exchange Settings,disabled,Check,label,Disabled
Currency Exchange Settings,service_provider,Select,label,Service Provider
Currency Exchange Settings,service_provider,Select,option,frankfurter.app
Currency Exchange Settings,service_provider,Select,option,exchangerate.host
Currency Exchange Settings,service_provider,Select,option,Custom
Currency Exchange Settings,api_endpoint,Data,label,API Endpoint
Currency Exchange Settings,use_http,Check,label,Use HTTP Protocol
Currency Exchange Settings,access_key,Data,label,Access Key
Currency Exchange Settings,url,Data,label,Example URL
Currency Exchange Settings,help,HTML,label,Help
Currency Exchange Settings,help,HTML,option,<h3>Currency Exchange Settings Help</h3>
Currency Exchange Settings,help,HTML,option,"<p>There are 3 variables that could be used within the endpoint, result key and in values of the parameter.</p>"
Currency Exchange Settings,help,HTML,option,<p>Exchange rate between {from_currency} and {to_currency} on {transaction_date} is fetched by the API.</p>
Currency Exchange Settings,help,HTML,option,"<p>Example: If your endpoint is exchange.com/2021-08-01, then, you will have to input exchange.com/{transaction_date}</p>"
Currency Exchange Settings,section_break_2,Section Break,label,Request Parameters
Currency Exchange Settings,req_params,Table,label,Parameters
Currency Exchange Settings,result_key,Table,label,Result Key
Console Log,script,Code,label,Script
Console Log,type,Data,label,Type
Console Log,committed,Check,label,Committed
RQ Worker,worker_information_section,Section Break,label,Worker Information
RQ Worker,queue,Data,label,Queue(s)
RQ Worker,queue_type,Select,label,Queue Type(s)
RQ Worker,queue_type,Select,option,default
RQ Worker,queue_type,Select,option,long
RQ Worker,queue_type,Select,option,short
RQ Worker,worker_name,Data,label,Worker Name
RQ Worker,statistics_section,Section Break,label,Statistics
RQ Worker,status,Data,label,Status
RQ Worker,pid,Data,label,PID
RQ Worker,current_job_id,Link,label,Current Job ID
RQ Worker,successful_job_count,Int,label,Successful Job Count
RQ Worker,failed_job_count,Int,label,Failed Job Count
RQ Worker,birth_date,Datetime,label,Start Time
RQ Worker,last_heartbeat,Datetime,label,Last Heartbeat
RQ Worker,total_working_time,Duration,label,Total Working Time
RQ Worker,utilization_percent,Percent,label,Utilization %
Push Notification Settings,,DocType,doctype_description,"Enabling this will register your site on a central relay server to send push notifications for all installed apps through Firebase Cloud Messaging. This server only stores user tokens and error logs, and no messages are saved."
Push Notification Settings,section_break_qgjr,Section Break,label,Relay Settings
Push Notification Settings,section_break_qgjr,Section Break,description,"Enabling this will register your site on a central relay server to send push notifications for all installed apps through Firebase Cloud Messaging. This server only stores user tokens and error logs, and no messages are saved."
Push Notification Settings,enable_push_notification_relay,Check,label,Enable Push Notification Relay
Push Notification Settings,authentication_credential_section,Section Break,label,Authentication
Push Notification Settings,authentication_credential_section,Section Break,description,API Key and Secret to interact with the relay server. These will be auto-generated when the first push notification is sent from any of the apps installed on this site.
Push Notification Settings,api_key,Data,label,API Key
Push Notification Settings,api_secret,Password,label,API Secret
Activity Log,,DocType,doctype_description,Keep track of all update feeds
Activity Log,subject,Small Text,label,Subject
Activity Log,content,Text Editor,label,Message
Activity Log,additional_info,Section Break,label,More Information
Activity Log,communication_date,Datetime,label,Date
Activity Log,ip_address,Data,label,IP Address
Activity Log,operation,Select,label,Operation
Activity Log,operation,Select,option,Login
Activity Log,operation,Select,option,Logout
Activity Log,operation,Select,option,Impersonate
Activity Log,status,Select,label,Status
Activity Log,status,Select,option,Success
Activity Log,status,Select,option,Failed
Activity Log,status,Select,option,Linked
Activity Log,status,Select,option,Closed
Activity Log,reference_section,Section Break,label,Reference
Activity Log,reference_doctype,Link,label,Reference Document Type
Activity Log,reference_name,Dynamic Link,label,Reference Name
Activity Log,reference_owner,Read Only,label,Reference Owner
Activity Log,timeline_doctype,Link,label,Timeline DocType
Activity Log,timeline_name,Dynamic Link,label,Timeline Name
Activity Log,link_doctype,Link,label,Link DocType
Activity Log,link_name,Dynamic Link,label,Link Name
Activity Log,user,Link,label,User
Activity Log,full_name,Data,label,Full Name
Staffing Plan,company,Link,label,Company
Staffing Plan,department,Link,label,Department
Staffing Plan,from_date,Date,label,From Date
Staffing Plan,to_date,Date,label,To Date
Staffing Plan,staffing_plan_details,Section Break,label,Details
Staffing Plan,get_job_requisitions,Button,label,Get Job Requisitions
Staffing Plan,staffing_details,Table,label,Staffing Details
Staffing Plan,total_estimated_budget,Currency,label,Total Estimated Budget
Staffing Plan,amended_from,Link,label,Amended From
Employee Onboarding,job_applicant,Link,label,Job Applicant
Employee Onboarding,job_offer,Link,label,Job Offer
Employee Onboarding,employee_onboarding_template,Link,label,Employee Onboarding Template
Employee Onboarding,company,Link,label,Company
Employee Onboarding,boarding_status,Select,label,Status
Employee Onboarding,boarding_status,Select,option,Pending
Employee Onboarding,boarding_status,Select,option,In Process
Employee Onboarding,boarding_status,Select,option,Completed
Employee Onboarding,project,Link,label,Project
Employee Onboarding,details_section,Section Break,label,Employee Details
Employee Onboarding,employee,Link,label,Employee
Employee Onboarding,employee_name,Data,label,Employee Name
Employee Onboarding,department,Link,label,Department
Employee Onboarding,designation,Link,label,Designation
Employee Onboarding,employee_grade,Link,label,Employee Grade
Employee Onboarding,holiday_list,Link,label,Holiday List
Employee Onboarding,date_of_joining,Date,label,Date of Joining
Employee Onboarding,boarding_begins_on,Date,label,Onboarding Begins On
Employee Onboarding,table_for_activity,Section Break,label,Onboarding Activities
Employee Onboarding,activities,Table,label,Activities
Employee Onboarding,notify_users_by_email,Check,label,Notify users by email
Employee Onboarding,amended_from,Link,label,Amended From
Stock Reservation Entry,item_code,Link,label,Item Code
Stock Reservation Entry,warehouse,Link,label,Warehouse
Stock Reservation Entry,has_serial_no,Check,label,Has Serial No
Stock Reservation Entry,has_batch_no,Check,label,Has Batch No
Stock Reservation Entry,voucher_type,Select,label,Voucher Type
Stock Reservation Entry,voucher_type,Select,option,Sales Order
Stock Reservation Entry,voucher_no,Dynamic Link,label,Voucher No
Stock Reservation Entry,voucher_detail_no,Data,label,Voucher Detail No
Stock Reservation Entry,from_voucher_type,Select,label,From Voucher Type
Stock Reservation Entry,from_voucher_type,Select,option,Pick List
Stock Reservation Entry,from_voucher_type,Select,option,Purchase Receipt
Stock Reservation Entry,from_voucher_no,Dynamic Link,label,From Voucher No
Stock Reservation Entry,from_voucher_detail_no,Data,label,From Voucher Detail No
Stock Reservation Entry,stock_uom,Link,label,Stock UOM
Stock Reservation Entry,available_qty,Float,label,Available Qty to Reserve
Stock Reservation Entry,voucher_qty,Float,label,Voucher Qty
Stock Reservation Entry,reserved_qty,Float,label,Reserved Qty
Stock Reservation Entry,delivered_qty,Float,label,Delivered Qty
Stock Reservation Entry,serial_and_batch_reservation_section,Section Break,label,Serial and Batch Reservation
Stock Reservation Entry,reservation_based_on,Select,label,Reservation Based On
Stock Reservation Entry,reservation_based_on,Select,option,Qty
Stock Reservation Entry,reservation_based_on,Select,option,Serial and Batch
Stock Reservation Entry,section_break_3vb3,Section Break,label,More Information
Stock Reservation Entry,company,Link,label,Company
Stock Reservation Entry,project,Link,label,Project
Stock Reservation Entry,status,Select,label,Status
Stock Reservation Entry,status,Select,option,Draft
Stock Reservation Entry,status,Select,option,Partially Reserved
Stock Reservation Entry,status,Select,option,Reserved
Stock Reservation Entry,status,Select,option,Partially Delivered
Stock Reservation Entry,status,Select,option,Delivered
Stock Reservation Entry,status,Select,option,Cancelled
Stock Reservation Entry,amended_from,Link,label,Amended From
Auto Email Report,report,Link,label,Report
Auto Email Report,user,Link,label,Based on Permissions For User
Auto Email Report,enabled,Check,label,Enabled
Auto Email Report,report_type,Read Only,label,Report Type
Auto Email Report,reference_report,Data,label,Reference Report
Auto Email Report,filter_data,Section Break,label,Filter Data
Auto Email Report,send_if_data,Check,label,Send only if there is any data
Auto Email Report,data_modified_till,Int,label,Only Send Records Updated in Last X Hours
Auto Email Report,data_modified_till,Int,description,Zero means send records updated at anytime
Auto Email Report,no_of_rows,Int,label,No of Rows (Max 500)
Auto Email Report,report_filters,Section Break,label,Report Filters
Auto Email Report,filters_display,HTML,label,Filters Display
Auto Email Report,filters,Text,label,Filters
Auto Email Report,filter_meta,Text,label,Filter Meta
Auto Email Report,dynamic_report_filters_section,Section Break,label,Dynamic Report Filters
Auto Email Report,from_date_field,Select,label,From Date Field
Auto Email Report,to_date_field,Select,label,To Date Field
Auto Email Report,dynamic_date_period,Select,label,Period
Auto Email Report,dynamic_date_period,Select,option,Daily
Auto Email Report,dynamic_date_period,Select,option,Weekly
Auto Email Report,dynamic_date_period,Select,option,Monthly
Auto Email Report,dynamic_date_period,Select,option,Quarterly
Auto Email Report,dynamic_date_period,Select,option,Half Yearly
Auto Email Report,dynamic_date_period,Select,option,Yearly
Auto Email Report,use_first_day_of_period,Check,label,Use First Day of Period
Auto Email Report,use_first_day_of_period,Check,description,"To begin the date range at the start of the chosen period. For example, if 'Year' is selected as the period, the report will start from January 1st of the current year."
Auto Email Report,email_settings,Section Break,label,Email Settings
Auto Email Report,email_to,Small Text,label,Email To
Auto Email Report,email_to,Small Text,description,"For multiple addresses, enter the address on different line. e.g. test@test.com ⏎ test1@test.com"
Auto Email Report,day_of_week,Select,label,Day of Week
Auto Email Report,day_of_week,Select,option,Monday
Auto Email Report,day_of_week,Select,option,Tuesday
Auto Email Report,day_of_week,Select,option,Wednesday
Auto Email Report,day_of_week,Select,option,Thursday
Auto Email Report,day_of_week,Select,option,Friday
Auto Email Report,day_of_week,Select,option,Saturday
Auto Email Report,day_of_week,Select,option,Sunday
Auto Email Report,sender,Link,label,Sender
Auto Email Report,frequency,Select,label,Frequency
Auto Email Report,frequency,Select,option,Daily
Auto Email Report,frequency,Select,option,Weekdays
Auto Email Report,frequency,Select,option,Weekly
Auto Email Report,frequency,Select,option,Monthly
Auto Email Report,format,Select,label,Format
Auto Email Report,format,Select,option,HTML
Auto Email Report,format,Select,option,XLSX
Auto Email Report,format,Select,option,CSV
Auto Email Report,section_break_15,Section Break,label,Message
Auto Email Report,description,Text Editor,label,Message
Data Import,reference_doctype,Link,label,Document Type
Data Import,import_type,Select,label,Import Type
Data Import,import_type,Select,option,Insert New Records
Data Import,import_type,Select,option,Update Existing Records
Data Import,download_template,Button,label,Download Template
Data Import,import_file,Attach,label,Import File
Data Import,payload_count,Int,label,Payload Count
Data Import,html_5,HTML,option,"<h5 class=""text-muted uppercase"">Or</h5>"
Data Import,google_sheets_url,Data,label,Import from Google Sheets
Data Import,google_sheets_url,Data,description,Must be a publicly accessible Google Sheets URL
Data Import,refresh_google_sheet,Button,label,Refresh Google Sheet
Data Import,status,Select,label,Status
Data Import,status,Select,option,Pending
Data Import,status,Select,option,Success
Data Import,status,Select,option,Partial Success
Data Import,status,Select,option,Error
Data Import,status,Select,option,Timed Out
Data Import,submit_after_import,Check,label,Submit After Import
Data Import,mute_emails,Check,label,Don't Send Emails
Data Import,template_options,Code,label,Template Options
Data Import,import_warnings_section,Section Break,label,Import File Errors and Warnings
Data Import,template_warnings,Code,label,Template Warnings
Data Import,import_warnings,HTML,label,Import Warnings
Data Import,section_import_preview,Section Break,label,Preview
Data Import,import_preview,HTML,label,Import Preview
Data Import,import_log_section,Section Break,label,Import Log
Data Import,show_failed_logs,Check,label,Show Only Failed Logs
Data Import,import_log_preview,HTML,label,Import Log Preview
Price List,,DocType,doctype_description,"A Price List is a collection of Item Prices either Selling, Buying, or both"
Price List,enabled,Check,label,Enabled
Price List,price_list_name,Data,label,Price List Name
Price List,currency,Link,label,Currency
Price List,buying,Check,label,Buying
Price List,selling,Check,label,Selling
Price List,price_not_uom_dependent,Check,label,Price Not UOM Dependent
Price List,countries,Table,label,Applicable for Countries
Blog Settings,,DocType,doctype_description,Settings to control blog categories and interactions like comments and likes
Blog Settings,blog_title,Data,label,Blog Title
Blog Settings,blog_introduction,Small Text,label,Blog Introduction
Blog Settings,preview_image,Attach Image,label,Preview Image
Blog Settings,enable_social_sharing,Check,label,Enable Social Sharing
Blog Settings,allow_guest_to_comment,Check,label,Allow Guest to comment
Blog Settings,browse_by_category,Check,label,Browse by category
Blog Settings,show_cta_in_blog,Check,label,"Show ""Call to Action"" in Blog"
Blog Settings,cta_section,Section Break,label,Call to Action
Blog Settings,title,Data,label,Title
Blog Settings,subtitle,Data,label,Subtitle
Blog Settings,cta_label,Data,label,CTA Label
Blog Settings,cta_url,Data,label,CTA URL
Blog Settings,section_break_12,Section Break,label,Rate Limits
Blog Settings,like_limit,Int,label,Like limit
Blog Settings,like_limit,Int,description,Like limit per hour
Blog Settings,comment_limit,Int,label,Comment limit
Blog Settings,comment_limit,Int,description,Comment limit per hour
Item Group,,DocType,doctype_description,An Item Group is a way to classify items based on types.
Item Group,gs,Section Break,label,General Settings
Item Group,item_group_name,Data,label,Item Group Name
Item Group,parent_item_group,Link,label,Parent Item Group
Item Group,is_group,Check,label,Is Group
Item Group,is_group,Check,description,Only leaf nodes are allowed in transaction
Item Group,image,Attach Image,label,Image
Item Group,defaults,Section Break,label,Defaults
Item Group,item_group_defaults,Table,label,Item Group Defaults
Item Group,sec_break_taxes,Section Break,label,Item Tax
Item Group,taxes,Table,label,Taxes
Item Group,lft,Int,label,lft
Item Group,old_parent,Link,label,old_parent
Item Group,rgt,Int,label,rgt
Monthly Distribution,,DocType,doctype_description,Helps you distribute the Budget/Target across months if you have seasonality in your business.
Monthly Distribution,distribution_id,Data,label,Distribution Name
Monthly Distribution,distribution_id,Data,description,Name of the Monthly Distribution
Monthly Distribution,fiscal_year,Link,label,Fiscal Year
Monthly Distribution,percentages,Table,label,Monthly Distribution Percentages
Sales Person,,DocType,doctype_description,All Sales Transactions can be tagged against multiple Sales Persons so that you can set and monitor targets.
Sales Person,name_and_employee_id,Section Break,label,Name and Employee ID
Sales Person,name_and_employee_id,Section Break,option,icon-user
Sales Person,sales_person_name,Data,label,Sales Person Name
Sales Person,parent_sales_person,Link,label,Parent Sales Person
Sales Person,parent_sales_person,Link,description,Select company name first.
Sales Person,commission_rate,Data,label,Commission Rate
Sales Person,is_group,Check,label,Is Group
Sales Person,enabled,Check,label,Enabled
Sales Person,employee,Link,label,Employee
Sales Person,department,Link,label,Department
Sales Person,lft,Int,label,lft
Sales Person,rgt,Int,label,rgt
Sales Person,old_parent,Data,label,old_parent
Sales Person,target_details_section_break,Section Break,label,Sales Person Targets
Sales Person,target_details_section_break,Section Break,description,Set targets Item Group-wise for this Sales Person.
Sales Person,target_details_section_break,Section Break,option,icon-bullseye
Sales Person,targets,Table,label,Targets
Product Bundle,,DocType,doctype_description,Aggregate a group of Items into another Item. This is useful if you are maintaining the stock of the packed items and not the bundled item
Product Bundle,new_item_code,Link,label,Parent Item
Product Bundle,description,Data,label,Description
Product Bundle,disabled,Check,label,Disabled
Product Bundle,item_section,Section Break,label,Items
Product Bundle,item_section,Section Break,description,List items that form the package.
Product Bundle,items,Table,label,Items
Product Bundle,about,HTML,option,<h3>About Product Bundle</h3>
Product Bundle,about,HTML,option,<p>Aggregate group of <b>Items</b> into another <b>Item</b>. This is useful if you are bundling a certain <b>Items</b> into a package and you maintain stock of the packed <b>Items</b> and not the aggregate <b>Item</b>.</p>
Product Bundle,about,HTML,option,<p>The package <b>Item</b> will have <code>Is Stock Item</code> as <b>No</b> and <code>Is Sales Item</code> as <b>Yes</b>.</p>
Product Bundle,about,HTML,option,<h4>Example:</h4>
Product Bundle,about,HTML,option,"<p>If you are selling Laptops and Backpacks separately and have a special price if the customer buys both, then the Laptop + Backpack will be a new Product Bundle Item.</p>"
Currency,,DocType,doctype_description,"Currency list stores the currency value, its symbol and fraction unit"
Currency,currency_name,Data,label,Currency Name
Currency,enabled,Check,label,Enabled
Currency,fraction,Data,label,Fraction
Currency,fraction,Data,description,"Sub-currency. For e.g. ""Cent"""
Currency,fraction_units,Int,label,Fraction Units
Currency,fraction_units,Int,description,"1 Currency = [?] Fraction
For e.g. 1 USD = 100 Cent"
Currency,smallest_currency_fraction_value,Currency,label,Smallest Currency Fraction Value
Currency,smallest_currency_fraction_value,Currency,description,Smallest circulating fraction unit (coin). For e.g. 1 cent for USD and it should be entered as 0.01
Currency,symbol,Data,label,Symbol
Currency,symbol,Data,description,A symbol for this currency. For e.g. $
Currency,symbol_on_right,Check,label,Show Currency Symbol on Right Side
Currency,number_format,Select,label,Number Format
Currency,number_format,Select,description,"How should this currency be formatted? If not set, will use system defaults"
Currency,number_format,Select,option,"#,###.##"
Currency,number_format,Select,option,"#.###,##"
Currency,number_format,Select,option,# ###.##
Currency,number_format,Select,option,"# ###,##"
Currency,number_format,Select,option,#'###.##
Currency,number_format,Select,option,"#, ###.##"
Currency,number_format,Select,option,"#,##,###.##"
Currency,number_format,Select,option,"#,###.###"
Currency,number_format,Select,option,#.###
Currency,number_format,Select,option,"#,###"
Purchase Taxes and Charges Template,,DocType,doctype_description,"Standard tax template that can be applied to all Purchase Transactions. This template can contain a list of tax heads and also other expense heads like ""Shipping"", ""Insurance"", ""Handling"", etc."
Purchase Taxes and Charges Template,title,Data,label,Title
Purchase Taxes and Charges Template,is_default,Check,label,Default
Purchase Taxes and Charges Template,disabled,Check,label,Disabled
Purchase Taxes and Charges Template,company,Link,label,Company
Purchase Taxes and Charges Template,tax_category,Link,label,Tax Category
Purchase Taxes and Charges Template,taxes,Table,label,Purchase Taxes and Charges
Sales Taxes and Charges Template,,DocType,doctype_description,"Standard tax template that can be applied to all Sales Transactions. This template can contain a list of tax heads and also other expense/income heads like ""Shipping"", ""Insurance"", ""Handling"" etc."
Sales Taxes and Charges Template,title,Data,label,Title
Sales Taxes and Charges Template,is_default,Check,label,Default
Sales Taxes and Charges Template,disabled,Check,label,Disabled
Sales Taxes and Charges Template,company,Link,label,Company
Sales Taxes and Charges Template,tax_category,Link,label,Tax Category
Sales Taxes and Charges Template,taxes,Table,label,Sales Taxes and Charges
Sales Taxes and Charges Template,taxes,Table,description,* Will be calculated in the transaction.
Terms and Conditions,,DocType,doctype_description,"Standard Terms and Conditions that can be added to Sales and Purchases. Examples: Validity of the offer, Payment Terms, Safety and Usage, etc."
Terms and Conditions,title,Data,label,Title
Terms and Conditions,disabled,Check,label,Disabled
Terms and Conditions,applicable_modules_section,Section Break,label,Applicable Modules
Terms and Conditions,selling,Check,label,Selling
Terms and Conditions,buying,Check,label,Buying
Terms and Conditions,hr,Check,label,HR
Terms and Conditions,terms,Text Editor,label,Terms and Conditions
Terms and Conditions,terms_and_conditions_help,HTML,label,Terms and Conditions Help
Terms and Conditions,terms_and_conditions_help,HTML,option,<h4>Standard Terms and Conditions Example</h4>
Terms and Conditions,terms_and_conditions_help,HTML,option,<pre>Delivery Terms for Order number {{ name }}
Terms and Conditions,terms_and_conditions_help,HTML,option,-Order Date : {{ transaction_date }}
Terms and Conditions,terms_and_conditions_help,HTML,option,-Expected Delivery Date : {{ delivery_date }}
Terms and Conditions,terms_and_conditions_help,HTML,option,</pre>
Terms and Conditions,terms_and_conditions_help,HTML,option,<h4>How to get fieldnames</h4>
Terms and Conditions,terms_and_conditions_help,HTML,option,<p>The fieldnames you can use in your email template are the fields in the document from which you are sending the email. You can find out the fields of any documents via Setup &gt; Customize Form View and selecting the document type (e.g. Sales Invoice)</p>
Terms and Conditions,terms_and_conditions_help,HTML,option,<h4>Templating</h4>
Terms and Conditions,terms_and_conditions_help,HTML,option,"<p>Templates are compiled using the Jinja Templating Language. To learn more about Jinja, <a class=""strong"" href=""http://jinja.pocoo.org/docs/dev/templates/"">read this documentation.</a></p>"
Bin,item_code,Link,label,Item Code
Bin,warehouse,Link,label,Warehouse
Bin,actual_qty,Float,label,Actual Qty
Bin,planned_qty,Float,label,Planned Qty
Bin,indented_qty,Float,label,Requested Qty
Bin,ordered_qty,Float,label,Ordered Qty
Bin,projected_qty,Float,label,Projected Qty
Bin,reserved_qty,Float,label,Reserved Qty
Bin,reserved_qty_for_production,Float,label,Reserved Qty for Production
Bin,reserved_qty_for_sub_contract,Float,label,Reserved Qty for Subcontract
Bin,reserved_qty_for_production_plan,Float,label,Reserved Qty for Production Plan
Bin,reserved_stock,Float,label,Reserved Stock
Bin,stock_uom,Link,label,UOM
Bin,valuation_rate,Float,label,Valuation Rate
Bin,stock_value,Float,label,Stock Value
Google Settings,enable,Check,label,Enable
Google Settings,sb_00,Section Break,label,OAuth Client ID
Google Settings,client_id,Data,label,Client ID
Google Settings,client_id,Data,description,"The Client ID obtained from the Google Cloud Console under <a href=""https://console.cloud.google.com/apis/credentials"">
""APIs &amp; Services"" &gt; ""Credentials""
</a>"
Google Settings,client_secret,Password,label,Client Secret
Google Settings,sb_01,Section Break,label,API Key
Google Settings,api_key,Data,label,API Key
Google Settings,api_key,Data,description,"The browser API key obtained from the Google Cloud Console under <a href=""https://console.cloud.google.com/apis/credentials"">
""APIs &amp; Services"" &gt; ""Credentials""
</a>"
Google Settings,section_break_7,Section Break,label,Google Drive Picker
Google Settings,google_drive_picker_enabled,Check,label,Google Drive Picker Enabled
Google Settings,app_id,Data,label,App ID
Google Settings,app_id,Data,description,"The project number obtained from Google Cloud Console under <a href=""https://console.cloud.google.com/iam-admin/settings"">
""IAM &amp; Admin"" &gt; ""Settings""
</a>"
Subscription Plan,plan_name,Data,label,Plan Name
Subscription Plan,currency,Link,label,Currency
Subscription Plan,item,Link,label,Item
Subscription Plan,price_determination,Select,label,Subscription Price Based On
Subscription Plan,price_determination,Select,option,Fixed Rate
Subscription Plan,price_determination,Select,option,Based On Price List
Subscription Plan,price_determination,Select,option,Monthly Rate
Subscription Plan,cost,Currency,label,Cost
Subscription Plan,price_list,Link,label,Price List
Subscription Plan,billing_interval,Select,label,Billing Interval
Subscription Plan,billing_interval,Select,option,Day
Subscription Plan,billing_interval,Select,option,Week
Subscription Plan,billing_interval,Select,option,Month
Subscription Plan,billing_interval,Select,option,Year
Subscription Plan,billing_interval_count,Int,label,Billing Interval Count
Subscription Plan,billing_interval_count,Int,description,"Number of intervals for the interval field e.g if Interval is 'Days' and Billing Interval Count is 3, invoices will be generated every 3 days"
Subscription Plan,payment_plan_section,Section Break,label,Payment Plan
Subscription Plan,product_price_id,Data,label,Product Price ID
Subscription Plan,payment_gateway,Link,label,Payment Gateway
Subscription Plan,accounting_dimensions_section,Section Break,label,Accounting Dimensions
Subscription Plan,cost_center,Link,label,Cost Center
RQ Job,job_info_section,Section Break,label,Job Info
RQ Job,job_id,Data,label,Job ID
RQ Job,job_name,Data,label,Job Name
RQ Job,queue,Select,label,Queue
RQ Job,queue,Select,option,default
RQ Job,queue,Select,option,short
RQ Job,queue,Select,option,long
RQ Job,timeout,Duration,label,Timeout
RQ Job,arguments,Code,label,Arguments
RQ Job,job_status_section,Section Break,label,Job Status
RQ Job,status,Select,label,Status
RQ Job,status,Select,option,queued
RQ Job,status,Select,option,started
RQ Job,status,Select,option,finished
RQ Job,status,Select,option,failed
RQ Job,status,Select,option,deferred
RQ Job,status,Select,option,scheduled
RQ Job,status,Select,option,canceled
RQ Job,time_taken,Duration,label,Time Taken
RQ Job,started_at,Datetime,label,Started At
RQ Job,ended_at,Datetime,label,Ended At
RQ Job,exc_info,Code,label,Exception
Permission Inspector,ref_doctype,Link,label,DocType
Permission Inspector,docname,Dynamic Link,label,Document
Permission Inspector,user,Link,label,User
Permission Inspector,permission_type,Select,label,Permission Type
Permission Inspector,permission_type,Select,option,read
Permission Inspector,permission_type,Select,option,write
Permission Inspector,permission_type,Select,option,create
Permission Inspector,permission_type,Select,option,delete
Permission Inspector,permission_type,Select,option,submit
Permission Inspector,permission_type,Select,option,cancel
Permission Inspector,permission_type,Select,option,select
Permission Inspector,permission_type,Select,option,amend
Permission Inspector,permission_type,Select,option,print
Permission Inspector,permission_type,Select,option,email
Permission Inspector,permission_type,Select,option,report
Permission Inspector,permission_type,Select,option,import
Permission Inspector,permission_type,Select,option,export
Permission Inspector,permission_type,Select,option,share
Permission Inspector,output,Code,label,Output
Asset Depreciation Schedule,asset,Link,label,Asset
Asset Depreciation Schedule,naming_series,Select,label,Naming Series
Asset Depreciation Schedule,naming_series,Select,option,ACC-ADS-.YYYY.-
Asset Depreciation Schedule,company,Link,label,Company
Asset Depreciation Schedule,gross_purchase_amount,Currency,label,Gross Purchase Amount
Asset Depreciation Schedule,opening_accumulated_depreciation,Currency,label,Opening Accumulated Depreciation
Asset Depreciation Schedule,opening_number_of_booked_depreciations,Int,label,Opening Number of Booked Depreciations
Asset Depreciation Schedule,finance_book,Link,label,Finance Book
Asset Depreciation Schedule,finance_book_id,Int,label,Finance Book Id
Asset Depreciation Schedule,depreciation_details_section,Section Break,label,Depreciation Details
Asset Depreciation Schedule,depreciation_method,Select,label,Depreciation Method
Asset Depreciation Schedule,depreciation_method,Select,option,Straight Line
Asset Depreciation Schedule,depreciation_method,Select,option,Double Declining Balance
Asset Depreciation Schedule,depreciation_method,Select,option,Written Down Value
Asset Depreciation Schedule,depreciation_method,Select,option,Manual
Asset Depreciation Schedule,total_number_of_depreciations,Int,label,Total Number of Depreciations
Asset Depreciation Schedule,rate_of_depreciation,Percent,label,Rate of Depreciation
Asset Depreciation Schedule,rate_of_depreciation,Percent,description,In Percentage
Asset Depreciation Schedule,daily_prorata_based,Check,label,Depreciate based on daily pro-rata
Asset Depreciation Schedule,shift_based,Check,label,Depreciate based on shifts
Asset Depreciation Schedule,frequency_of_depreciation,Int,label,Frequency of Depreciation (Months)
Asset Depreciation Schedule,expected_value_after_useful_life,Currency,label,Expected Value After Useful Life
Asset Depreciation Schedule,depreciation_schedule_section,Section Break,label,Depreciation Schedule
Asset Depreciation Schedule,depreciation_schedule,Table,label,Depreciation Schedule
Asset Depreciation Schedule,details_section,Section Break,label,Details
Asset Depreciation Schedule,notes,Small Text,label,Notes
Asset Depreciation Schedule,status,Select,label,Status
Asset Depreciation Schedule,status,Select,option,Draft
Asset Depreciation Schedule,status,Select,option,Active
Asset Depreciation Schedule,status,Select,option,Cancelled
Asset Depreciation Schedule,amended_from,Link,label,Amended From
Task,subject,Data,label,Subject
Task,project,Link,label,Project
Task,issue,Link,label,Issue
Task,type,Link,label,Type
Task,color,Color,label,Color
Task,is_group,Check,label,Is Group
Task,is_template,Check,label,Is Template
Task,status,Select,label,Status
Task,status,Select,option,Open
Task,status,Select,option,Working
Task,status,Select,option,Pending Review
Task,status,Select,option,Overdue
Task,status,Select,option,Template
Task,status,Select,option,Completed
Task,status,Select,option,Cancelled
Task,priority,Select,label,Priority
Task,priority,Select,option,Low
Task,priority,Select,option,Medium
Task,priority,Select,option,High
Task,priority,Select,option,Urgent
Task,task_weight,Float,label,Weight
Task,parent_task,Link,label,Parent Task
Task,completed_by,Link,label,Completed By
Task,completed_on,Date,label,Completed On
Task,sb_timeline,Section Break,label,Timeline
Task,exp_start_date,Date,label,Expected Start Date
Task,expected_time,Float,label,Expected Time (in hours)
Task,start,Int,label,Begin On (Days)
Task,exp_end_date,Date,label,Expected End Date
Task,progress,Percent,label,% Progress
Task,duration,Int,label,Duration (Days)
Task,is_milestone,Check,label,Is Milestone
Task,sb_details,Section Break,label,Details
Task,description,Text Editor,label,Task Description
Task,sb_depends_on,Section Break,label,Dependencies
Task,depends_on,Table,label,Dependent Tasks
Task,depends_on_tasks,Code,label,Depends on Tasks
Task,act_start_date,Date,label,Actual Start Date (via Timesheet)
Task,actual_time,Float,label,Actual Time in Hours (via Timesheet)
Task,act_end_date,Date,label,Actual End Date (via Timesheet)
Task,sb_costing,Section Break,label,Costing
Task,total_costing_amount,Currency,label,Total Costing Amount (via Timesheet)
Task,total_expense_claim,Currency,label,Total Expense Claim (via Expense Claim)
Task,total_billing_amount,Currency,label,Total Billable Amount (via Timesheet)
Task,sb_more_info,Section Break,label,More Info
Task,review_date,Date,label,Review Date
Task,closing_date,Date,label,Closing Date
Task,department,Link,label,Department
Task,company,Link,label,Company
Task,lft,Int,label,lft
Task,rgt,Int,label,rgt
Task,old_parent,Data,label,Old Parent
Task,template_task,Data,label,Template Task
Website Settings,home_tab,Tab Break,label,Home
Website Settings,sb0,Section Break,label,Landing Page
Website Settings,home_page,Data,label,Home Page
Website Settings,home_page,Data,description,"Link that is the website home page. Standard Links (home, login, products, blog, about, contact)"
Website Settings,title_prefix,Data,label,Title Prefix
Website Settings,title_prefix,Data,description,"Show title in browser window as ""Prefix - title"""
Website Settings,misc_section,Section Break,label,Login Page
Website Settings,app_name,Data,label,App Name
Website Settings,disable_signup,Check,label,Disable signups
Website Settings,disable_signup,Check,description,New users will have to be manually registered by system managers.
Website Settings,show_footer_on_login,Check,label,Show footer on login
Website Settings,app_logo,Attach Image,label,App Logo
Website Settings,section_break_6,Section Break,label,Theme
Website Settings,website_theme,Link,label,Website Theme
Website Settings,website_theme_image,Image,label,Website Theme Image
Website Settings,website_theme_image_link,Code,label,Website Theme image link
Website Settings,navbar_tab,Tab Break,label,Navbar
Website Settings,brand,Section Break,label,Brand
Website Settings,banner_image,Attach Image,label,Brand Image
Website Settings,banner_image,Attach Image,description,Select an image of approx width 150px with a transparent background for best results.
Website Settings,splash_image,Attach Image,label,Splash Image
Website Settings,brand_html,Code,label,Brand HTML
Website Settings,brand_html,Code,description,"Brand is what appears on the top-left of the toolbar. If it is an image, make sure it
has a transparent background and use the &lt;img /&gt; tag. Keep size as 200px x 30px"
Website Settings,set_banner_from_image,Button,label,Set Banner from Image
Website Settings,favicon,Attach,label,FavIcon
Website Settings,favicon,Attach,description,An icon file with .ico extension. Should be 16 x 16 px. Generated using a favicon generator. [favicon-generator.org]
Website Settings,top_bar,Section Break,label,Navbar
Website Settings,top_bar_items,Table,label,Top Bar Items
Website Settings,hide_login,Check,label,Hide Login
Website Settings,navbar_search,Check,label,Include Search in Top Bar
Website Settings,show_language_picker,Check,label,Show Language Picker
Website Settings,navbar_template_section,Section Break,label,Navbar Template
Website Settings,navbar_template,Link,label,Navbar Template
Website Settings,navbar_template_values,Code,label,Navbar Template Values
Website Settings,edit_navbar_template_values,Button,label,Edit Values
Website Settings,call_to_action,Data,label,Call To Action
Website Settings,call_to_action_url,Data,label,Call To Action URL
Website Settings,banner,Section Break,label,Banner
Website Settings,banner_html,Code,label,Banner HTML
Website Settings,banner_html,Code,description,Banner is above the Top Menu Bar.
Website Settings,footer_tab,Tab Break,label,Footer
Website Settings,footer,Section Break,label,Footer Items
Website Settings,footer_items,Table,label,Footer Items
Website Settings,footer_details_section,Section Break,label,Footer Details
Website Settings,copyright,Data,label,Copyright
Website Settings,footer_logo,Attach Image,label,Footer Logo
Website Settings,hide_footer_signup,Check,label,Hide footer signup
Website Settings,address,Small Text,label,Address
Website Settings,address,Small Text,description,Address and other legal information you may want to put in the footer.
Website Settings,footer_powered,Small Text,label,"Footer ""Powered By"""
Website Settings,custom_footer_section,Section Break,label,Custom Footer
Website Settings,footer_template,Link,label,Footer Template
Website Settings,footer_template_values,Code,label,Footer Template Values
Website Settings,edit_footer_template_values,Button,label,Edit Values
Website Settings,integrations,Tab Break,label,Integrations
Website Settings,analytics_section,Section Break,label,Analytics
Website Settings,enable_view_tracking,Check,label,Enable in-app website tracking
Website Settings,enable_google_indexing,Check,label,Enable Google indexing
Website Settings,enable_google_indexing,Check,description,"To use Google Indexing, enable <a href=""/app/google-settings"">Google Settings</a>."
Website Settings,authorize_api_indexing_access,Button,label,Authorize API Indexing  Access
Website Settings,indexing_refresh_token,Data,label,Indexing refresh token
Website Settings,indexing_authorization_code,Data,label,Indexing authorization code
Website Settings,google_analytics_id,Data,label,Google Analytics ID
Website Settings,google_analytics_anonymize_ip,Check,label,Google Analytics anonymise IP
Website Settings,account_deletion_settings_section,Section Break,label,Account Deletion Settings
Website Settings,auto_account_deletion,Int,label,Automatically delete account within (hours)
Website Settings,show_account_deletion_link,Check,label,Show account deletion link in My Account page
Website Settings,section_break_38,Tab Break,label,"Header, Robots"
Website Settings,subdomain,Small Text,label,Subdomain
Website Settings,subdomain,Small Text,description,Sub-domain provided by erpnext.com
Website Settings,head_html,Code,label,&lt;head&gt; HTML
Website Settings,head_html,Code,description,"Added HTML in the &lt;head&gt; section of the web page, primarily used for website verification and SEO"
Website Settings,robots_txt,Code,label,Robots.txt
Website Settings,redirects_tab,Tab Break,label,Redirects
Website Settings,route_redirects,Table,label,Route Redirects
Help Article,title,Data,label,Title
Help Article,category,Link,label,Category
Help Article,published,Check,label,Published
Help Article,author,Data,label,Author
Help Article,level,Select,label,Level
Help Article,level,Select,option,Beginner
Help Article,level,Select,option,Intermediate
Help Article,level,Select,option,Expert
Help Article,content,Text Editor,label,Content
Help Article,likes,Int,label,Likes
Help Article,route,Data,label,Route
Help Article,helpful,Int,label,Helpful
Help Article,not_helpful,Int,label,Not Helpful
Interview Feedback,details_section,Section Break,label,Details
Interview Feedback,interview,Link,label,Interview
Interview Feedback,interview_round,Link,label,Interview Round
Interview Feedback,job_applicant,Link,label,Job Applicant
Interview Feedback,interviewer,Link,label,Interviewer
Interview Feedback,result,Select,label,Result
Interview Feedback,result,Select,option,Cleared
Interview Feedback,result,Select,option,Rejected
Interview Feedback,section_break_4,Section Break,label,Skill Assessment
Interview Feedback,average_rating,Rating,label,Average Rating
Interview Feedback,section_break_7,Section Break,label,Feedback
Interview Feedback,amended_from,Link,label,Amended From
Interview,interview_details_section,Section Break,label,Details
Interview,interview_round,Link,label,Interview Round
Interview,job_applicant,Link,label,Job Applicant
Interview,job_opening,Link,label,Job Opening
Interview,designation,Link,label,Designation
Interview,resume_link,Data,label,Resume link
Interview,status,Select,label,Status
Interview,status,Select,option,Pending
Interview,status,Select,option,Under Review
Interview,status,Select,option,Cleared
Interview,status,Select,option,Rejected
Interview,scheduled_on,Date,label,Scheduled On
Interview,from_time,Time,label,From Time
Interview,to_time,Time,label,To Time
Interview,interview_details,Table,label,Interviewers
Interview,ratings_section,Section Break,label,Ratings
Interview,expected_average_rating,Rating,label,Expected Average Rating
Interview,average_rating,Rating,label,Obtained Average Rating
Interview,section_break_13,Section Break,label,Interview Summary
Interview,reminded,Check,label,Reminded
Interview,amended_from,Link,label,Amended From
Interview,feedback_tab,Tab Break,label,Feedback
Interview,feedback_html,HTML,label,Feedback HTML
Job Offer Term Template,title,Data,label,Title
Job Offer Term Template,offer_terms,Table,label,Offer Terms
Subscription,party_type,Link,label,Party Type
Subscription,party,Dynamic Link,label,Party
Subscription,company,Link,label,Company
Subscription,status,Select,label,Status
Subscription,status,Select,option,Trialling
Subscription,status,Select,option,Active
Subscription,status,Select,option,Past Due Date
Subscription,status,Select,option,Cancelled
Subscription,status,Select,option,Unpaid
Subscription,status,Select,option,Completed
Subscription,subscription_period,Section Break,label,Subscription Period
Subscription,start_date,Date,label,Subscription Start Date
Subscription,end_date,Date,label,Subscription End Date
Subscription,cancelation_date,Date,label,Cancelation Date
Subscription,trial_period_start,Date,label,Trial Period Start Date
Subscription,trial_period_end,Date,label,Trial Period End Date
Subscription,follow_calendar_months,Check,label,Follow Calendar Months
Subscription,follow_calendar_months,Check,description,If this is checked subsequent new invoices will be created on calendar  month and quarter start dates irrespective of current invoice start date
Subscription,generate_new_invoices_past_due_date,Check,label,Generate New Invoices Past Due Date
Subscription,generate_new_invoices_past_due_date,Check,description,New invoices will be generated as per schedule even if current invoices are unpaid or past due date
Subscription,submit_invoice,Check,label,Submit Generated Invoices
Subscription,current_invoice_start,Date,label,Current Invoice Start Date
Subscription,current_invoice_end,Date,label,Current Invoice End Date
Subscription,days_until_due,Int,label,Days Until Due
Subscription,days_until_due,Int,description,Number of days that the subscriber has to pay invoices generated by this subscription
Subscription,generate_invoice_at,Select,label,Generate Invoice At
Subscription,generate_invoice_at,Select,option,End of the current subscription period
Subscription,generate_invoice_at,Select,option,Beginning of the current subscription period
Subscription,generate_invoice_at,Select,option,Days before the current subscription period
Subscription,number_of_days,Int,label,Number of Days
Subscription,cancel_at_period_end,Check,label,Cancel At End Of Period
Subscription,sb_4,Section Break,label,Plans
Subscription,plans,Table,label,Plans
Subscription,sb_1,Section Break,label,Taxes
Subscription,sales_tax_template,Link,label,Sales Taxes and Charges Template
Subscription,purchase_tax_template,Link,label,Purchase Taxes and Charges Template
Subscription,sb_2,Section Break,label,Discounts
Subscription,apply_additional_discount,Select,label,Apply Additional Discount On
Subscription,apply_additional_discount,Select,option,Grand Total
Subscription,apply_additional_discount,Select,option,Net Total
Subscription,additional_discount_percentage,Percent,label,Additional Discount Percentage
Subscription,additional_discount_amount,Currency,label,Additional Discount Amount
Subscription,accounting_dimensions_section,Section Break,label,Accounting Dimensions
Subscription,cost_center,Link,label,Cost Center
Cashier Closing,naming_series,Select,label,Series
Cashier Closing,naming_series,Select,option,POS-CLO-
Cashier Closing,user,Link,label,User
Cashier Closing,date,Date,label,Date
Cashier Closing,from_time,Time,label,From Time
Cashier Closing,time,Time,label,To Time
Cashier Closing,expense,Float,label,Expense
Cashier Closing,custody,Float,label,Custody
Cashier Closing,returns,Float,label,Returns
Cashier Closing,outstanding_amount,Float,label,Outstanding Amount
Cashier Closing,payments,Table,label,Payments
Cashier Closing,net_amount,Float,label,Net Amount
Cashier Closing,amended_from,Link,label,Amended From
Attendance Request,employee,Link,label,Employee
Attendance Request,employee_name,Data,label,Employee Name
Attendance Request,department,Link,label,Department
Attendance Request,company,Link,label,Company
Attendance Request,from_date,Date,label,From Date
Attendance Request,to_date,Date,label,To Date
Attendance Request,half_day,Check,label,Half Day
Attendance Request,half_day_date,Date,label,Half Day Date
Attendance Request,include_holidays,Check,label,Include Holidays
Attendance Request,shift,Link,label,Shift
Attendance Request,shift,Link,description,Note: Shift will not be overwritten in existing attendance records
Attendance Request,reason_section,Section Break,label,Reason
Attendance Request,reason,Select,label,Reason
Attendance Request,reason,Select,option,Work From Home
Attendance Request,reason,Select,option,On Duty
Attendance Request,explanation,Small Text,label,Explanation
Attendance Request,amended_from,Link,label,Amended From
Web Template,type,Select,label,Type
Web Template,type,Select,option,Component
Web Template,type,Select,option,Section
Web Template,type,Select,option,Navbar
Web Template,type,Select,option,Footer
Web Template,standard,Check,label,Standard
Web Template,module,Link,label,Module
Web Template,template,Code,label,Template
Web Template,fields,Table,label,Fields
Email Template,subject,Data,label,Subject
Email Template,use_html,Check,label,Use HTML
Email Template,response_html,Code,label,Response
Email Template,response,Text Editor,label,Response
Email Template,email_reply_help,HTML,label,Email Reply Help
Email Template,email_reply_help,HTML,option,<h4>Email Reply Example</h4>
Email Template,email_reply_help,HTML,option,<pre>Order Overdue
Email Template,email_reply_help,HTML,option,Transaction {{ name }} has exceeded Due Date. Please take necessary action.
Email Template,email_reply_help,HTML,option,Details
Email Template,email_reply_help,HTML,option,- Customer: {{ customer }}
Email Template,email_reply_help,HTML,option,- Amount: {{ grand_total }}
Email Template,email_reply_help,HTML,option,</pre>
Email Template,email_reply_help,HTML,option,<h4>How to get fieldnames</h4>
Email Template,email_reply_help,HTML,option,<p>The fieldnames you can use in your email template are the fields in the document from which you are sending the email. You can find out the fields of any documents via Setup &gt; Customize Form View and selecting the document type (e.g. Sales Invoice)</p>
Email Template,email_reply_help,HTML,option,<h4>Templating</h4>
Email Template,email_reply_help,HTML,option,"<p>Templates are compiled using the Jinja Templating Language. To learn more about Jinja, <a class=""strong"" href=""http://jinja.pocoo.org/docs/dev/templates/"">read this documentation.</a></p>"
Note,title,Data,label,Title
Note,public,Check,label,Public
Note,notify_on_login,Check,label,Notify users with a popup when they log in
Note,notify_on_every_login,Check,label,Notify Users On Every Login
Note,notify_on_every_login,Check,description,"If enabled, users will be notified every time they login. If not enabled, users will only be notified once."
Note,expire_notification_on,Date,label,Expire Notification On
Note,content,Text Editor,label,Content
Note,content,Text Editor,description,"Help: To link to another record in the system, use ""/app/note/[Note Name]"" as the Link URL. (don't use ""http://"")"
Note,seen_by_section,Section Break,label,Seen By
Note,seen_by,Table,label,Seen By Table
Page,system_page,Check,label,System Page
Page,page_html,Section Break,label,Page HTML
Page,page_name,Data,label,Page Name
Page,title,Data,label,Title
Page,icon,Data,label,icon
Page,module,Link,label,Module
Page,restrict_to_domain,Link,label,Restrict To Domain
Page,standard,Select,label,Standard
Page,standard,Select,option,Yes
Page,standard,Select,option,No
Page,roles,Table,label,Roles
Contact,contact_section,Section Break,option,fa fa-user
Contact,first_name,Data,label,First Name
Contact,middle_name,Data,label,Middle Name
Contact,last_name,Data,label,Last Name
Contact,full_name,Data,label,Full Name
Contact,email_id,Data,label,Email Address
Contact,user,Link,label,User Id
Contact,address,Link,label,Address
Contact,sync_with_google_contacts,Check,label,Sync with Google Contacts
Contact,status,Select,label,Status
Contact,status,Select,option,Passive
Contact,status,Select,option,Open
Contact,status,Select,option,Replied
Contact,salutation,Link,label,Salutation
Contact,designation,Data,label,Designation
Contact,gender,Link,label,Gender
Contact,phone,Data,label,Phone
Contact,mobile_no,Data,label,Mobile No
Contact,company_name,Data,label,Company Name
Contact,image,Attach Image,label,Image
Contact,sb_00,Section Break,label,Google Contacts
Contact,google_contacts,Link,label,Google Contacts
Contact,google_contacts_id,Data,label,Google Contacts Id
Contact,pulled_from_google_contacts,Check,label,Pulled from Google Contacts
Contact,sb_01,Section Break,label,Contact Details
Contact,email_ids,Table,label,Email IDs
Contact,phone_nos,Table,label,Contact Numbers
Contact,contact_details,Section Break,label,Reference
Contact,contact_details,Section Break,option,fa fa-pushpin
Contact,links,Table,label,Links
Contact,is_primary_contact,Check,label,Is Primary Contact
Contact,is_billing_contact,Check,label,Is Billing Contact
Contact,more_info,Section Break,label,More Information
Contact,more_info,Section Break,option,fa fa-file-text
Contact,department,Data,label,Department
Contact,unsubscribed,Check,label,Unsubscribed
Workflow,,DocType,doctype_description,Defines workflow states and rules for a document.
Workflow,workflow_name,Data,label,Workflow Name
Workflow,document_type,Link,label,Document Type
Workflow,document_type,Link,description,DocType on which this Workflow is applicable.
Workflow,is_active,Check,label,Is Active
Workflow,is_active,Check,description,"If checked, all other workflows become inactive."
Workflow,override_status,Check,label,Don't Override Status
Workflow,override_status,Check,description,If Checked workflow status will not override status in list view
Workflow,send_email_alert,Check,label,Send Email Alert
Workflow,send_email_alert,Check,description,Emails will be sent with next possible workflow actions
Workflow,states_head,Section Break,label,States
Workflow,states_head,Section Break,description,"Different ""States"" this document can exist in. Like ""Open"", ""Pending Approval"" etc."
Workflow,states,Table,label,Document States
Workflow,states,Table,description,"All possible Workflow States and roles of the workflow. Docstatus Options: 0 is ""Saved"", 1 is ""Submitted"" and 2 is ""Cancelled"""
Workflow,transition_rules,Section Break,label,Transition Rules
Workflow,transition_rules,Section Break,description,"Rules for how states are transitions, like next state and which role is allowed to change state etc."
Workflow,transitions,Table,label,Transitions
Workflow,transitions,Table,description,Rules defining transition of state in the workflow.
Workflow,workflow_state_field,Data,label,Workflow State Field
Workflow,workflow_state_field,Data,description,"Field that represents the Workflow State of the transaction (if field is not present, a new hidden Custom Field will be created)"
Workflow,workflow_data,JSON,label,Workflow Data
Error Log,seen,Check,label,Seen
Error Log,reference_doctype,Link,label,Reference DocType
Error Log,reference_name,Data,label,Reference Name
Error Log,method,Data,label,Title
Error Log,error,Code,label,Error
Error Log,trace_id,Data,label,Trace ID
Milestone,reference_type,Link,label,Document Type
Milestone,reference_name,Data,label,Document
Milestone,track_field,Data,label,Track Field
Milestone,value,Data,label,Value
Milestone,milestone_tracker,Link,label,Milestone Tracker
Module Def,module_name,Data,label,Module Name
Module Def,custom,Check,label,Custom
Module Def,package,Link,label,Package
Module Def,app_name,Select,label,App Name
Module Def,restrict_to_domain,Link,label,Restrict To Domain
Module Def,connections_tab,Tab Break,label,Connections
Google Drive,enable,Check,label,Enable
Google Drive,google_drive_section,Section Break,label,Google Drive
Google Drive,backup_folder_name,Data,label,Backup Folder Name
Google Drive,frequency,Select,label,Frequency
Google Drive,frequency,Select,option,Daily
Google Drive,frequency,Select,option,Weekly
Google Drive,email,Data,label,Send Notification To
Google Drive,send_email_for_successful_backup,Check,label,Send Email for Successful backup
Google Drive,send_email_for_successful_backup,Check,description,Note: By default emails for failed backups are sent.
Google Drive,file_backup,Check,label,File Backup
Google Drive,authorize_google_drive_access,Button,label,Authorize Google Drive Access
Google Drive,backup_folder_id,Data,label,Backup Folder ID
Google Drive,last_backup_on,Datetime,label,Last Backup On
Google Drive,refresh_token,Data,label,Refresh Token
Google Drive,authorization_code,Data,label,Authorization Code
Client Script,,DocType,doctype_description,Adds a custom client script to a DocType
Client Script,dt,Link,label,DocType
Client Script,view,Select,label,Apply To
Client Script,view,Select,option,List
Client Script,view,Select,option,Form
Client Script,module,Link,label,Module (for export)
Client Script,enabled,Check,label,Enabled
Client Script,script,Code,label,Script
Client Script,sample,HTML,label,Sample
Workflow State,,DocType,doctype_description,Workflow state represents the current state of a document.
Workflow State,workflow_state_name,Data,label,State
Workflow State,icon,Select,label,Icon
Workflow State,icon,Select,description,Icon will appear on the button
Workflow State,icon,Select,option,glass
Workflow State,icon,Select,option,music
Workflow State,icon,Select,option,search
Workflow State,icon,Select,option,envelope
Workflow State,icon,Select,option,heart
Workflow State,icon,Select,option,star
Workflow State,icon,Select,option,star-empty
Workflow State,icon,Select,option,user
Workflow State,icon,Select,option,film
Workflow State,icon,Select,option,th-large
Workflow State,icon,Select,option,th
Workflow State,icon,Select,option,th-list
Workflow State,icon,Select,option,ok
Workflow State,icon,Select,option,remove
Workflow State,icon,Select,option,zoom-in
Workflow State,icon,Select,option,zoom-out
Workflow State,icon,Select,option,off
Workflow State,icon,Select,option,signal
Workflow State,icon,Select,option,cog
Workflow State,icon,Select,option,trash
Workflow State,icon,Select,option,home
Workflow State,icon,Select,option,file
Workflow State,icon,Select,option,time
Workflow State,icon,Select,option,road
Workflow State,icon,Select,option,download-alt
Workflow State,icon,Select,option,download
Workflow State,icon,Select,option,upload
Workflow State,icon,Select,option,inbox
Workflow State,icon,Select,option,play-circle
Workflow State,icon,Select,option,repeat
Workflow State,icon,Select,option,refresh
Workflow State,icon,Select,option,list-alt
Workflow State,icon,Select,option,lock
Workflow State,icon,Select,option,flag
Workflow State,icon,Select,option,headphones
Workflow State,icon,Select,option,volume-off
Workflow State,icon,Select,option,volume-down
Workflow State,icon,Select,option,volume-up
Workflow State,icon,Select,option,qrcode
Workflow State,icon,Select,option,barcode
Workflow State,icon,Select,option,tag
Workflow State,icon,Select,option,tags
Workflow State,icon,Select,option,book
Workflow State,icon,Select,option,bookmark
Workflow State,icon,Select,option,print
Workflow State,icon,Select,option,camera
Workflow State,icon,Select,option,font
Workflow State,icon,Select,option,bold
Workflow State,icon,Select,option,italic
Workflow State,icon,Select,option,text-height
Workflow State,icon,Select,option,text-width
Workflow State,icon,Select,option,align-left
Workflow State,icon,Select,option,align-center
Workflow State,icon,Select,option,align-right
Workflow State,icon,Select,option,align-justify
Workflow State,icon,Select,option,list
Workflow State,icon,Select,option,indent-left
Workflow State,icon,Select,option,indent-right
Workflow State,icon,Select,option,facetime-video
Workflow State,icon,Select,option,picture
Workflow State,icon,Select,option,pencil
Workflow State,icon,Select,option,map-marker
Workflow State,icon,Select,option,adjust
Workflow State,icon,Select,option,tint
Workflow State,icon,Select,option,edit
Workflow State,icon,Select,option,share
Workflow State,icon,Select,option,check
Workflow State,icon,Select,option,move
Workflow State,icon,Select,option,step-backward
Workflow State,icon,Select,option,fast-backward
Workflow State,icon,Select,option,backward
Workflow State,icon,Select,option,play
Workflow State,icon,Select,option,pause
Workflow State,icon,Select,option,stop
Workflow State,icon,Select,option,forward
Workflow State,icon,Select,option,fast-forward
Workflow State,icon,Select,option,step-forward
Workflow State,icon,Select,option,eject
Workflow State,icon,Select,option,chevron-left
Workflow State,icon,Select,option,chevron-right
Workflow State,icon,Select,option,plus-sign
Workflow State,icon,Select,option,minus-sign
Workflow State,icon,Select,option,remove-sign
Workflow State,icon,Select,option,ok-sign
Workflow State,icon,Select,option,question-sign
Workflow State,icon,Select,option,info-sign
Workflow State,icon,Select,option,screenshot
Workflow State,icon,Select,option,remove-circle
Workflow State,icon,Select,option,ok-circle
Workflow State,icon,Select,option,ban-circle
Workflow State,icon,Select,option,arrow-left
Workflow State,icon,Select,option,arrow-right
Workflow State,icon,Select,option,arrow-up
Workflow State,icon,Select,option,arrow-down
Workflow State,icon,Select,option,share-alt
Workflow State,icon,Select,option,resize-full
Workflow State,icon,Select,option,resize-small
Workflow State,icon,Select,option,plus
Workflow State,icon,Select,option,minus
Workflow State,icon,Select,option,asterisk
Workflow State,icon,Select,option,exclamation-sign
Workflow State,icon,Select,option,gift
Workflow State,icon,Select,option,leaf
Workflow State,icon,Select,option,fire
Workflow State,icon,Select,option,eye-open
Workflow State,icon,Select,option,eye-close
Workflow State,icon,Select,option,warning-sign
Workflow State,icon,Select,option,plane
Workflow State,icon,Select,option,calendar
Workflow State,icon,Select,option,random
Workflow State,icon,Select,option,comment
Workflow State,icon,Select,option,magnet
Workflow State,icon,Select,option,chevron-up
Workflow State,icon,Select,option,chevron-down
Workflow State,icon,Select,option,retweet
Workflow State,icon,Select,option,shopping-cart
Workflow State,icon,Select,option,folder-close
Workflow State,icon,Select,option,folder-open
Workflow State,icon,Select,option,resize-vertical
Workflow State,icon,Select,option,resize-horizontal
Workflow State,icon,Select,option,hdd
Workflow State,icon,Select,option,bullhorn
Workflow State,icon,Select,option,bell
Workflow State,icon,Select,option,certificate
Workflow State,icon,Select,option,thumbs-up
Workflow State,icon,Select,option,thumbs-down
Workflow State,icon,Select,option,hand-right
Workflow State,icon,Select,option,hand-left
Workflow State,icon,Select,option,hand-up
Workflow State,icon,Select,option,hand-down
Workflow State,icon,Select,option,circle-arrow-right
Workflow State,icon,Select,option,circle-arrow-left
Workflow State,icon,Select,option,circle-arrow-up
Workflow State,icon,Select,option,circle-arrow-down
Workflow State,icon,Select,option,globe
Workflow State,icon,Select,option,wrench
Workflow State,icon,Select,option,tasks
Workflow State,icon,Select,option,filter
Workflow State,icon,Select,option,briefcase
Workflow State,icon,Select,option,fullscreen
Workflow State,style,Select,label,Style
Workflow State,style,Select,description,"Style represents the button color: Success - Green, Danger - Red, Inverse - Black, Primary - Dark Blue, Info - Light Blue, Warning - Orange"
Workflow State,style,Select,option,Primary
Workflow State,style,Select,option,Info
Workflow State,style,Select,option,Success
Workflow State,style,Select,option,Warning
Workflow State,style,Select,option,Danger
Workflow State,style,Select,option,Inverse
Google Contacts,enable,Check,label,Enable
Google Contacts,sb_00,Section Break,label,Google Contacts
Google Contacts,email_id,Data,label,Email Address
Google Contacts,email_id,Data,description,Email Address whose Google Contacts are to be synced.
Google Contacts,authorize_google_contacts_access,Button,label,Authorize Google Contacts Access
Google Contacts,last_sync_on,Datetime,label,Last Sync On
Google Contacts,authorization_code,Password,label,Authorization Code
Google Contacts,refresh_token,Password,label,Refresh Token
Google Contacts,next_sync_token,Password,label,Next Sync Token
Google Contacts,sync,Section Break,label,Sync
Google Contacts,pull_from_google_contacts,Check,label,Pull from Google Contacts
Google Contacts,push_to_google_contacts,Check,label,Push to Google Contacts
Milestone Tracker,,DocType,doctype_description,Track milestones for any document
Milestone Tracker,document_type,Link,label,Document Type to Track
Milestone Tracker,track_field,Select,label,Field to Track
Milestone Tracker,disabled,Check,label,Disabled
Route History,route,Data,label,Route
Route History,user,Link,label,User
Bisect Nodes,root,Link,label,Root
Bisect Nodes,left_child,Link,label,Left Child
Bisect Nodes,right_child,Link,label,Right Child
Bisect Nodes,period_from_date,Datetime,label,Period_from_date
Bisect Nodes,period_to_date,Datetime,label,Period To Date
Bisect Nodes,difference,Float,label,Difference
Bisect Nodes,balance_sheet_summary,Float,label,Balance Sheet Summary
Bisect Nodes,profit_loss_summary,Float,label,Profit and Loss Summary
Bisect Nodes,generated,Check,label,Generated
Bisect Accounting Statements,company,Link,label,Company
Bisect Accounting Statements,from_date,Datetime,label,From Date
Bisect Accounting Statements,to_date,Datetime,label,To Date
Bisect Accounting Statements,algorithm,Select,label,Algorithm
Bisect Accounting Statements,algorithm,Select,option,BFS
Bisect Accounting Statements,algorithm,Select,option,DFS
Bisect Accounting Statements,current_node,Link,label,Current Node
Bisect Accounting Statements,bisect_heatmap,HTML,label,Heatmap
Bisect Accounting Statements,bisecting_from,Heading,label,Bisecting From
Bisect Accounting Statements,bisecting_to,Heading,label,Bisecting To
Bisect Accounting Statements,heading_cppb,Heading,label,Profit and Loss Summary
Bisect Accounting Statements,balance_sheet_summary,Heading,label,Balance Sheet Summary
Bisect Accounting Statements,difference_heading,Heading,label,Difference
Notification Settings,enabled,Check,label,Enabled
Notification Settings,subscribed_documents,Table MultiSelect,label,Open Documents
Notification Settings,column_break_3,Section Break,label,Email Settings
Notification Settings,enable_email_notifications,Check,label,Enable Email Notifications
Notification Settings,enable_email_mention,Check,label,Mentions
Notification Settings,enable_email_assignment,Check,label,Assignments
Notification Settings,enable_email_threads_on_assigned_document,Check,label,Email Threads on Assigned Document
Notification Settings,enable_email_threads_on_assigned_document,Check,description,Get notified when an email is received on any of the documents assigned to you.
Notification Settings,enable_email_energy_point,Check,label,Energy Points
Notification Settings,enable_email_share,Check,label,Document Share
Notification Settings,enable_email_event_reminders,Check,label,Event Reminders
Notification Settings,user,Link,label,User
Notification Settings,seen,Check,label,Seen
Notification Settings,system_notifications_section,Section Break,label,System Notifications
Notification Settings,energy_points_system_notifications,Check,label,Energy Points
Asset Shift Allocation,asset,Link,label,Asset
Asset Shift Allocation,naming_series,Select,label,Naming Series
Asset Shift Allocation,naming_series,Select,option,ACC-ASA-.YYYY.-
Asset Shift Allocation,finance_book,Link,label,Finance Book
Asset Shift Allocation,amended_from,Link,label,Amended From
Asset Shift Allocation,depreciation_schedule_section,Section Break,label,Depreciation Schedule
Asset Shift Allocation,depreciation_schedule,Table,label,Depreciation Schedule
Asset Shift Factor,shift_name,Data,label,Shift Name
Asset Shift Factor,shift_factor,Float,label,Shift Factor
Asset Shift Factor,default,Check,label,Default
Warranty Claim,naming_series,Select,label,Series
Warranty Claim,naming_series,Select,option,SER-WRN-.YYYY.-
Warranty Claim,status,Select,label,Status
Warranty Claim,status,Select,option,Open
Warranty Claim,status,Select,option,Closed
Warranty Claim,status,Select,option,Work In Progress
Warranty Claim,status,Select,option,Cancelled
Warranty Claim,complaint_date,Date,label,Issue Date
Warranty Claim,customer,Link,label,Customer
Warranty Claim,serial_no,Link,label,Serial No
Warranty Claim,complaint,Text Editor,label,Issue
Warranty Claim,issue_details,Section Break,label,Item and Warranty Details
Warranty Claim,issue_details,Section Break,option,fa fa-ticket
Warranty Claim,item_code,Link,label,Item Code
Warranty Claim,item_name,Data,label,Item Name
Warranty Claim,description,Small Text,label,Description
Warranty Claim,warranty_amc_status,Select,label,Warranty / AMC Status
Warranty Claim,warranty_amc_status,Select,option,Under Warranty
Warranty Claim,warranty_amc_status,Select,option,Out of Warranty
Warranty Claim,warranty_amc_status,Select,option,Under AMC
Warranty Claim,warranty_amc_status,Select,option,Out of AMC
Warranty Claim,warranty_expiry_date,Date,label,Warranty Expiry Date
Warranty Claim,amc_expiry_date,Date,label,AMC Expiry Date
Warranty Claim,resolution_section,Section Break,label,Resolution
Warranty Claim,resolution_section,Section Break,option,fa fa-thumbs-up
Warranty Claim,resolution_date,Datetime,label,Resolution Date
Warranty Claim,resolved_by,Link,label,Resolved By
Warranty Claim,resolution_details,Text,label,Resolution Details
Warranty Claim,contact_info,Section Break,label,Customer Details
Warranty Claim,contact_info,Section Break,option,fa fa-bullhorn
Warranty Claim,customer_name,Data,label,Customer Name
Warranty Claim,contact_person,Link,label,Contact Person
Warranty Claim,contact_display,Small Text,label,Contact
Warranty Claim,contact_mobile,Data,label,Mobile No
Warranty Claim,contact_email,Data,label,Contact Email
Warranty Claim,territory,Link,label,Territory
Warranty Claim,customer_group,Link,label,Customer Group
Warranty Claim,customer_address,Link,label,Customer Address
Warranty Claim,address_display,Small Text,label,Address
Warranty Claim,service_address,Small Text,label,Service Address
Warranty Claim,service_address,Small Text,description,If different than customer address
Warranty Claim,more_info,Section Break,label,More Information
Warranty Claim,more_info,Section Break,option,fa fa-file-text
Warranty Claim,company,Link,label,Company
Warranty Claim,complaint_raised_by,Data,label,Raised By
Warranty Claim,from_company,Data,label,From Company
Warranty Claim,amended_from,Link,label,Amended From
Grievance Type,description,Text,label,Description
Email Group Member,email_group,Link,label,Email Group
Email Group Member,email,Data,label,Email
Email Group Member,unsubscribed,Check,label,Unsubscribed
Email Group,title,Data,label,Title
Email Group,total_subscribers,Int,label,Total Subscribers
Email Group,sign_up_and_confirmation_section,Section Break,label,Sign Up and Confirmation
Email Group,confirmation_email_template,Link,label,Confirmation Email Template
Email Group,welcome_email_template,Link,label,Welcome Email Template
Email Group,welcome_url,Data,label,Welcome URL
Email Group,welcome_url,Data,description,Redirect to this URL after successful confirmation.
Email Group,add_query_parameters,Check,label,Add Query Parameters
PWA Notification,to_user,Link,label,To User
PWA Notification,from_user,Link,label,From User
PWA Notification,message,Text Editor,label,Message
PWA Notification,read,Check,label,Read
PWA Notification,reference_document_type,Link,label,Reference Document Type
PWA Notification,reference_document_name,Data,label,Reference Document Name
Address,address_details,Section Break,option,fa fa-map-marker
Address,address_title,Data,label,Address Title
Address,address_type,Select,label,Address Type
Address,address_type,Select,option,Billing
Address,address_type,Select,option,Shipping
Address,address_type,Select,option,Office
Address,address_type,Select,option,Personal
Address,address_type,Select,option,Plant
Address,address_type,Select,option,Postal
Address,address_type,Select,option,Shop
Address,address_type,Select,option,Subsidiary
Address,address_type,Select,option,Warehouse
Address,address_type,Select,option,Current
Address,address_type,Select,option,Permanent
Address,address_type,Select,option,Other
Address,address_line1,Data,label,Address Line 1
Address,address_line2,Data,label,Address Line 2
Address,city,Data,label,City/Town
Address,county,Data,label,County
Address,state,Data,label,State/Province
Address,country,Link,label,Country
Address,pincode,Data,label,Postal Code
Address,email_id,Data,label,Email Address
Address,phone,Data,label,Phone
Address,fax,Data,label,Fax
Address,tax_category,Link,label,Tax Category
Address,is_primary_address,Check,label,Preferred Billing Address
Address,is_shipping_address,Check,label,Preferred Shipping Address
Address,disabled,Check,label,Disabled
Address,linked_with,Section Break,label,Reference
Address,linked_with,Section Break,option,fa fa-pushpin
Address,is_your_company_address,Check,label,Is Your Company Address
Address,links,Table,label,Links
Leave Ledger Entry,employee,Link,label,Employee
Leave Ledger Entry,employee_name,Data,label,Employee Name
Leave Ledger Entry,leave_type,Link,label,Leave Type
Leave Ledger Entry,transaction_type,Link,label,Transaction Type
Leave Ledger Entry,transaction_name,Dynamic Link,label,Transaction Name
Leave Ledger Entry,company,Link,label,Company
Leave Ledger Entry,leaves,Float,label,Leaves
Leave Ledger Entry,from_date,Date,label,From Date
Leave Ledger Entry,to_date,Date,label,To Date
Leave Ledger Entry,holiday_list,Link,label,Holiday List
Leave Ledger Entry,is_carry_forward,Check,label,Is Carry Forward
Leave Ledger Entry,is_expired,Check,label,Is Expired
Leave Ledger Entry,is_lwp,Check,label,Is Leave Without Pay
Leave Ledger Entry,amended_from,Link,label,Amended From
Bulk Transaction Log,date,Date,label,Date
Bulk Transaction Log,log_entries,Int,label,Log Entries
Bulk Transaction Log,succeeded,Int,label,Succeeded
Bulk Transaction Log,failed,Int,label,Failed
Bulk Transaction Log Detail,from_doctype,Link,label,From Doctype
Bulk Transaction Log Detail,transaction_name,Dynamic Link,label,Name
Bulk Transaction Log Detail,date,Date,label,Date
Bulk Transaction Log Detail,time,Time,label,Time
Bulk Transaction Log Detail,transaction_status,Data,label,Status
Bulk Transaction Log Detail,error_description,Long Text,label,Error Description
Bulk Transaction Log Detail,to_doctype,Link,label,To Doctype
Bulk Transaction Log Detail,retried,Int,label,Retried
Batch,disabled,Check,label,Disabled
Batch,use_batchwise_valuation,Check,label,Use Batch-wise Valuation
Batch,sb_batch,Section Break,label,Batch Details
Batch,batch_id,Data,label,Batch ID
Batch,item,Link,label,Item
Batch,item_name,Data,label,Item Name
Batch,image,Attach Image,label,image
Batch,parent_batch,Link,label,Parent Batch
Batch,manufacturing_date,Date,label,Manufacturing Date
Batch,batch_qty,Float,label,Batch Quantity
Batch,stock_uom,Link,label,Batch UOM
Batch,expiry_date,Date,label,Expiry Date
Batch,source,Section Break,label,Source
Batch,supplier,Link,label,Supplier
Batch,reference_doctype,Link,label,Source Document Type
Batch,reference_name,Dynamic Link,label,Source Document Name
Batch,description,Small Text,label,Batch Description
Batch,manufacturing_section,Section Break,label,Manufacturing
Batch,qty_to_produce,Float,label,Qty To Produce
Batch,produced_qty,Float,label,Produced Qty
Scheduled Job Log,status,Select,label,Status
Scheduled Job Log,status,Select,option,Scheduled
Scheduled Job Log,status,Select,option,Complete
Scheduled Job Log,status,Select,option,Failed
Scheduled Job Log,scheduled_job_type,Link,label,Scheduled Job
Scheduled Job Log,details,Code,label,Details
Scheduled Job Log,debug_log,Code,label,Debug Log
Payment Ledger Entry,posting_date,Date,label,Posting Date
Payment Ledger Entry,company,Link,label,Company
Payment Ledger Entry,account_type,Select,label,Account Type
Payment Ledger Entry,account_type,Select,option,Receivable
Payment Ledger Entry,account_type,Select,option,Payable
Payment Ledger Entry,account,Link,label,Account
Payment Ledger Entry,party_type,Link,label,Party Type
Payment Ledger Entry,party,Dynamic Link,label,Party
Payment Ledger Entry,due_date,Date,label,Due Date
Payment Ledger Entry,voucher_detail_no,Data,label,Voucher Detail No
Payment Ledger Entry,cost_center,Link,label,Cost Center
Payment Ledger Entry,finance_book,Link,label,Finance Book
Payment Ledger Entry,voucher_type,Link,label,Voucher Type
Payment Ledger Entry,voucher_no,Dynamic Link,label,Voucher No
Payment Ledger Entry,against_voucher_type,Link,label,Against Voucher Type
Payment Ledger Entry,against_voucher_no,Dynamic Link,label,Against Voucher No
Payment Ledger Entry,amount,Currency,label,Amount
Payment Ledger Entry,account_currency,Link,label,Currency
Payment Ledger Entry,amount_in_account_currency,Currency,label,Amount in Account Currency
Payment Ledger Entry,delinked,Check,label,DeLinked
Payment Ledger Entry,remarks,Text,label,Remarks
System Console,execute_section,Section Break,label,Execute
System Console,type,Select,label,Type
System Console,type,Select,option,Python
System Console,type,Select,option,SQL
System Console,console,Code,label,Console
System Console,console,Code,description,To print output use <code>print(text)</code>
System Console,commit,Check,label,Commit
System Console,output,Code,label,Output
System Console,sql_output,HTML,label,SQL Output
System Console,database_processes_section,Section Break,label,Database Processes
System Console,show_processlist,Check,label,Show Processlist
System Console,processlist,HTML,label,processlist
Goal,goal_name,Data,label,Goal
Goal,is_group,Check,label,Is Group
Goal,parent_goal,Link,label,Parent Goal
Goal,progress,Percent,label,Progress
Goal,status,Select,label,Status
Goal,status,Select,option,Pending
Goal,status,Select,option,In Progress
Goal,status,Select,option,Completed
Goal,status,Select,option,Archived
Goal,status,Select,option,Closed
Goal,employee,Link,label,Employee
Goal,employee_name,Data,label,Employee Name
Goal,company,Link,label,Company
Goal,user,Data,label,User
Goal,start_date,Date,label,Start Date
Goal,end_date,Date,label,End Date
Goal,section_break_cycle,Section Break,label,Appraisal Linking
Goal,section_break_cycle,Section Break,description,Link the cycle and tag KRA to your goal to update the appraisal's goal score based on the goal progress
Goal,appraisal_cycle,Link,label,Appraisal Cycle
Goal,kra,Link,label,KRA
Goal,section_break_12,Section Break,label,Description
Goal,description,Text Editor,label,Description
Goal,lft,Int,label,Left
Goal,rgt,Int,label,Right
Goal,old_parent,Link,label,Old Parent
Employee Onboarding Template,title,Data,label,Title
Employee Onboarding Template,company,Link,label,Company
Employee Onboarding Template,department,Link,label,Department
Employee Onboarding Template,designation,Link,label,Designation
Employee Onboarding Template,employee_grade,Link,label,Employee Grade
Employee Onboarding Template,section_break_7,Section Break,label,Activities
Employee Onboarding Template,activities,Table,label,Activities
Employee Separation Template,title,Data,label,Title
Employee Separation Template,company,Link,label,Company
Employee Separation Template,department,Link,label,Department
Employee Separation Template,designation,Link,label,Designation
Employee Separation Template,employee_grade,Link,label,Employee Grade
Employee Separation Template,section_break_7,Section Break,label,Activities
Employee Separation Template,activities,Table,label,Activities
Integration Request,request_id,Data,label,Request ID
Integration Request,integration_request_service,Data,label,Service
Integration Request,is_remote_request,Check,label,Is Remote Request?
Integration Request,request_description,Data,label,Request Description
Integration Request,status,Select,label,Status
Integration Request,status,Select,option,Queued
Integration Request,status,Select,option,Authorized
Integration Request,status,Select,option,Completed
Integration Request,status,Select,option,Cancelled
Integration Request,status,Select,option,Failed
Integration Request,url,Small Text,label,URL
Integration Request,request_headers,Code,label,Request Headers
Integration Request,data,Code,label,Request Data
Integration Request,response_section,Section Break,label,Response
Integration Request,output,Code,label,Output
Integration Request,error,Code,label,Error
Integration Request,reference_section,Section Break,label,Reference
Integration Request,reference_doctype,Link,label,Reference Document Type
Integration Request,reference_docname,Dynamic Link,label,Reference Document Name
ToDo,status,Select,label,Status
ToDo,status,Select,option,Open
ToDo,status,Select,option,Closed
ToDo,status,Select,option,Cancelled
ToDo,priority,Select,label,Priority
ToDo,priority,Select,option,High
ToDo,priority,Select,option,Medium
ToDo,priority,Select,option,Low
ToDo,color,Color,label,Color
ToDo,date,Date,label,Due Date
ToDo,allocated_to,Link,label,Allocated To
ToDo,description,Text Editor,label,Description
ToDo,section_break_6,Section Break,label,Reference
ToDo,reference_type,Link,label,Reference Type
ToDo,reference_name,Dynamic Link,label,Reference Name
ToDo,role,Link,label,Role
ToDo,assigned_by,Link,label,Assigned By
ToDo,assigned_by_full_name,Read Only,label,Assigned By Full Name
ToDo,sender,Data,label,Sender
ToDo,assignment_rule,Link,label,Assignment Rule
Audit Trail,doctype_name,Link,label,DocType
Audit Trail,document,Dynamic Link,label,Document
Audit Trail,version_table,HTML,label,version_table
Audit Trail,rows_added_section,Section Break,label,Rows Added
Audit Trail,rows_removed_section,Section Break,label,Rows Removed
Delivery Trip,naming_series,Select,label,Series
Delivery Trip,naming_series,Select,option,MAT-DT-.YYYY.-
Delivery Trip,company,Link,label,Company
Delivery Trip,email_notification_sent,Check,label,Initial Email Notification Sent
Delivery Trip,section_break_3,Section Break,label,Delivery Details
Delivery Trip,driver,Link,label,Driver
Delivery Trip,driver_name,Data,label,Driver Name
Delivery Trip,driver_email,Data,label,Driver Email
Delivery Trip,driver_address,Link,label,Driver Address
Delivery Trip,total_distance,Float,label,Total Estimated Distance
Delivery Trip,uom,Link,label,Distance UOM
Delivery Trip,vehicle,Link,label,Vehicle
Delivery Trip,departure_time,Datetime,label,Departure Time
Delivery Trip,employee,Link,label,Employee
Delivery Trip,delivery_service_stops,Section Break,label,Delivery Stops
Delivery Trip,delivery_stops,Table,label,Delivery Stop
Delivery Trip,calculate_arrival_time,Button,label,Calculate Estimated Arrival Times
Delivery Trip,calculate_arrival_time,Button,description,Use Google Maps Direction API to calculate estimated arrival times
Delivery Trip,optimize_route,Button,label,Optimize Route
Delivery Trip,optimize_route,Button,description,Use Google Maps Direction API to optimize route
Delivery Trip,status,Select,label,Status
Delivery Trip,status,Select,option,Draft
Delivery Trip,status,Select,option,Scheduled
Delivery Trip,status,Select,option,In Transit
Delivery Trip,status,Select,option,Completed
Delivery Trip,status,Select,option,Cancelled
Delivery Trip,amended_from,Link,label,Amended From
Asset Activity,asset,Link,label,Asset
Asset Activity,date,Datetime,label,Date
Asset Activity,user,Link,label,User
Asset Activity,subject,Small Text,label,Subject
Process Subscription,posting_date,Date,label,Posting Date
Process Subscription,subscription,Link,label,Subscription
Process Subscription,amended_from,Link,label,Amended From
Authorization Rule,transaction,Select,label,Transaction
Authorization Rule,transaction,Select,option,Sales Order
Authorization Rule,transaction,Select,option,Purchase Order
Authorization Rule,transaction,Select,option,Quotation
Authorization Rule,transaction,Select,option,Delivery Note
Authorization Rule,transaction,Select,option,Sales Invoice
Authorization Rule,transaction,Select,option,Purchase Invoice
Authorization Rule,transaction,Select,option,Purchase Receipt
Authorization Rule,based_on,Select,label,Based On
Authorization Rule,based_on,Select,option,Grand Total
Authorization Rule,based_on,Select,option,Average Discount
Authorization Rule,based_on,Select,option,Customerwise Discount
Authorization Rule,based_on,Select,option,Itemwise Discount
Authorization Rule,based_on,Select,option,Item Group wise Discount
Authorization Rule,based_on,Select,option,Not Applicable
Authorization Rule,customer_or_item,Select,label,Customer or Item
Authorization Rule,customer_or_item,Select,option,Customer
Authorization Rule,customer_or_item,Select,option,Item
Authorization Rule,customer_or_item,Select,option,Item Group
Authorization Rule,master_name,Dynamic Link,label,Customer / Item / Item Group
Authorization Rule,company,Link,label,Company
Authorization Rule,value,Float,label,Authorized Value
Authorization Rule,system_role,Link,label,Applicable To (Role)
Authorization Rule,to_emp,Link,label,Applicable To (Employee)
Authorization Rule,system_user,Link,label,Applicable To (User)
Authorization Rule,to_designation,Link,label,Applicable To (Designation)
Authorization Rule,approving_role,Link,label,Approving Role (above authorized value)
Authorization Rule,approving_user,Link,label,Approving User  (above authorized value)
Subcontracting BOM,is_active,Check,label,Is Active
Subcontracting BOM,finished_good,Link,label,Finished Good
Subcontracting BOM,finished_good_qty,Float,label,Finished Good Qty
Subcontracting BOM,finished_good_uom,Link,label,Finished Good UOM
Subcontracting BOM,finished_good_bom,Link,label,Finished Good BOM
Subcontracting BOM,service_item,Link,label,Service Item
Subcontracting BOM,service_item_qty,Float,label,Service Item Qty
Subcontracting BOM,service_item_uom,Link,label,Service Item UOM
Subcontracting BOM,conversion_factor,Float,label,Conversion Factor
Subcontracting BOM,conversion_factor,Float,description,Service Item Qty / Finished Good Qty
Location,location_name,Data,label,Location Name
Location,parent_location,Link,label,Parent Location
Location,is_container,Check,label,Is Container
Location,is_container,Check,description,Check if it is a hydroponic unit
Location,is_group,Check,label,Is Group
Location,sb_location_details,Section Break,label,Location Details
Location,latitude,Float,label,Latitude
Location,longitude,Float,label,Longitude
Location,area,Float,label,Area
Location,area_uom,Link,label,Area UOM
Location,location,Geolocation,label,Location
Location,tree_details,Section Break,label,Tree Details
Location,lft,Int,label,lft
Location,rgt,Int,label,rgt
Location,old_parent,Data,label,Old Parent
Submission Queue,status,Select,label,Status
Submission Queue,status,Select,option,Queued
Submission Queue,status,Select,option,Finished
Submission Queue,status,Select,option,Failed
Submission Queue,created_at,Datetime,label,Created At
Submission Queue,enqueued_by,Data,label,Enqueued By
Submission Queue,job_id,Link,label,Job Id
Submission Queue,ended_at,Datetime,label,Ended At
Submission Queue,ref_doctype,Link,label,Reference DocType
Submission Queue,ref_docname,Dynamic Link,label,Reference Docname
Submission Queue,exception,Long Text,label,Exception
Dashboard,dashboard_name,Data,label,Dashboard Name
Dashboard,is_default,Check,label,Is Default
Dashboard,is_standard,Check,label,Is Standard
Dashboard,module,Link,label,Module
Dashboard,charts,Table,label,Charts
Dashboard,chart_options,Code,label,Chart Options
Dashboard,chart_options,Code,description,"Set Default Options for all charts on this Dashboard (Ex: ""colors"": [""#d1d8dd"", ""#ff5858""])"
Dashboard,cards,Table,label,Cards
Document Follow,ref_doctype,Link,label,Doctype
Document Follow,ref_docname,Dynamic Link,label,Document Name
Document Follow,user,Link,label,User
Quality Meeting,status,Select,label,Status
Quality Meeting,status,Select,option,Open
Quality Meeting,status,Select,option,Closed
Quality Meeting,agenda,Table,label,Agenda
Quality Meeting,minutes,Table,label,Minutes
Quality Procedure,quality_procedure_name,Data,label,Quality Procedure
Quality Procedure,process_owner,Link,label,Process Owner
Quality Procedure,process_owner_full_name,Data,label,Process Owner Full Name
Quality Procedure,processes,Table,label,Processes
Quality Procedure,sb_00,Section Break,label,Parent
Quality Procedure,parent_quality_procedure,Link,label,Parent Procedure
Quality Procedure,is_group,Check,label,Is Group
Quality Procedure,rgt,Int,label,Right Index
Quality Procedure,lft,Int,label,Left Index
Quality Procedure,old_parent,Data,label,old_parent
Quality Goal,goal,Data,label,Goal
Quality Goal,frequency,Select,label,Monitoring Frequency
Quality Goal,frequency,Select,option,None
Quality Goal,frequency,Select,option,Daily
Quality Goal,frequency,Select,option,Weekly
Quality Goal,frequency,Select,option,Monthly
Quality Goal,frequency,Select,option,Quarterly
Quality Goal,procedure,Link,label,Procedure
Quality Goal,weekday,Select,label,Weekday
Quality Goal,weekday,Select,option,Monday
Quality Goal,weekday,Select,option,Tuesday
Quality Goal,weekday,Select,option,Wednesday
Quality Goal,weekday,Select,option,Thursday
Quality Goal,weekday,Select,option,Friday
Quality Goal,weekday,Select,option,Saturday
Quality Goal,date,Select,label,Date
Quality Goal,date,Select,option,1
Quality Goal,date,Select,option,2
Quality Goal,date,Select,option,3
Quality Goal,date,Select,option,4
Quality Goal,date,Select,option,5
Quality Goal,date,Select,option,6
Quality Goal,date,Select,option,7
Quality Goal,date,Select,option,8
Quality Goal,date,Select,option,9
Quality Goal,date,Select,option,10
Quality Goal,date,Select,option,11
Quality Goal,date,Select,option,12
Quality Goal,date,Select,option,13
Quality Goal,date,Select,option,14
Quality Goal,date,Select,option,15
Quality Goal,date,Select,option,16
Quality Goal,date,Select,option,17
Quality Goal,date,Select,option,18
Quality Goal,date,Select,option,19
Quality Goal,date,Select,option,20
Quality Goal,date,Select,option,21
Quality Goal,date,Select,option,22
Quality Goal,date,Select,option,23
Quality Goal,date,Select,option,24
Quality Goal,date,Select,option,25
Quality Goal,date,Select,option,26
Quality Goal,date,Select,option,27
Quality Goal,date,Select,option,28
Quality Goal,date,Select,option,29
Quality Goal,date,Select,option,30
Quality Goal,sb_01,Section Break,label,Objectives
Quality Goal,objectives,Table,label,Objectives
Quality Review,goal,Link,label,Goal
Quality Review,date,Date,label,Date
Quality Review,procedure,Link,label,Procedure
Quality Review,status,Select,label,Status
Quality Review,status,Select,option,Open
Quality Review,status,Select,option,Passed
Quality Review,status,Select,option,Failed
Quality Review,sb_00,Section Break,label,Review
Quality Review,reviews,Table,label,Reviews
Quality Review,sb_01,Section Break,label,Notes
Quality Review,additional_information,Text,label,Additional Information
Quality Action,corrective_preventive,Select,label,Corrective/Preventive
Quality Action,corrective_preventive,Select,option,Corrective
Quality Action,corrective_preventive,Select,option,Preventive
Quality Action,review,Link,label,Review
Quality Action,feedback,Link,label,Feedback
Quality Action,status,Select,label,Status
Quality Action,status,Select,option,Open
Quality Action,status,Select,option,Completed
Quality Action,date,Date,label,Date
Quality Action,goal,Link,label,Goal
Quality Action,procedure,Link,label,Procedure
Quality Action,sb_00,Section Break,label,Resolution
Quality Action,resolutions,Table,label,Resolutions
Energy Point Log,user,Link,label,User
Energy Point Log,type,Select,label,Type
Energy Point Log,type,Select,option,Auto
Energy Point Log,type,Select,option,Appreciation
Energy Point Log,type,Select,option,Criticism
Energy Point Log,type,Select,option,Review
Energy Point Log,type,Select,option,Revert
Energy Point Log,points,Int,label,Points
Energy Point Log,rule,Link,label,Rule
Energy Point Log,reference_doctype,Link,label,Reference Document Type
Energy Point Log,reference_name,Data,label,Reference Name
Energy Point Log,reverted,Check,label,Reverted
Energy Point Log,revert_of,Link,label,Revert Of
Energy Point Log,reason,Text,label,Reason
Energy Point Log,seen,Check,label,Seen
Workflow Action,status,Select,label,Status
Workflow Action,status,Select,option,Open
Workflow Action,status,Select,option,Completed
Workflow Action,reference_name,Dynamic Link,label,Reference Name
Workflow Action,reference_doctype,Link,label,Reference Document Type
Workflow Action,workflow_state,Data,label,Workflow State
Workflow Action,completed_by_role,Link,label,Completed By Role
Workflow Action,completed_by,Link,label,Completed By User
Workflow Action,permitted_roles,Table MultiSelect,label,Permitted Roles
Workflow Action,user,Link,label,User
List Filter,filter_name,Data,label,Filter Name
List Filter,reference_doctype,Link,label,Reference Document Type
List Filter,for_user,Link,label,For User
List Filter,filters,Long Text,label,Filters
Calendar View,reference_doctype,Link,label,Reference Document Type
Calendar View,subject_field,Select,label,Subject Field
Calendar View,start_date_field,Select,label,Start Date Field
Calendar View,end_date_field,Select,label,End Date Field
Calendar View,all_day,Check,label,All Day
Kanban Board,kanban_board_name,Data,label,Kanban Board Name
Kanban Board,reference_doctype,Link,label,Reference Document Type
Kanban Board,field_name,Select,label,Field Name
Kanban Board,private,Check,label,Private
Kanban Board,show_labels,Check,label,Show Labels
Kanban Board,columns,Table,label,Columns
Kanban Board,filters,Code,label,Filters
Kanban Board,fields,Code,label,Fields
Marketing Campaign,campaign_description,Small Text,label,Campaign Description (Optional)
Network Printer Settings,server_ip,Data,label,Server IP
Network Printer Settings,port,Int,label,Port
Network Printer Settings,printer_name,Select,label,Printer Name
User Group,user_group_members,Table MultiSelect,label,User Group Members
DocType Layout,document_type,Link,label,Document Type
DocType Layout,route,Data,label,Route
DocType Layout,fields,Table,label,Fields
DocType Layout,client_script,Code,label,Client Script
Module Onboarding,title,Data,label,Title
Module Onboarding,subtitle,Data,label,Subtitle
Module Onboarding,module,Link,label,Module
Module Onboarding,allow_roles,Table MultiSelect,label,Allow Roles
Module Onboarding,allow_roles,Table MultiSelect,description,System managers are allowed by default
Module Onboarding,success_message,Data,label,Success Message
Module Onboarding,documentation_url,Data,label,Documentation URL
Module Onboarding,is_complete,Check,label,Is Complete
Module Onboarding,steps,Table,label,Steps
Onboarding Step,title,Data,label,Title
Onboarding Step,is_complete,Check,label,Is Complete
Onboarding Step,is_skipped,Check,label,Is Skipped
Onboarding Step,description_section,Section Break,label,Description
Onboarding Step,description_section,Section Break,description,Description to inform the user about any action that is going to be performed
Onboarding Step,description,Markdown Editor,label,Description
Onboarding Step,intro_video_url,Data,label,Intro Video URL
Onboarding Step,action,Select,label,Action
Onboarding Step,action,Select,option,Create Entry
Onboarding Step,action,Select,option,Update Settings
Onboarding Step,action,Select,option,Show Form Tour
Onboarding Step,action,Select,option,View Report
Onboarding Step,action,Select,option,Go to Page
Onboarding Step,action,Select,option,Watch Video
Onboarding Step,action_label,Data,label,Action Label
Onboarding Step,reference_document,Link,label,Reference Document
Onboarding Step,show_full_form,Check,label,Show Full Form?
Onboarding Step,show_full_form,Check,description,Show full form instead of a quick entry modal
Onboarding Step,show_form_tour,Check,label,Show Form Tour
Onboarding Step,form_tour,Link,label,Form Tour
Onboarding Step,is_single,Check,label,Is Single
Onboarding Step,reference_report,Link,label,Reference Report
Onboarding Step,report_reference_doctype,Data,label,Report Reference Doctype
Onboarding Step,report_type,Data,label,Report Type
Onboarding Step,report_description,Data,label,Report Description
Onboarding Step,report_description,Data,description,This will be shown to the user in a dialog after routing to the report
Onboarding Step,path,Data,label,Path
Onboarding Step,path,Data,description,Example: #Tree/Account
Onboarding Step,callback_title,Data,label,Callback Title
Onboarding Step,callback_message,Small Text,label,Callback Message
Onboarding Step,callback_message,Small Text,description,This will be shown in a modal after routing
Onboarding Step,validate_action,Check,label,Validate Field
Onboarding Step,field,Select,label,Field
Onboarding Step,value_to_validate,Data,label,Value to Validate
Onboarding Step,value_to_validate,Data,description,Use % for any non empty value.
Onboarding Step,video_url,Data,label,Video URL
Dashboard Settings,user,Link,label,User
Dashboard Settings,chart_config,Code,label,Chart Configuration
Quality Feedback,template,Link,label,Template
Quality Feedback,document_type,Select,label,Type
Quality Feedback,document_type,Select,option,User
Quality Feedback,document_type,Select,option,Customer
Quality Feedback,document_name,Dynamic Link,label,Feedback By
Quality Feedback,parameters,Table,label,Parameters
Service Level Agreement,document_type,Link,label,Apply On
Service Level Agreement,default_priority,Link,label,Default Priority
Service Level Agreement,service_level,Data,label,Service Level Name
Service Level Agreement,enabled,Check,label,Enabled
Service Level Agreement,filters_section,Section Break,label,Assignment Conditions
Service Level Agreement,default_service_level_agreement,Check,label,Default Service Level Agreement
Service Level Agreement,entity_type,Select,label,Entity Type
Service Level Agreement,entity_type,Select,option,Customer
Service Level Agreement,entity_type,Select,option,Customer Group
Service Level Agreement,entity_type,Select,option,Territory
Service Level Agreement,entity,Dynamic Link,label,Entity
Service Level Agreement,condition,Code,label,Condition
Service Level Agreement,condition,Code,description,"Simple Python Expression, Example: doc.status == 'Open' and doc.issue_type == 'Bug'"
Service Level Agreement,agreement_details_section,Section Break,label,Valid From
Service Level Agreement,start_date,Date,label,Start Date
Service Level Agreement,end_date,Date,label,End Date
Service Level Agreement,response_and_resolution_time_section,Section Break,label,Response and Resolution
Service Level Agreement,apply_sla_for_resolution,Check,label,Apply SLA for Resolution Time
Service Level Agreement,priorities,Table,label,Priorities
Service Level Agreement,status_details,Section Break,label,Status Details
Service Level Agreement,sla_fulfilled_on,Table,label,SLA Fulfilled On
Service Level Agreement,pause_sla_on,Table,label,SLA Paused On
Service Level Agreement,support_and_resolution_section_break,Section Break,label,Working Hours
Service Level Agreement,holiday_list,Link,label,Holiday List
Service Level Agreement,support_and_resolution,Table,label,Working Hours
Reminder,user,Link,label,User
Reminder,remind_at,Datetime,label,Remind At
Reminder,description,Small Text,label,Description
Reminder,reminder_doctype,Link,label,Document Type
Reminder,reminder_docname,Dynamic Link,label,Document Name
Reminder,notified,Check,label,notified
Custom HTML Block,private,Check,label,Private
Custom HTML Block,preview_section,Section Break,label,Preview
Custom HTML Block,html_section,Section Break,label,HTML
Custom HTML Block,javascript_section,Section Break,label,Javascript
Custom HTML Block,js_message,HTML,label,JS Message
Custom HTML Block,js_message,HTML,option,"<p>To interact with above HTML you will have to use `root_element` as a parent selector.</p><p>For example:</p><pre class=""p-3 bg-gray-100 border-radius rounded-sm mb-0"" style=""width: fit-content;""><code>// here root_element is provided by default"
Custom HTML Block,js_message,HTML,option,let some_class_element = root_element.querySelector('.some-class');
Custom HTML Block,js_message,HTML,option,"some_class_element.textContent = ""New content"";"
Custom HTML Block,js_message,HTML,option,</code></pre>
Custom HTML Block,css_section,Section Break,label,CSS
Custom HTML Block,roles_section,Section Break,label,Roles
Custom HTML Block,roles,Table,label,Roles
Form Tour,title,Data,label,Title
Form Tour,view_name,Select,label,View
Form Tour,view_name,Select,option,Workspaces
Form Tour,view_name,Select,option,List
Form Tour,view_name,Select,option,Form
Form Tour,view_name,Select,option,Tree
Form Tour,view_name,Select,option,Page
Form Tour,workspace_name,Link,label,Select Workspace
Form Tour,list_name,Select,label,Select List View
Form Tour,list_name,Select,option,List
Form Tour,list_name,Select,option,Report
Form Tour,list_name,Select,option,Dashboard
Form Tour,list_name,Select,option,Kanban
Form Tour,list_name,Select,option,Gantt
Form Tour,list_name,Select,option,Calendar
Form Tour,list_name,Select,option,File
Form Tour,list_name,Select,option,Image
Form Tour,list_name,Select,option,Inbox
Form Tour,list_name,Select,option,Map
Form Tour,report_name,Link,label,Select Report
Form Tour,dashboard_name,Link,label,Select Dashboard
Form Tour,new_document_form,Check,label,New Document Form
Form Tour,page_name,Link,label,Select Page
Form Tour,reference_doctype,Link,label,Reference Document
Form Tour,module,Link,label,Module
Form Tour,ui_tour,Check,label,UI Tour
Form Tour,track_steps,Check,label,Track Steps
Form Tour,track_steps,Check,description,The next tour will start from where the user left off.
Form Tour,is_standard,Check,label,Is Standard
Form Tour,save_on_complete,Check,label,Save on Completion
Form Tour,first_document,Check,label,Show First Document Tour
Form Tour,include_name_field,Check,label,Include Name Field
Form Tour,page_route,Small Text,label,Page Route
Form Tour,steps,Table,label,Steps
POS Closing Entry,period_details_section,Section Break,label,Period Details
POS Closing Entry,period_start_date,Datetime,label,Period Start Date
POS Closing Entry,period_end_date,Datetime,label,Period End Date
POS Closing Entry,posting_date,Date,label,Posting Date
POS Closing Entry,posting_time,Time,label,Posting Time
POS Closing Entry,pos_opening_entry,Link,label,POS Opening Entry
POS Closing Entry,status,Select,label,Status
POS Closing Entry,status,Select,option,Draft
POS Closing Entry,status,Select,option,Submitted
POS Closing Entry,status,Select,option,Queued
POS Closing Entry,status,Select,option,Failed
POS Closing Entry,status,Select,option,Cancelled
POS Closing Entry,section_break_5,Section Break,label,User Details
POS Closing Entry,company,Link,label,Company
POS Closing Entry,pos_profile,Link,label,POS Profile
POS Closing Entry,user,Link,label,Cashier
POS Closing Entry,section_break_12,Section Break,label,Linked Invoices
POS Closing Entry,pos_transactions,Table,label,POS Transactions
POS Closing Entry,section_break_11,Section Break,label,Modes of Payment
POS Closing Entry,payment_reconciliation,Table,label,Payment Reconciliation
POS Closing Entry,section_break_13,Section Break,label,Totals
POS Closing Entry,grand_total,Currency,label,Grand Total
POS Closing Entry,net_total,Currency,label,Net Total
POS Closing Entry,total_quantity,Float,label,Total Quantity
POS Closing Entry,taxes,Table,label,Taxes
POS Closing Entry,failure_description_section,Section Break,label,Failure Description
POS Closing Entry,error_message,Small Text,label,Error
POS Closing Entry,amended_from,Link,label,Amended From
Vehicle Service Item,service_item,Data,label,Service Item
Non Conformance,subject,Data,label,Subject
Non Conformance,procedure,Link,label,Procedure
Non Conformance,process_owner,Data,label,Process Owner
Non Conformance,full_name,Data,label,Full Name
Non Conformance,status,Select,label,Status
Non Conformance,status,Select,option,Open
Non Conformance,status,Select,option,Resolved
Non Conformance,status,Select,option,Cancelled
Non Conformance,details,Text Editor,label,Details
Non Conformance,corrective_action,Text Editor,label,Corrective Action
Non Conformance,preventive_action,Text Editor,label,Preventive Action
Comment,comment_type,Select,label,Comment Type
Comment,comment_type,Select,option,Comment
Comment,comment_type,Select,option,Like
Comment,comment_type,Select,option,Info
Comment,comment_type,Select,option,Label
Comment,comment_type,Select,option,Workflow
Comment,comment_type,Select,option,Created
Comment,comment_type,Select,option,Submitted
Comment,comment_type,Select,option,Cancelled
Comment,comment_type,Select,option,Updated
Comment,comment_type,Select,option,Deleted
Comment,comment_type,Select,option,Assigned
Comment,comment_type,Select,option,Assignment Completed
Comment,comment_type,Select,option,Attachment
Comment,comment_type,Select,option,Attachment Removed
Comment,comment_type,Select,option,Shared
Comment,comment_type,Select,option,Unshared
Comment,comment_type,Select,option,Bot
Comment,comment_type,Select,option,Relinked
Comment,comment_type,Select,option,Edit
Comment,comment_email,Data,label,Comment Email
Comment,subject,Text,label,Subject
Comment,comment_by,Data,label,Comment By
Comment,published,Check,label,Published
Comment,seen,Check,label,Seen
Comment,reference_doctype,Link,label,Reference Document Type
Comment,reference_name,Dynamic Link,label,Reference Name
Comment,reference_owner,Data,label,Reference Owner
Comment,content,HTML Editor,label,Content
Comment,ip_address,Data,label,IP Address
Holiday List,holiday_list_name,Data,label,Holiday List Name
Holiday List,from_date,Date,label,From Date
Holiday List,to_date,Date,label,To Date
Holiday List,total_holidays,Int,label,Total Holidays
Holiday List,add_weekly_holidays,Section Break,label,Add Weekly Holidays
Holiday List,weekly_off,Select,label,Weekly Off
Holiday List,weekly_off,Select,option,Sunday
Holiday List,weekly_off,Select,option,Monday
Holiday List,weekly_off,Select,option,Tuesday
Holiday List,weekly_off,Select,option,Wednesday
Holiday List,weekly_off,Select,option,Thursday
Holiday List,weekly_off,Select,option,Friday
Holiday List,weekly_off,Select,option,Saturday
Holiday List,get_weekly_off_dates,Button,label,Add to Holidays
Holiday List,add_local_holidays,Section Break,label,Add Local Holidays
Holiday List,country,Autocomplete,label,Country
Holiday List,subdivision,Autocomplete,label,Subdivision
Holiday List,get_local_holidays,Button,label,Add to Holidays
Holiday List,holidays_section,Section Break,label,Holidays
Holiday List,holidays,Table,label,Holidays
Holiday List,clear_table,Button,label,Clear Table
Holiday List,color,Color,label,Color
Item Tax Template,title,Data,label,Title
Item Tax Template,company,Link,label,Company
Item Tax Template,disabled,Check,label,Disabled
Item Tax Template,taxes,Table,label,Tax Rates
Employment Type,employee_type_name,Data,label,Employment Type
Global Defaults,default_company,Link,label,Default Company
Global Defaults,country,Link,label,Country
Global Defaults,default_distance_unit,Link,label,Default Distance Unit
Global Defaults,default_currency,Link,label,Default Currency
Global Defaults,hide_currency_symbol,Select,label,Hide Currency Symbol
Global Defaults,hide_currency_symbol,Select,description,Do not show any symbol like $ etc next to currencies.
Global Defaults,hide_currency_symbol,Select,option,No
Global Defaults,hide_currency_symbol,Select,option,Yes
Global Defaults,disable_rounded_total,Check,label,Disable Rounded Total
Global Defaults,disable_rounded_total,Check,description,"If disable, 'Rounded Total' field will not be visible in any transaction"
Global Defaults,disable_in_words,Check,label,Disable In Words
Global Defaults,disable_in_words,Check,description,"If disable, 'In Words' field will not be visible in any transaction"
Global Defaults,demo_company,Link,label,Demo Company
Project Update,naming_series,Data,label,Series
Project Update,naming_series,Data,option,PROJ-UPD-.YYYY.-
Project Update,project,Link,label,Project
Project Update,sent,Check,label,Sent
Project Update,date,Date,label,Date
Project Update,time,Time,label,Time
Project Update,users,Table,label,Users
Project Update,amended_from,Link,label,Amended From
Document Naming Settings,,DocType,doctype_description,"Configure various aspects of how document naming works like naming series, current counter."
Document Naming Settings,naming_series_tab,Tab Break,label,Naming Series
Document Naming Settings,setup_series,Section Break,label,Setup Series for transactions
Document Naming Settings,setup_series,Section Break,description,Set Naming Series options on your transactions.
Document Naming Settings,transaction_type,Autocomplete,label,Select Transaction
Document Naming Settings,naming_series_options,Text,label,Series List for this Transaction
Document Naming Settings,user_must_always_select,Check,label,User must always select
Document Naming Settings,user_must_always_select,Check,description,Check this if you want to force the user to select a series before saving. There will be no default if you check this.
Document Naming Settings,update,Button,label,Update
Document Naming Settings,try_naming_series,Data,label,Try a Naming Series
Document Naming Settings,try_naming_series,Data,description,Get a preview of generated names with a series.
Document Naming Settings,series_preview,Text,label,Preview of generated names
Document Naming Settings,help_html,HTML,label,Help HTML
Document Naming Settings,help_html,HTML,option,"<div class=""well"">"
Document Naming Settings,help_html,HTML,option,Edit list of Series in the box. Rules:
Document Naming Settings,help_html,HTML,option,<ul>
Document Naming Settings,help_html,HTML,option,<li>Each Series Prefix on a new line.</li>
Document Naming Settings,help_html,HTML,option,"<li>Allowed special characters are ""/"" and ""-""</li>"
Document Naming Settings,help_html,HTML,option,<li>
Document Naming Settings,help_html,HTML,option,"Optionally, set the number of digits in the series using dot (.)"
Document Naming Settings,help_html,HTML,option,"followed by hashes (#). For example, "".####"" means that the series"
Document Naming Settings,help_html,HTML,option,will have four digits. Default is five digits.
Document Naming Settings,help_html,HTML,option,</li>
Document Naming Settings,help_html,HTML,option,<li>
Document Naming Settings,help_html,HTML,option,You can also use variables in the series name by putting them
Document Naming Settings,help_html,HTML,option,between (.) dots
Document Naming Settings,help_html,HTML,option,<br>
Document Naming Settings,help_html,HTML,option,Supported Variables:
Document Naming Settings,help_html,HTML,option,<ul>
Document Naming Settings,help_html,HTML,option,<li><code>.YYYY.</code> - Year in 4 digits</li>
Document Naming Settings,help_html,HTML,option,<li><code>.YY.</code> - Year in 2 digits</li>
Document Naming Settings,help_html,HTML,option,<li><code>.MM.</code> - Month</li>
Document Naming Settings,help_html,HTML,option,<li><code>.DD.</code> - Day of month</li>
Document Naming Settings,help_html,HTML,option,<li><code>.WW.</code> - Week of the year</li>
Document Naming Settings,help_html,HTML,option,<li><code>.FY.</code> - Fiscal Year</li>
Document Naming Settings,help_html,HTML,option,<li>
Document Naming Settings,help_html,HTML,option,<code>.{fieldname}.</code> - fieldname on the document e.g.
Document Naming Settings,help_html,HTML,option,<code>branch</code>
Document Naming Settings,help_html,HTML,option,</li>
Document Naming Settings,help_html,HTML,option,</ul>
Document Naming Settings,help_html,HTML,option,</li>
Document Naming Settings,help_html,HTML,option,</ul>
Document Naming Settings,help_html,HTML,option,Examples:
Document Naming Settings,help_html,HTML,option,<ul>
Document Naming Settings,help_html,HTML,option,<li>INV-</li>
Document Naming Settings,help_html,HTML,option,<li>INV-10-</li>
Document Naming Settings,help_html,HTML,option,<li>INVK-</li>
Document Naming Settings,help_html,HTML,option,<li>INV-.YYYY.-.{branch}.-.MM.-.####</li>
Document Naming Settings,help_html,HTML,option,</ul>
Document Naming Settings,help_html,HTML,option,</div>
Document Naming Settings,help_html,HTML,option,<br>
Document Naming Settings,update_series,Section Break,label,Update Series Counter
Document Naming Settings,update_series,Section Break,description,"Change the starting / current sequence number of an existing series. <br>

Warning: Incorrectly updating counters can prevent documents from getting created."
Document Naming Settings,prefix,Autocomplete,label,Prefix
Document Naming Settings,current_value,Int,label,Current Value
Document Naming Settings,current_value,Int,description,This is the number of the last created transaction with this prefix
Document Naming Settings,update_series_start,Button,label,Update Series Number
Document Naming Settings,amended_documents_section,Section Break,label,Amended Documents
Document Naming Settings,amended_documents_section,Section Break,description,"Configure how amended documents will be named.<br>

Default behaviour is to follow an amend counter which adds a number to the end of the original name indicating the amended version. <br>

Default Naming will make the amended document to behave same as new documents."
Document Naming Settings,default_amend_naming,Select,label,Default Amendment Naming
Document Naming Settings,default_amend_naming,Select,option,Amend Counter
Document Naming Settings,default_amend_naming,Select,option,Default Naming
Document Naming Settings,amend_naming_override,Table,label,Amendment Naming Override
Document Naming Settings,update_amendment_naming,Button,label,Update Amendment Naming
Exchange Rate Revaluation,posting_date,Date,label,Posting Date
Exchange Rate Revaluation,rounding_loss_allowance,Float,label,Rounding Loss Allowance
Exchange Rate Revaluation,rounding_loss_allowance,Float,description,"Only values between [0,1) are allowed. Like {0.00, 0.04, 0.09, ...}
Ex: If allowance is set at 0.07, accounts that have balance of 0.07 in either of the currencies will be considered as zero balance account"
Exchange Rate Revaluation,company,Link,label,Company
Exchange Rate Revaluation,get_entries,Button,label,Get Entries
Exchange Rate Revaluation,accounts,Table,label,Exchange Rate Revaluation Account
Exchange Rate Revaluation,gain_loss_unbooked,Currency,label,Gain/Loss from Revaluation
Exchange Rate Revaluation,gain_loss_booked,Currency,label,Gain/Loss already booked
Exchange Rate Revaluation,gain_loss_booked,Currency,description,Gain/Loss accumulated in foreign currency account. Accounts with '0' balance in either Base or Account currency
Exchange Rate Revaluation,total_gain_loss,Currency,label,Total Gain/Loss
Exchange Rate Revaluation,amended_from,Link,label,Amended From
DocShare,,DocType,doctype_description,Internal record of document shares
DocShare,user,Link,label,User
DocShare,share_doctype,Link,label,Document Type
DocShare,share_name,Dynamic Link,label,Document Name
DocShare,read,Check,label,Read
DocShare,write,Check,label,Write
DocShare,share,Check,label,Share
DocShare,submit,Check,label,Submit
DocShare,everyone,Check,label,Everyone
DocShare,notify_by_email,Check,label,Notify by email
Patch Log,,DocType,doctype_description,List of patches executed
Patch Log,patch,Code,label,Patch
Patch Log,skipped,Check,label,Skipped
Patch Log,traceback,Code,label,Traceback
Installation Note,installation_note,Section Break,label,Installation Note
Installation Note,naming_series,Select,label,Series
Installation Note,naming_series,Select,option,MAT-INS-.YYYY.-
Installation Note,customer,Link,label,Customer
Installation Note,customer_address,Link,label,Customer Address
Installation Note,contact_person,Link,label,Contact Person
Installation Note,customer_name,Data,label,Name
Installation Note,address_display,Small Text,label,Address
Installation Note,contact_display,Small Text,label,Contact
Installation Note,contact_mobile,Small Text,label,Mobile No
Installation Note,contact_email,Data,label,Contact Email
Installation Note,territory,Link,label,Territory
Installation Note,customer_group,Link,label,Customer Group
Installation Note,inst_date,Date,label,Installation Date
Installation Note,inst_time,Time,label,Installation Time
Installation Note,status,Select,label,Status
Installation Note,status,Select,option,Draft
Installation Note,status,Select,option,Submitted
Installation Note,status,Select,option,Cancelled
Installation Note,company,Link,label,Company
Installation Note,amended_from,Link,label,Amended From
Installation Note,remarks,Small Text,label,Remarks
Installation Note,items,Table,label,Items
Maintenance Visit,customer_details,Section Break,option,fa fa-user
Maintenance Visit,naming_series,Select,label,Series
Maintenance Visit,naming_series,Select,option,MAT-MVS-.YYYY.-
Maintenance Visit,customer,Link,label,Customer
Maintenance Visit,customer_name,Data,label,Customer Name
Maintenance Visit,address_display,Small Text,label,Address
Maintenance Visit,contact_display,Small Text,label,Contact
Maintenance Visit,contact_mobile,Data,label,Mobile No
Maintenance Visit,contact_email,Data,label,Contact Email
Maintenance Visit,maintenance_schedule,Link,label,Maintenance Schedule
Maintenance Visit,maintenance_schedule_detail,Link,label,Maintenance Schedule Detail
Maintenance Visit,mntc_date,Date,label,Maintenance Date
Maintenance Visit,mntc_time,Time,label,Maintenance Time
Maintenance Visit,maintenance_details,Section Break,option,fa fa-wrench
Maintenance Visit,completion_status,Select,label,Completion Status
Maintenance Visit,completion_status,Select,option,Partially Completed
Maintenance Visit,completion_status,Select,option,Fully Completed
Maintenance Visit,maintenance_type,Select,label,Maintenance Type
Maintenance Visit,maintenance_type,Select,option,Scheduled
Maintenance Visit,maintenance_type,Select,option,Unscheduled
Maintenance Visit,maintenance_type,Select,option,Breakdown
Maintenance Visit,section_break0,Section Break,option,fa fa-wrench
Maintenance Visit,purposes,Table,label,Purposes
Maintenance Visit,more_info,Section Break,label,More Information
Maintenance Visit,more_info,Section Break,option,fa fa-file-text
Maintenance Visit,customer_feedback,Small Text,label,Customer Feedback
Maintenance Visit,status,Select,label,Status
Maintenance Visit,status,Select,option,Draft
Maintenance Visit,status,Select,option,Cancelled
Maintenance Visit,status,Select,option,Submitted
Maintenance Visit,amended_from,Link,label,Amended From
Maintenance Visit,company,Link,label,Company
Maintenance Visit,contact_info_section,Section Break,label,Contact Info
Maintenance Visit,contact_info_section,Section Break,option,fa fa-bullhorn
Maintenance Visit,customer_address,Link,label,Customer Address
Maintenance Visit,contact_person,Link,label,Contact Person
Maintenance Visit,territory,Link,label,Territory
Maintenance Visit,customer_group,Link,label,Customer Group
Maintenance Schedule,customer_details,Section Break,option,fa fa-user
Maintenance Schedule,naming_series,Select,label,Series
Maintenance Schedule,naming_series,Select,option,MAT-MSH-.YYYY.-
Maintenance Schedule,customer,Link,label,Customer
Maintenance Schedule,status,Select,label,Status
Maintenance Schedule,status,Select,option,Draft
Maintenance Schedule,status,Select,option,Submitted
Maintenance Schedule,status,Select,option,Cancelled
Maintenance Schedule,transaction_date,Date,label,Transaction Date
Maintenance Schedule,items_section,Section Break,option,fa fa-shopping-cart
Maintenance Schedule,items,Table,label,Items
Maintenance Schedule,schedule,Section Break,label,Schedule
Maintenance Schedule,schedule,Section Break,option,fa fa-time
Maintenance Schedule,generate_schedule,Button,label,Generate Schedule
Maintenance Schedule,schedules,Table,label,Schedules
Maintenance Schedule,contact_info,Section Break,label,Contact Info
Maintenance Schedule,customer_name,Data,label,Customer Name
Maintenance Schedule,contact_person,Link,label,Contact Person
Maintenance Schedule,contact_mobile,Data,label,Mobile No
Maintenance Schedule,contact_email,Data,label,Contact Email
Maintenance Schedule,contact_display,Small Text,label,Contact
Maintenance Schedule,customer_address,Link,label,Customer Address
Maintenance Schedule,address_display,Small Text,label,Address
Maintenance Schedule,territory,Link,label,Territory
Maintenance Schedule,customer_group,Link,label,Customer Group
Maintenance Schedule,company,Link,label,Company
Maintenance Schedule,amended_from,Link,label,Amended From
Customer Group,customer_group_name,Data,label,Customer Group Name
Customer Group,parent_customer_group,Link,label,Parent Customer Group
Customer Group,is_group,Check,label,Is Group
Customer Group,is_group,Check,description,Only leaf nodes are allowed in transaction
Customer Group,default_price_list,Link,label,Default Price List
Customer Group,payment_terms,Link,label,Default Payment Terms Template
Customer Group,lft,Int,label,lft
Customer Group,rgt,Int,label,rgt
Customer Group,old_parent,Link,label,old_parent
Customer Group,default_receivable_account,Section Break,label,Default Accounts
Customer Group,accounts,Table,label,Accounts
Customer Group,accounts,Table,description,Mention if non-standard receivable account applicable
Customer Group,credit_limit_section,Section Break,label,Credit Limits
Customer Group,credit_limits,Table,label,Credit Limit
Employee Promotion,employee,Link,label,Employee
Employee Promotion,employee_name,Data,label,Employee Name
Employee Promotion,department,Link,label,Department
Employee Promotion,salary_currency,Link,label,Salary Currency
Employee Promotion,promotion_date,Date,label,Promotion Date
Employee Promotion,company,Link,label,Company
Employee Promotion,details_section,Section Break,label,Employee Promotion Details
Employee Promotion,details_section,Section Break,description,Set the properties that should be updated in the Employee master on promotion submission
Employee Promotion,salary_details_section,Section Break,label,Salary Details
Employee Promotion,current_ctc,Currency,label,Current CTC
Employee Promotion,revised_ctc,Currency,label,Revised CTC
Employee Promotion,amended_from,Link,label,Amended From
Print Settings,pdf_settings,Section Break,label,PDF Settings
Print Settings,send_print_as_pdf,Check,label,Send Print as PDF
Print Settings,send_print_as_pdf,Check,description,Send Email Print Attachments as PDF (Recommended)
Print Settings,repeat_header_footer,Check,label,Repeat Header and Footer
Print Settings,pdf_page_size,Select,label,PDF Page Size
Print Settings,pdf_page_size,Select,option,A0
Print Settings,pdf_page_size,Select,option,A1
Print Settings,pdf_page_size,Select,option,A2
Print Settings,pdf_page_size,Select,option,A3
Print Settings,pdf_page_size,Select,option,A4
Print Settings,pdf_page_size,Select,option,A5
Print Settings,pdf_page_size,Select,option,A6
Print Settings,pdf_page_size,Select,option,A7
Print Settings,pdf_page_size,Select,option,A8
Print Settings,pdf_page_size,Select,option,A9
Print Settings,pdf_page_size,Select,option,B0
Print Settings,pdf_page_size,Select,option,B1
Print Settings,pdf_page_size,Select,option,B2
Print Settings,pdf_page_size,Select,option,B3
Print Settings,pdf_page_size,Select,option,B4
Print Settings,pdf_page_size,Select,option,B5
Print Settings,pdf_page_size,Select,option,B6
Print Settings,pdf_page_size,Select,option,B7
Print Settings,pdf_page_size,Select,option,B8
Print Settings,pdf_page_size,Select,option,B9
Print Settings,pdf_page_size,Select,option,B10
Print Settings,pdf_page_size,Select,option,C5E
Print Settings,pdf_page_size,Select,option,Comm10E
Print Settings,pdf_page_size,Select,option,DLE
Print Settings,pdf_page_size,Select,option,Executive
Print Settings,pdf_page_size,Select,option,Folio
Print Settings,pdf_page_size,Select,option,Ledger
Print Settings,pdf_page_size,Select,option,Legal
Print Settings,pdf_page_size,Select,option,Letter
Print Settings,pdf_page_size,Select,option,Tabloid
Print Settings,pdf_page_size,Select,option,Custom
Print Settings,pdf_page_height,Float,label,PDF Page Height (in mm)
Print Settings,pdf_page_width,Float,label,PDF Page Width (in mm)
Print Settings,view_link_in_email,Section Break,label,Page Settings
Print Settings,with_letterhead,Check,label,Print with letterhead
Print Settings,compact_item_print,Check,label,Compact Item Print
Print Settings,print_uom_after_quantity,Check,label,Print UOM after Quantity
Print Settings,allow_print_for_draft,Check,label,Allow Print for Draft
Print Settings,add_draft_heading,Check,label,"Always add ""Draft"" Heading for printing draft documents"
Print Settings,allow_page_break_inside_tables,Check,label,Allow page break inside tables
Print Settings,allow_print_for_cancelled,Check,label,Allow Print for Cancelled
Print Settings,print_taxes_with_zero_amount,Check,label,Print taxes with zero amount
Print Settings,server_printer,Section Break,label,Print Server
Print Settings,enable_print_server,Check,label,Enable Print Server
Print Settings,raw_printing_section,Section Break,label,Raw Printing
Print Settings,enable_raw_printing,Check,label,Enable Raw Printing
Print Settings,print_style_section,Section Break,label,Print Style
Print Settings,print_style,Link,label,Print Style
Print Settings,print_style_preview,HTML,label,Print Style Preview
Print Settings,section_break_8,Section Break,label,Fonts
Print Settings,font,Select,label,Font
Print Settings,font,Select,option,Default
Print Settings,font,Select,option,Helvetica Neue
Print Settings,font,Select,option,Arial
Print Settings,font,Select,option,Helvetica
Print Settings,font,Select,option,Inter
Print Settings,font,Select,option,Verdana
Print Settings,font,Select,option,Monospace
Print Settings,font_size,Float,label,Font Size
Print Settings,font_size,Float,description,In points. Default is 9.
Packing Slip,,DocType,doctype_description,"Generate packing slips for packages to be delivered. Used to notify package number, package contents and its weight."
Packing Slip,delivery_note,Link,label,Delivery Note
Packing Slip,delivery_note,Link,description,Indicates that the package is a part of this delivery (Only Draft)
Packing Slip,naming_series,Select,label,Series
Packing Slip,naming_series,Select,option,MAT-PAC-.YYYY.-
Packing Slip,from_case_no,Int,label,From Package No.
Packing Slip,from_case_no,Int,description,Identification of the package for the delivery (for print)
Packing Slip,to_case_no,Int,label,To Package No.
Packing Slip,to_case_no,Int,description,If more than one package of the same type (for print)
Packing Slip,items,Table,label,Items
Packing Slip,package_weight_details,Section Break,label,Package Weight Details
Packing Slip,net_weight_pkg,Float,label,Net Weight
Packing Slip,net_weight_pkg,Float,description,The net weight of this package. (calculated automatically as sum of net weight of items)
Packing Slip,net_weight_uom,Link,label,Net Weight UOM
Packing Slip,gross_weight_pkg,Float,label,Gross Weight
Packing Slip,gross_weight_pkg,Float,description,The gross weight of the package. Usually net weight + packaging material weight. (for print)
Packing Slip,gross_weight_uom,Link,label,Gross Weight UOM
Packing Slip,letter_head_details,Section Break,label,Letter Head
Packing Slip,letter_head,Link,label,Letter Head
Packing Slip,amended_from,Link,label,Amended From
Employee Other Income,employee_section,Section Break,label,Employee Details
Employee Other Income,employee,Link,label,Employee
Employee Other Income,employee_name,Data,label,Employee Name
Employee Other Income,amended_from,Link,label,Amended From
Employee Other Income,company,Link,label,Company
Employee Other Income,payroll_period,Link,label,Payroll Period
Employee Other Income,income_source_details_section,Section Break,label,Income Source
Employee Other Income,source,Data,label,Source
Employee Other Income,amount,Currency,label,Amount
Document Naming Rule,document_type,Link,label,Document Type
Document Naming Rule,disabled,Check,label,Disabled
Document Naming Rule,priority,Int,label,Priority
Document Naming Rule,priority,Int,description,Rules with higher priority number will be applied first.
Document Naming Rule,section_break_3,Section Break,label,Rule Conditions
Document Naming Rule,conditions,Table,label,Conditions
Document Naming Rule,naming_section,Section Break,label,Naming
Document Naming Rule,prefix,Data,label,Prefix
Document Naming Rule,counter,Int,label,Counter
Document Naming Rule,counter,Int,description,Warning: Updating counter may lead to document name conflicts if not done properly
Document Naming Rule,prefix_digits,Int,label,Digits
Document Naming Rule,prefix_digits,Int,description,Example: 00001
Timesheet,title,Data,label,Title
Timesheet,naming_series,Select,label,Series
Timesheet,naming_series,Select,option,TS-.YYYY.-
Timesheet,company,Link,label,Company
Timesheet,customer,Link,label,Customer
Timesheet,currency,Link,label,Currency
Timesheet,exchange_rate,Float,label,Exchange Rate
Timesheet,sales_invoice,Link,label,Sales Invoice
Timesheet,salary_slip,Link,label,Salary Slip
Timesheet,status,Select,label,Status
Timesheet,status,Select,option,Draft
Timesheet,status,Select,option,Submitted
Timesheet,status,Select,option,Billed
Timesheet,status,Select,option,Payslip
Timesheet,status,Select,option,Completed
Timesheet,status,Select,option,Cancelled
Timesheet,parent_project,Link,label,Project
Timesheet,employee_detail,Section Break,label,Employee Detail
Timesheet,employee,Link,label,Employee
Timesheet,employee_name,Data,label,Employee Name
Timesheet,department,Link,label,Department
Timesheet,user,Link,label,User
Timesheet,start_date,Date,label,Start Date
Timesheet,end_date,Date,label,End Date
Timesheet,time_logs,Table,label,Time Sheets
Timesheet,total_hours,Float,label,Total Working Hours
Timesheet,billing_details,Section Break,label,Billing Details
Timesheet,total_billable_hours,Float,label,Total Billable Hours
Timesheet,base_total_billable_amount,Currency,label,Base Total Billable Amount
Timesheet,base_total_billed_amount,Currency,label,Base Total Billed Amount
Timesheet,base_total_costing_amount,Currency,label,Base Total Costing Amount
Timesheet,total_billed_hours,Float,label,Total Billed Hours
Timesheet,total_billable_amount,Currency,label,Total Billable Amount
Timesheet,total_billed_amount,Currency,label,Total Billed Amount
Timesheet,total_costing_amount,Currency,label,Total Costing Amount
Timesheet,per_billed,Percent,label,% Amount Billed
Timesheet,note,Text Editor,label,Note
Timesheet,amended_from,Link,label,Amended From
Workflow Action Master,,DocType,doctype_description,Workflow Action Master
Workflow Action Master,workflow_action_name,Data,label,Workflow Action Name
Shareholder,title,Data,label,Title
Shareholder,naming_series,Select,option,ACC-SH-.YYYY.-
Shareholder,folio_no,Data,label,Folio no.
Shareholder,company,Link,label,Company
Shareholder,is_company,Check,label,Is Company
Shareholder,address_contacts,Section Break,label,Address and Contacts
Shareholder,address_contacts,Section Break,option,fa fa-map-marker
Shareholder,address_html,HTML,label,Address HTML
Shareholder,contact_html,HTML,label,Contact HTML
Shareholder,section_break_3,Section Break,label,Share Balance
Shareholder,share_balance,Table,label,Share Balance
Shareholder,contact_list,Code,label,Contact List
Shareholder,contact_list,Code,description,Hidden list maintaining the list of contacts linked to Shareholder
OAuth Bearer Token,client,Link,label,Client
OAuth Bearer Token,user,Link,label,User
OAuth Bearer Token,scopes,Text,label,Scopes
OAuth Bearer Token,access_token,Data,label,Access Token
OAuth Bearer Token,refresh_token,Data,label,Refresh Token
OAuth Bearer Token,expiration_time,Datetime,label,Expiration time
OAuth Bearer Token,expires_in,Int,label,Expires In
OAuth Bearer Token,status,Select,label,Status
OAuth Bearer Token,status,Select,option,Active
OAuth Bearer Token,status,Select,option,Revoked
Employee Performance Feedback,employee_details_tab,Tab Break,label,Employee Details
Employee Performance Feedback,employee,Link,label,For Employee
Employee Performance Feedback,employee_name,Data,label,Employee Name
Employee Performance Feedback,department,Link,label,Department
Employee Performance Feedback,designation,Link,label,Designation
Employee Performance Feedback,company,Link,label,Company
Employee Performance Feedback,reviewer,Link,label,Reviewer
Employee Performance Feedback,reviewer_name,Data,label,Reviewer Name
Employee Performance Feedback,reviewer_designation,Link,label,Designation
Employee Performance Feedback,user,Link,label,User
Employee Performance Feedback,added_on,Datetime,label,Added On
Employee Performance Feedback,appraisal_cycle,Link,label,Appraisal Cycle
Employee Performance Feedback,appraisal,Link,label,Appraisal
Employee Performance Feedback,feedback_ratings,Table,label,Feedback Ratings
Employee Performance Feedback,total_score,Float,label,Total Score
Employee Performance Feedback,feedback_tab,Tab Break,label,Feedback
Employee Performance Feedback,amended_from,Link,label,Amended From
Dropbox Settings,enabled,Check,label,Enabled
Dropbox Settings,send_notifications_to,Data,label,Send Notifications To
Dropbox Settings,send_email_for_successful_backup,Check,label,Send Email for Successful Backup
Dropbox Settings,send_email_for_successful_backup,Check,description,Note: By default emails for failed backups are sent.
Dropbox Settings,backup_frequency,Select,label,Backup Frequency
Dropbox Settings,backup_frequency,Select,option,Daily
Dropbox Settings,backup_frequency,Select,option,Weekly
Dropbox Settings,limit_no_of_backups,Check,label,Limit Number of DB Backups
Dropbox Settings,no_of_backups,Int,label,Number of DB Backups
Dropbox Settings,file_backup,Check,label,File Backup
Dropbox Settings,app_access_key,Data,label,App Access Key
Dropbox Settings,app_secret_key,Password,label,App Secret Key
Dropbox Settings,allow_dropbox_access,Button,label,Allow Dropbox Access
Dropbox Settings,dropbox_refresh_token,Password,label,Dropbox Refresh Token
Dropbox Settings,dropbox_access_token,Password,label,Dropbox Access Token
KRA,title,Data,label,Title
KRA,description,Small Text,label,Description
Appraisal Template,template_title,Data,label,Appraisal Template Title
Appraisal Template,section_break_5,Section Break,label,Description
Appraisal Template,goals,Table,label,KRAs
Appraisal Template,rating_criteria,Table,label,Rating Criteria
Appraisal Template,rating_criteria,Table,description,Criteria based on which employee should be rated in Performance Feedback and Self Appraisal
Employee Feedback Criteria,criteria,Data,label,Criteria
Account Closing Balance,closing_date,Date,label,Closing Date
Account Closing Balance,account,Link,label,Account
Account Closing Balance,cost_center,Link,label,Cost Center
Account Closing Balance,debit,Currency,label,Debit Amount
Account Closing Balance,credit,Currency,label,Credit Amount
Account Closing Balance,account_currency,Link,label,Account Currency
Account Closing Balance,debit_in_account_currency,Currency,label,Debit Amount in Account Currency
Account Closing Balance,credit_in_account_currency,Currency,label,Credit Amount in Account Currency
Account Closing Balance,project,Link,label,Project
Account Closing Balance,company,Link,label,Company
Account Closing Balance,finance_book,Link,label,Finance Book
Account Closing Balance,period_closing_voucher,Link,label,Period Closing Voucher
Account Closing Balance,is_period_closing_voucher_entry,Check,label,Is Period Closing Voucher Entry
Custom DocPerm,parent,Data,label,Reference Document Type
Custom DocPerm,role_and_level,Section Break,label,Role and Level
Custom DocPerm,role,Link,label,Role
Custom DocPerm,if_owner,Check,label,If user is the owner
Custom DocPerm,if_owner,Check,description,Apply this rule if the User is the Owner
Custom DocPerm,permlevel,Int,label,Level
Custom DocPerm,section_break_4,Section Break,label,Permissions
Custom DocPerm,select,Check,label,Select
Custom DocPerm,read,Check,label,Read
Custom DocPerm,write,Check,label,Write
Custom DocPerm,create,Check,label,Create
Custom DocPerm,delete,Check,label,Delete
Custom DocPerm,submit,Check,label,Submit
Custom DocPerm,cancel,Check,label,Cancel
Custom DocPerm,amend,Check,label,Amend
Custom DocPerm,additional_permissions,Section Break,label,Additional Permissions
Custom DocPerm,report,Check,label,Report
Custom DocPerm,export,Check,label,Export
Custom DocPerm,import,Check,label,Import
Custom DocPerm,share,Check,label,Share
Custom DocPerm,print,Check,label,Print
Custom DocPerm,email,Check,label,Email
Blog Post,title,Data,label,Title
Blog Post,blog_category,Link,label,Blog Category
Blog Post,blogger,Link,label,Blogger
Blog Post,route,Data,label,Route
Blog Post,read_time,Int,label,Read Time
Blog Post,read_time,Int,description,in minutes
Blog Post,published_on,Date,label,Published On
Blog Post,published,Check,label,Published
Blog Post,featured,Check,label,Featured
Blog Post,hide_cta,Check,label,Hide CTA
Blog Post,enable_email_notification,Check,label,Enable Email Notification
Blog Post,enable_email_notification,Check,description,Enable email notification for any comment or likes received on your Blog Post.
Blog Post,disable_comments,Check,label,Disable Comments
Blog Post,disable_likes,Check,label,Disable Likes
Blog Post,blog_intro,Small Text,label,Blog Intro
Blog Post,blog_intro,Small Text,description,"Description for listing page, in plain text, only a couple of lines. (max 200 characters)"
Blog Post,content_type,Select,label,Content Type
Blog Post,content_type,Select,option,Markdown
Blog Post,content_type,Select,option,Rich Text
Blog Post,content_type,Select,option,HTML
Blog Post,content,Text Editor,label,Content
Blog Post,content_md,Markdown Editor,label,Content (Markdown)
Blog Post,content_html,HTML Editor,label,Content (HTML)
Blog Post,email_sent,Check,label,Email Sent
Blog Post,meta_tags,Section Break,label,Meta Tags
Blog Post,meta_title,Data,label,Meta Title
Blog Post,meta_description,Small Text,label,Meta Description
Blog Post,meta_image,Attach Image,label,Meta Image
Blog Post,google_preview,HTML,label,Google Snippet Preview
Blog Post,google_preview,HTML,description,This is an example Google SERP Preview.
Party Specific Item,party_type,Select,label,Party Type
Party Specific Item,party_type,Select,option,Customer
Party Specific Item,party_type,Select,option,Supplier
Party Specific Item,party,Dynamic Link,label,Party Name
Party Specific Item,restrict_based_on,Select,label,Restrict Items Based On
Party Specific Item,restrict_based_on,Select,option,Item
Party Specific Item,restrict_based_on,Select,option,Item Group
Party Specific Item,restrict_based_on,Select,option,Brand
Party Specific Item,based_on_value,Dynamic Link,label,Based On Value
Industry Type,industry,Data,label,Industry
Designation,designation_name,Data,label,Designation
Designation,description,Text,label,Description
Designation,appraisal_template,Link,label,Appraisal Template
Designation,required_skills_section,Section Break,label,Required Skills
Designation,skills,Table,label,Skills
Sales Stage,stage_name,Data,label,Stage Name
Sales Partner Type,sales_partner_type,Data,label,Sales Partner Type
Lead Source,source_name,Data,label,Source Name
Lead Source,details,Text Editor,label,Details
LDAP Settings,enabled,Check,label,Enabled
LDAP Settings,ldap_server_settings_section,Section Break,label,LDAP Server Settings
LDAP Settings,ldap_directory_server,Select,label,Directory Server
LDAP Settings,ldap_directory_server,Select,description,Please select the LDAP Directory being used
LDAP Settings,ldap_directory_server,Select,option,Active Directory
LDAP Settings,ldap_directory_server,Select,option,OpenLDAP
LDAP Settings,ldap_directory_server,Select,option,Custom
LDAP Settings,ldap_server_url,Data,label,LDAP Server Url
LDAP Settings,ldap_auth_section,Section Break,label,LDAP Auth
LDAP Settings,base_dn,Data,label,Base Distinguished Name (DN)
LDAP Settings,password,Password,label,Password for Base DN
LDAP Settings,ldap_search_and_paths_section,Section Break,label,LDAP Search and Paths
LDAP Settings,ldap_search_path_user,Data,label,LDAP search path for Users
LDAP Settings,ldap_search_path_user,Data,description,"Requires any valid fdn path. i.e. ou=users,dc=example,dc=com"
LDAP Settings,ldap_search_string,Data,label,LDAP Search String
LDAP Settings,ldap_search_string,Data,description,"Must be enclosed in '()' and include '{0}', which is a placeholder for the user/login name. i.e. (&(objectclass=user)(uid={0}))"
LDAP Settings,ldap_search_path_group,Data,label,LDAP search path for Groups
LDAP Settings,ldap_search_path_group,Data,description,"Requires any valid fdn path. i.e. ou=groups,dc=example,dc=com"
LDAP Settings,ldap_user_creation_and_mapping_section,Section Break,label,LDAP User Creation and Mapping
LDAP Settings,ldap_email_field,Data,label,LDAP Email Field
LDAP Settings,ldap_username_field,Data,label,LDAP Username Field
LDAP Settings,ldap_first_name_field,Data,label,LDAP First Name Field
LDAP Settings,do_not_create_new_user,Check,label,Do Not Create New User
LDAP Settings,do_not_create_new_user,Check,description,Do not create new user if user with email does not exist in the system
LDAP Settings,ldap_middle_name_field,Data,label,LDAP Middle Name Field
LDAP Settings,ldap_last_name_field,Data,label,LDAP Last Name Field
LDAP Settings,ldap_phone_field,Data,label,LDAP Phone Field
LDAP Settings,ldap_mobile_field,Data,label,LDAP Mobile Field
LDAP Settings,ldap_security,Section Break,label,LDAP Security
LDAP Settings,ssl_tls_mode,Select,label,SSL/TLS Mode
LDAP Settings,ssl_tls_mode,Select,option,Off
LDAP Settings,ssl_tls_mode,Select,option,StartTLS
LDAP Settings,require_trusted_certificate,Select,label,Require Trusted Certificate
LDAP Settings,require_trusted_certificate,Select,option,No
LDAP Settings,require_trusted_certificate,Select,option,Yes
LDAP Settings,local_private_key_file,Data,label,Path to private Key File
LDAP Settings,local_server_certificate_file,Data,label,Path to Server Certificate
LDAP Settings,local_ca_certs_file,Data,label,Path to CA Certs File
LDAP Settings,ldap_custom_settings_section,Section Break,label,LDAP Custom Settings
LDAP Settings,ldap_custom_settings_section,Section Break,description,These settings are required if 'Custom' LDAP Directory is used
LDAP Settings,ldap_group_objectclass,Data,label,Group Object Class
LDAP Settings,ldap_group_objectclass,Data,description,"string value, i.e. group"
LDAP Settings,ldap_custom_group_search,Data,label,Custom Group Search
LDAP Settings,ldap_custom_group_search,Data,description,"string value, i.e. {0} or uid={0},ou=users,dc=example,dc=com"
LDAP Settings,ldap_group_member_attribute,Data,label,LDAP Group Member attribute
LDAP Settings,ldap_group_member_attribute,Data,description,"string value, i.e. member"
LDAP Settings,ldap_group_mappings_section,Section Break,label,LDAP Group Mappings
LDAP Settings,default_user_type,Link,label,Default User Type
LDAP Settings,default_role,Link,label,Default User Role
LDAP Settings,ldap_groups,Table,label,LDAP Group Mappings
LDAP Settings,ldap_group_field,Data,label,LDAP Group Field
LDAP Settings,ldap_group_field,Data,description,NOTE: This box is due for depreciation. Please re-setup LDAP to work with the newer settings
S3 Backup Settings,enabled,Check,label,Enable Automatic Backup
S3 Backup Settings,api_access_section,Section Break,label,API Access
S3 Backup Settings,access_key_id,Data,label,Access Key ID
S3 Backup Settings,secret_access_key,Password,label,Access Key Secret
S3 Backup Settings,notification_section,Section Break,label,Notification
S3 Backup Settings,notify_email,Data,label,Send Notifications To
S3 Backup Settings,send_email_for_successful_backup,Check,label,Send Email for Successful Backup
S3 Backup Settings,send_email_for_successful_backup,Check,description,"By default, emails are only sent for failed backups."
S3 Backup Settings,s3_bucket_details_section,Section Break,label,S3 Bucket Details
S3 Backup Settings,bucket,Data,label,Bucket Name
S3 Backup Settings,endpoint_url,Data,label,Endpoint URL
S3 Backup Settings,endpoint_url,Data,description,Only change this if you want to use other S3 compatible object storage backends.
S3 Backup Settings,backup_details_section,Section Break,label,Backup Details
S3 Backup Settings,frequency,Select,label,Backup Frequency
S3 Backup Settings,frequency,Select,option,Daily
S3 Backup Settings,frequency,Select,option,Weekly
S3 Backup Settings,frequency,Select,option,Monthly
S3 Backup Settings,frequency,Select,option,None
S3 Backup Settings,backup_files,Check,label,Backup Files
S3 Backup Settings,backup_files,Check,description,Backup public and private files along with the database.
Job Requisition,naming_series,Select,label,Naming Series
Job Requisition,naming_series,Select,option,HR-HIREQ-
Job Requisition,designation,Link,label,Designation
Job Requisition,department,Link,label,Department
Job Requisition,no_of_positions,Int,label,No of. Positions
Job Requisition,expected_compensation,Currency,label,Expected Compensation
Job Requisition,company,Link,label,Company
Job Requisition,status,Select,label,Status
Job Requisition,status,Select,option,Pending
Job Requisition,status,Select,option,Open & Approved
Job Requisition,status,Select,option,Rejected
Job Requisition,status,Select,option,Filled
Job Requisition,status,Select,option,On Hold
Job Requisition,status,Select,option,Cancelled
Job Requisition,section_break_7,Section Break,label,Requested By
Job Requisition,requested_by,Link,label,Requested By
Job Requisition,requested_by_name,Data,label,Requested By (Name)
Job Requisition,requested_by_dept,Link,label,Department
Job Requisition,requested_by_designation,Link,label,Designation
Job Requisition,timelines_tab,Section Break,label,Timelines
Job Requisition,posting_date,Date,label,Posting Date
Job Requisition,completed_on,Date,label,Completed On
Job Requisition,expected_by,Date,label,Expected By
Job Requisition,time_to_fill,Duration,label,Time to Fill
Job Requisition,time_to_fill,Duration,description,Time taken to fill the open positions
Job Requisition,job_description_tab,Tab Break,label,Job Description
Job Requisition,description,Text Editor,label,Job Description
Job Requisition,reason_for_requesting,Text,label,Reason for Requesting
Job Requisition,connections_tab,Tab Break,label,Connections
Retention Bonus,employee_section,Section Break,label,Employee
Retention Bonus,employee,Link,label,Employee
Retention Bonus,employee_name,Data,label,Employee Name
Retention Bonus,department,Link,label,Department
Retention Bonus,company,Link,label,Company
Retention Bonus,date_of_joining,Data,label,Date of Joining
Retention Bonus,bonus_section,Section Break,label,Bonus
Retention Bonus,salary_component,Link,label,Salary Component
Retention Bonus,bonus_amount,Currency,label,Bonus Amount
Retention Bonus,bonus_payment_date,Date,label,Bonus Payment Date
Retention Bonus,currency,Link,label,Currency
Retention Bonus,amended_from,Link,label,Amended From
Employee Incentive,employee_section,Section Break,label,Employee
Employee Incentive,employee,Link,label,Employee
Employee Incentive,employee_name,Data,label,Employee Name
Employee Incentive,amended_from,Link,label,Amended From
Employee Incentive,company,Link,label,Company
Employee Incentive,department,Link,label,Department
Employee Incentive,incentive_section,Section Break,label,Incentive
Employee Incentive,salary_component,Link,label,Salary Component
Employee Incentive,currency,Link,label,Currency
Employee Incentive,payroll_date,Date,label,Payroll Date
Employee Incentive,incentive_amount,Currency,label,Incentive Amount
Token Cache,user,Link,label,User
Token Cache,connected_app,Link,label,Connected App
Token Cache,provider_name,Data,label,Provider Name
Token Cache,access_token,Password,label,Access Token
Token Cache,refresh_token,Password,label,Refresh Token
Token Cache,expires_in,Int,label,Expires In
Token Cache,state,Data,label,State
Token Cache,scopes,Table,label,Scopes
Token Cache,success_uri,Data,label,Success URI
Token Cache,token_type,Data,label,Token Type
Territory,,DocType,doctype_description,Classification of Customers by region
Territory,territory_name,Data,label,Territory Name
Territory,parent_territory,Link,label,Parent Territory
Territory,is_group,Check,label,Is Group
Territory,territory_manager,Link,label,Territory Manager
Territory,territory_manager,Link,description,For reference
Territory,lft,Int,label,lft
Territory,rgt,Int,label,rgt
Territory,old_parent,Link,label,old_parent
Territory,target_details_section_break,Section Break,label,Territory Targets
Territory,target_details_section_break,Section Break,description,Set Item Group-wise budgets on this Territory. You can also include seasonality by setting the Distribution.
Territory,targets,Table,label,Targets
Supplier Group,supplier_group_name,Data,label,Supplier Group Name
Supplier Group,parent_supplier_group,Link,label,Parent Supplier Group
Supplier Group,is_group,Check,label,Is Group
Supplier Group,section_credit_limit,Section Break,label,Credit Limit
Supplier Group,payment_terms,Link,label,Default Payment Terms Template
Supplier Group,default_payable_account,Section Break,label,Default Payable Account
Supplier Group,accounts,Table,label,Accounts
Supplier Group,accounts,Table,description,Mention if non-standard receivable account applicable
Supplier Group,lft,Int,label,lft
Supplier Group,rgt,Int,label,rgt
Supplier Group,old_parent,Link,label,Old Parent
Homepage,company,Link,label,Company
Homepage,hero_section_based_on,Select,label,Hero Section Based On
Homepage,hero_section_based_on,Select,option,Default
Homepage,hero_section_based_on,Select,option,Slideshow
Homepage,hero_section_based_on,Select,option,Homepage Section
Homepage,title,Data,label,Title
Homepage,section_break_4,Section Break,label,Hero Section
Homepage,tag_line,Data,label,Tag Line
Homepage,tag_line,Data,description,Company Tagline for website homepage
Homepage,description,Text,label,Description
Homepage,description,Text,description,Company Description for website homepage
Homepage,hero_image,Attach Image,label,Hero Image
Homepage,slideshow,Link,label,Homepage Slideshow
Homepage,hero_section,Link,label,Homepage Section
Appointment,scheduled_time,Datetime,label,Scheduled Time
Appointment,status,Select,label,Status
Appointment,status,Select,option,Open
Appointment,status,Select,option,Unverified
Appointment,status,Select,option,Closed
Appointment,customer_details_section,Section Break,label,Customer Details
Appointment,customer_name,Data,label,Name
Appointment,customer_phone_number,Data,label,Phone Number
Appointment,customer_skype,Data,label,Skype ID
Appointment,customer_email,Data,label,Email
Appointment,customer_details,Long Text,label,Details
Appointment,linked_docs_section,Section Break,label,Linked Documents
Appointment,appointment_with,Link,label,Appointment With
Appointment,party,Dynamic Link,label,Party
Appointment,calendar_event,Link,label,Calendar Event
Appointment Booking Settings,enable_scheduling,Check,label,Enable Appointment Scheduling
Appointment Booking Settings,agent_detail_section,Section Break,label,Agent Details
Appointment Booking Settings,availability_of_slots,Table,label,Availability Of Slots
Appointment Booking Settings,number_of_agents,Int,label,Number of Concurrent Appointments
Appointment Booking Settings,agent_list,Table MultiSelect,label,Agents
Appointment Booking Settings,holiday_list,Link,label,Holiday List
Appointment Booking Settings,appointment_details_section,Section Break,label,Appointment Details
Appointment Booking Settings,appointment_duration,Int,label,Appointment Duration (In Minutes)
Appointment Booking Settings,email_reminders,Check,label,Notify Via Email
Appointment Booking Settings,email_reminders,Check,description,Notify customer and agent via email on the day of the appointment.
Appointment Booking Settings,advance_booking_days,Int,label,Number of days appointments can be booked in advance
Appointment Booking Settings,success_details,Section Break,label,Success Settings
Appointment Booking Settings,success_redirect_url,Data,label,Success Redirect URL
Appointment Booking Settings,success_redirect_url,Data,description,"Leave blank for home.
This is relative to site URL, for example ""about"" will redirect to ""https://yoursitename.com/about"""
Bank Clearance,account,Link,label,Account
Bank Clearance,account_currency,Link,label,Account Currency
Bank Clearance,from_date,Date,label,From Date
Bank Clearance,to_date,Date,label,To Date
Bank Clearance,bank_account,Link,label,Bank Account
Bank Clearance,bank_account,Link,description,Select the Bank Account to reconcile.
Bank Clearance,include_reconciled_entries,Check,label,Include Reconciled Entries
Bank Clearance,include_pos_transactions,Check,label,Include POS Transactions
Bank Clearance,payment_entries,Table,label,Payment Entries
Role Permission for Page and Report,set_role_for,Select,label,Set Role For
Role Permission for Page and Report,set_role_for,Select,option,Page
Role Permission for Page and Report,set_role_for,Select,option,Report
Role Permission for Page and Report,page,Link,label,Page
Role Permission for Page and Report,report,Link,label,Report
Role Permission for Page and Report,enable_prepared_report,Check,label,Enable Prepared Report
Role Permission for Page and Report,roles_permission,Section Break,label,Allow Roles
Role Permission for Page and Report,roles_html,HTML,label,Roles Html
Role Permission for Page and Report,roles,Table,label,Roles
Incoterm,code,Data,label,Code
Incoterm,title,Data,label,Title
Incoterm,description,Long Text,label,Description
Workstation Type,workstation_type,Data,label,Workstation Type
Workstation Type,over_heads,Section Break,label,Operating Costs
Workstation Type,hour_rate_electricity,Currency,label,Electricity Cost
Workstation Type,hour_rate_electricity,Currency,description,per hour
Workstation Type,hour_rate_consumable,Currency,label,Consumable Cost
Workstation Type,hour_rate_consumable,Currency,description,per hour
Workstation Type,hour_rate_rent,Currency,label,Rent Cost
Workstation Type,hour_rate_rent,Currency,description,per hour
Workstation Type,hour_rate_labour,Currency,label,Wages
Workstation Type,hour_rate_labour,Currency,description,Wages per hour
Workstation Type,hour_rate,Currency,label,Net Hour Rate
Workstation Type,hour_rate,Currency,description,per hour
Workstation Type,description_tab,Tab Break,label,Description
Workstation Type,description,Small Text,label,Description
Employee Tax Exemption Declaration,employee,Link,label,Employee
Employee Tax Exemption Declaration,employee_name,Data,label,Employee Name
Employee Tax Exemption Declaration,department,Link,label,Department
Employee Tax Exemption Declaration,company,Link,label,Company
Employee Tax Exemption Declaration,payroll_period,Link,label,Payroll Period
Employee Tax Exemption Declaration,currency,Link,label,Currency
Employee Tax Exemption Declaration,amended_from,Link,label,Amended From
Employee Tax Exemption Declaration,section_break_8,Tab Break,label,Tax Exemption Declaration
Employee Tax Exemption Declaration,declarations,Table,label,Declarations
Employee Tax Exemption Declaration,total_declared_amount,Currency,label,Total Declared Amount
Employee Tax Exemption Declaration,total_exemption_amount,Currency,label,Total Exemption Amount
Employee Benefit Claim,employee,Link,label,Employee
Employee Benefit Claim,employee_name,Data,label,Employee Name
Employee Benefit Claim,department,Link,label,Department
Employee Benefit Claim,claim_date,Date,label,Claim Date
Employee Benefit Claim,currency,Link,label,Currency
Employee Benefit Claim,company,Link,label,Company
Employee Benefit Claim,amended_from,Link,label,Amended From
Employee Benefit Claim,benefit_type_and_amount,Section Break,label,Benefits
Employee Benefit Claim,earning_component,Link,label,Claim Benefit For
Employee Benefit Claim,max_amount_eligible,Currency,label,Max Amount Eligible
Employee Benefit Claim,pay_against_benefit_claim,Check,label,Pay Against Benefit Claim
Employee Benefit Claim,claimed_amount,Currency,label,Claimed Amount
Employee Benefit Claim,salary_slip,Link,label,Salary Slip
Employee Benefit Claim,section_break_9,Section Break,label,Expense Proof
Employee Benefit Claim,attachments,Attach,label,Attachments
Employee Benefit Application,employee,Link,label,Employee
Employee Benefit Application,employee_name,Data,label,Employee Name
Employee Benefit Application,department,Link,label,Department
Employee Benefit Application,date,Date,label,Date
Employee Benefit Application,payroll_period,Link,label,Payroll Period
Employee Benefit Application,company,Link,label,Company
Employee Benefit Application,amended_from,Link,label,Amended From
Employee Benefit Application,section_break_4,Section Break,label,Benefits
Employee Benefit Application,currency,Link,label,Currency
Employee Benefit Application,max_benefits,Currency,label,Max Benefits (Yearly)
Employee Benefit Application,remaining_benefit,Currency,label,Remaining Benefits (Yearly)
Employee Benefit Application,employee_benefits,Table,label,Employee Benefits
Employee Benefit Application,totals,Section Break,label,Totals
Employee Benefit Application,total_amount,Currency,label,Total Amount
Employee Benefit Application,pro_rata_dispensed_amount,Currency,label,Dispensed Amount (Pro-rated)
Leave Block List,,DocType,doctype_description,Block Holidays on important days.
Leave Block List,leave_block_list_name,Data,label,Leave Block List Name
Leave Block List,company,Link,label,Company
Leave Block List,applies_to_all_departments,Check,label,Applies to Company
Leave Block List,applies_to_all_departments,Check,description,"If not checked, the list will have to be added to each Department where it has to be applied."
Leave Block List,leave_type,Link,label,Leave Type
Leave Block List,block_days,Section Break,label,Block Days
Leave Block List,block_days,Section Break,description,Stop users from making Leave Applications on following days.
Leave Block List,add_day_wise_dates,Button,label,Add Day-wise Dates
Leave Block List,leave_block_list_dates,Table,label,Leave Block List Dates
Leave Block List,allow_list,Section Break,label,Allow Users
Leave Block List,allow_list,Section Break,description,Allow the following users to approve Leave Applications for block days.
Leave Block List,leave_block_list_allowed,Table,label,Leave Block List Allowed
Employee Tax Exemption Proof Submission,employee_details_tab,Tab Break,label,Employee
Employee Tax Exemption Proof Submission,employee,Link,label,Employee
Employee Tax Exemption Proof Submission,employee_name,Data,label,Employee Name
Employee Tax Exemption Proof Submission,department,Link,label,Department
Employee Tax Exemption Proof Submission,currency,Link,label,Currency
Employee Tax Exemption Proof Submission,amended_from,Link,label,Amended From
Employee Tax Exemption Proof Submission,submission_date,Date,label,Submission Date
Employee Tax Exemption Proof Submission,payroll_period,Link,label,Payroll Period
Employee Tax Exemption Proof Submission,company,Link,label,Company
Employee Tax Exemption Proof Submission,exemption_proofs_details_tab,Tab Break,label,Exemption Proofs
Employee Tax Exemption Proof Submission,tax_exemption_proofs,Table,label,Tax Exemption Proofs
Employee Tax Exemption Proof Submission,total_actual_amount,Currency,label,Total Actual Amount
Employee Tax Exemption Proof Submission,exemption_amount,Currency,label,Total Exemption Amount
Employee Tax Exemption Proof Submission,attachments,Attach,label,Attachments
Website Theme,bootstrap_theme_section,Tab Break,label,Theme Configuration
Website Theme,theme,Data,label,Theme
Website Theme,module,Link,label,Module
Website Theme,custom,Check,label,Custom?
Website Theme,google_font,Data,label,Google Font
Website Theme,font_size,Data,label,Font Size
Website Theme,font_properties,Data,label,Font Properties
Website Theme,button_rounded_corners,Check,label,Button Rounded Corners
Website Theme,button_shadows,Check,label,Button Shadows
Website Theme,button_gradients,Check,label,Button Gradients
Website Theme,primary_color,Link,label,Primary Color
Website Theme,text_color,Link,label,Text Color
Website Theme,light_color,Link,label,Light Color
Website Theme,dark_color,Link,label,Dark Color
Website Theme,background_color,Link,label,Background Color
Website Theme,stylesheet_section,Tab Break,label,Stylesheet
Website Theme,custom_overrides,Code,label,Custom Overrides
Website Theme,custom_scss,Code,label,Custom SCSS
Website Theme,ignored_apps,Table,label,Ignored Apps
Website Theme,theme_scss,Code,label,Theme
Website Theme,theme_url,Data,label,Theme URL
Website Theme,custom_js_section,Tab Break,label,Script
Website Theme,js,Code,label,JavaScript
Blogger,,DocType,doctype_description,User ID of a Blogger
Blogger,disabled,Check,label,Disabled
Blogger,short_name,Data,label,Short Name
Blogger,short_name,Data,description,Will be used in url (usually first name).
Blogger,full_name,Data,label,Full Name
Blogger,user,Link,label,User
Blogger,bio,Small Text,label,Bio
Blogger,avatar,Attach Image,label,Avatar
Blog Category,published,Check,label,Published
Blog Category,title,Data,label,Title
Blog Category,description,Small Text,label,Description
Blog Category,route,Data,label,Route
Blog Category,preview_image,Attach Image,label,Preview Image
Data Export,reference_doctype,Link,label,Select Doctype
Data Export,export_without_main_header,Check,label,Export without main header
Data Export,export_without_main_header,Check,description,Export the data without any header notes and column descriptions
Data Export,file_type,Select,label,File Type
Data Export,file_type,Select,option,Excel
Data Export,file_type,Select,option,CSV
Data Export,filter_list,HTML,label,Filter List
Data Export,fields_multicheck,HTML,label,Fields Multicheck
Task Type,weight,Float,label,Weight
Task Type,description,Small Text,label,Description
Salutation,salutation,Data,label,Salutation
Gender,gender,Data,label,Gender
Transaction Log,row_index,Data,label,Row Index
Transaction Log,reference_doctype,Data,label,Reference Document Type
Transaction Log,document_name,Data,label,Document Name
Transaction Log,timestamp,Datetime,label,Timestamp
Transaction Log,checksum_version,Data,label,Checksum Version
Transaction Log,previous_hash,Small Text,label,Previous Hash
Transaction Log,transaction_hash,Small Text,label,Transaction Hash
Transaction Log,chaining_hash,Small Text,label,Chaining Hash
Transaction Log,data,Long Text,label,Data
Transaction Log,amended_from,Link,label,Amended From
Success Action,ref_doctype,Link,label,Reference Document Type
Success Action,first_success_message,Data,label,First Success Message
Success Action,message,Data,label,Message
Success Action,next_actions_html,HTML,label,Next Actions HTML
Success Action,action_timeout,Int,label,Action Timeout (Seconds)
Domain Settings,active_domains_sb,Section Break,label,Active Domains
Domain Settings,domains_html,HTML,label,Domains HTML
Domain Settings,active_domains,Table,label,Active Domains
Custom Role,page,Link,label,Page
Custom Role,report,Link,label,Report
Custom Role,permission_rules,Section Break,label,Permission Rules
Custom Role,roles,Table,label,Role
Custom Role,response,HTML,label,response
Custom Role,ref_doctype,Data,label,Reference Document Type
OAuth Provider Settings,skip_authorization,Select,label,Skip Authorization
OAuth Provider Settings,skip_authorization,Select,option,Force
OAuth Provider Settings,skip_authorization,Select,option,Auto
Unhandled Email,email_account,Link,label,Email Account
Unhandled Email,uid,Data,label,UID
Unhandled Email,reason,Long Text,label,Reason
Unhandled Email,message_id,Code,label,Message-id
Unhandled Email,raw,Code,label,Raw Email
Email Unsubscribe,email,Data,label,Email
Email Unsubscribe,reference_doctype,Link,label,Reference Document Type
Email Unsubscribe,reference_name,Dynamic Link,label,Reference Name
Email Unsubscribe,global_unsubscribe,Check,label,Global Unsubscribe
Email Rule,email_id,Data,label,Email ID
Email Rule,is_spam,Check,label,Is Spam
Print Style,print_style_name,Data,label,Print Style Name
Print Style,disabled,Check,label,Disabled
Print Style,standard,Check,label,Standard
Print Style,css,Code,label,CSS
Print Style,preview,Attach Image,label,Preview
Bulk Update,document_type,Link,label,Document Type
Bulk Update,field,Select,label,Field
Bulk Update,update_value,Small Text,label,Update Value
Bulk Update,condition,Small Text,label,Condition
Bulk Update,condition,Small Text,description,"SQL Conditions. Example: status=""Open"""
Bulk Update,limit,Int,label,Limit
Bulk Update,limit,Int,description,Max 500 records at a time
Desktop Icon,module_name,Data,label,Module Name
Desktop Icon,label,Data,label,Label
Desktop Icon,standard,Check,label,Standard
Desktop Icon,custom,Check,label,Custom
Desktop Icon,app,Data,label,App
Desktop Icon,description,Small Text,label,Description
Desktop Icon,category,Data,label,Category
Desktop Icon,hidden,Check,label,Hidden
Desktop Icon,blocked,Check,label,Blocked
Desktop Icon,force_show,Check,label,Force Show
Desktop Icon,type,Select,label,Type
Desktop Icon,type,Select,option,module
Desktop Icon,type,Select,option,list
Desktop Icon,type,Select,option,link
Desktop Icon,type,Select,option,page
Desktop Icon,type,Select,option,query-report
Desktop Icon,_doctype,Link,label,_doctype
Desktop Icon,_report,Link,label,_report
Desktop Icon,link,Small Text,label,Link
Desktop Icon,color,Data,label,Color
Desktop Icon,icon,Data,label,Icon
Desktop Icon,reverse,Check,label,Reverse Icon Color
Desktop Icon,idx,Int,label,Idx
Help Category,category_name,Data,label,Category Name
Help Category,category_description,Text,label,Category Description
Help Category,published,Check,label,Published
Help Category,help_articles,Int,label,Help Articles
Help Category,route,Data,label,Route
Website Script,,DocType,doctype_description,Script to attach to all web pages.
Website Script,javascript,Code,label,Javascript
Website Slideshow,,DocType,doctype_description,Slideshow like display for the website
Website Slideshow,slideshow_name,Data,label,Slideshow Name
Website Slideshow,sb0,Section Break,description,"Note: For best results,  images must be of the same size and width must be greater than height."
Website Slideshow,slideshow_items,Table,label,Slideshow Items
Website Slideshow,header,HTML Editor,label,Header
Website Slideshow,header,HTML Editor,description,This goes above the slideshow.
Website Sidebar,title,Data,label,Title
Website Sidebar,sidebar_items,Table,label,Sidebar Items
Address Template,country,Link,label,Country
Address Template,is_default,Check,label,Is Default
Address Template,is_default,Check,description,This format is used if country specific format is not found
Address Template,template,Code,label,Template
Address Template,template,Code,description,"<h4>Default Template</h4>
<p>Uses <a href=""http://jinja.pocoo.org/docs/templates/"">Jinja Templating</a> and all the fields of Address (including Custom Fields if any) will be available</p>
<pre><code>{{ address_line1 }}&lt;br&gt;
{% if address_line2 %}{{ address_line2 }}&lt;br&gt;{% endif -%}
{{ city }}&lt;br&gt;
{% if state %}{{ state }}&lt;br&gt;{% endif -%}
{% if pincode %} PIN:  {{ pincode }}&lt;br&gt;{% endif -%}
{{ country }}&lt;br&gt;
{% if phone %}Phone: {{ phone }}&lt;br&gt;{% endif -%}
{% if fax %}Fax: {{ fax }}&lt;br&gt;{% endif -%}
{% if email_id %}Email: {{ email_id }}&lt;br&gt;{% endif -%}
</code></pre>"
Translation,contributed,Check,label,Contributed
Translation,language,Link,label,Language
Translation,source_text,Code,label,Source Text
Translation,source_text,Code,description,"If your data is in HTML, please copy paste the exact HTML code with the tags."
Translation,context,Data,label,Context
Translation,translated_text,Code,label,Translated Text
Translation,contribution_status,Select,label,Contribution Status
Translation,contribution_status,Select,option,Pending
Translation,contribution_status,Select,option,Verified
Translation,contribution_status,Select,option,Rejected
Translation,contribution_docname,Data,label,Contribution Document Name
Driver,naming_series,Select,label,Series
Driver,naming_series,Select,option,HR-DRI-.YYYY.-
Driver,full_name,Data,label,Full Name
Driver,status,Select,label,Status
Driver,status,Select,option,Active
Driver,status,Select,option,Suspended
Driver,status,Select,option,Left
Driver,transporter,Link,label,Transporter
Driver,transporter,Link,description,Applicable for external driver
Driver,employee,Link,label,Employee
Driver,cell_number,Data,label,Cellphone Number
Driver,address,Link,label,Address
Driver,license_details,Section Break,label,License Details
Driver,license_number,Data,label,License Number
Driver,issuing_date,Date,label,Issuing Date
Driver,expiry_date,Date,label,Expiry Date
Driver,driving_license_categories,Section Break,label,Driving License Categories
Driver,driving_license_category,Table,label,Driving License Category
BOM Update Log,,DocType,doctype_description,BOM Update Tool Log with job status maintained
BOM Update Log,update_type,Select,label,Update Type
BOM Update Log,update_type,Select,option,Replace BOM
BOM Update Log,update_type,Select,option,Update Cost
BOM Update Log,status,Select,label,Status
BOM Update Log,status,Select,option,Queued
BOM Update Log,status,Select,option,In Progress
BOM Update Log,status,Select,option,Completed
BOM Update Log,status,Select,option,Failed
BOM Update Log,current_bom,Link,label,Current BOM
BOM Update Log,new_bom,Link,label,New BOM
BOM Update Log,error_log,Link,label,Error Log
BOM Update Log,progress_section,Section Break,label,Progress
BOM Update Log,current_level,Int,label,Current Level
BOM Update Log,processed_boms,Long Text,label,Processed BOMs
BOM Update Log,amended_from,Link,label,Amended From
Access Log,log_data_section,Section Break,label,Log Data
Access Log,export_from,Data,label,Export From
Access Log,user,Link,label,User
Access Log,show_document,Button,label,Show Document
Access Log,reference_document,Data,label,Reference Document
Access Log,timestamp,Datetime,label,Timestamp
Access Log,private_file_section,Section Break,label,File Information
Access Log,file_type,Data,label,File Type
Access Log,method,Data,label,Method
Access Log,report_information_section,Section Break,label,Report Information
Access Log,report_name,Data,label,Report Name
Access Log,filters,Code,label,Filters
Access Log,show_report,Button,label,Show Report
Access Log,raw_information_log_section,Section Break,label,RAW Information Log
Access Log,page,HTML Editor,label,HTML Page
Access Log,columns,HTML Editor,label,Columns / Fields
Log Settings,logs_to_clear,Table,label,Logs to Clear
User Type,is_standard,Check,label,Is Standard
User Type,section_break_2,Section Break,label,Document Types and Permissions
User Type,role,Link,label,Role
User Type,apply_user_permission_on,Link,label,Apply User Permission On
User Type,apply_user_permission_on,Link,description,Can only list down the document types which has been linked to the User document type.
User Type,user_id_field,Select,label,User Id Field
User Type,user_doctypes,Table,label,Document Types
User Type,custom_select_doctypes,Table,label,Custom Document Types (Select Permission)
User Type,select_doctypes,Table,label,Document Types (Select Permissions Only)
User Type,allowed_modules_section,Section Break,label,Allowed Modules
User Type,user_type_modules,Table,label,User Type Module
Employee Grade,default_salary_structure,Link,label,Default Salary Structure
Employee Grade,currency,Link,label,Currency
Employee Grade,default_base_pay,Currency,label,Default Base Pay
Training Feedback,employee,Link,label,Employee
Training Feedback,employee_name,Read Only,label,Employee Name
Training Feedback,department,Link,label,Department
Training Feedback,course,Data,label,Course
Training Feedback,training_event,Link,label,Training Event
Training Feedback,event_name,Data,label,Event Name
Training Feedback,trainer_name,Data,label,Trainer Name
Training Feedback,feedback,Text,label,Feedback
Training Feedback,amended_from,Link,label,Amended From
Training Event,event_name,Data,label,Event Name
Training Event,training_program,Link,label,Training Program
Training Event,event_status,Select,label,Event Status
Training Event,event_status,Select,option,Scheduled
Training Event,event_status,Select,option,Completed
Training Event,event_status,Select,option,Cancelled
Training Event,has_certificate,Check,label,Has Certificate
Training Event,type,Select,label,Type
Training Event,type,Select,option,Seminar
Training Event,type,Select,option,Theory
Training Event,type,Select,option,Workshop
Training Event,type,Select,option,Conference
Training Event,type,Select,option,Exam
Training Event,type,Select,option,Internet
Training Event,type,Select,option,Self-Study
Training Event,level,Select,label,Level
Training Event,level,Select,option,Beginner
Training Event,level,Select,option,Intermediate
Training Event,level,Select,option,Advance
Training Event,company,Link,label,Company
Training Event,trainer_name,Data,label,Trainer Name
Training Event,trainer_email,Data,label,Trainer Email
Training Event,supplier,Link,label,Supplier
Training Event,contact_number,Data,label,Contact Number
Training Event,course,Data,label,Course
Training Event,location,Data,label,Location
Training Event,start_time,Datetime,label,Start Time
Training Event,end_time,Datetime,label,End Time
Training Event,introduction,Text Editor,label,Introduction
Training Event,section_break_18,Section Break,label,Attendees
Training Event,employees,Table,label,Employees
Training Event,amended_from,Link,label,Amended From
Training Event,employee_emails,Small Text,label,Employee Emails
Call Log,call_details_section,Section Break,label,Call Details
Call Log,id,Data,label,ID
Call Log,from,Data,label,From
Call Log,to,Data,label,To
Call Log,call_received_by,Link,label,Call Received By
Call Log,employee_user_id,Link,label,Employee User Id
Call Log,medium,Data,label,Medium
Call Log,start_time,Datetime,label,Start Time
Call Log,end_time,Datetime,label,End Time
Call Log,type,Select,label,Type
Call Log,type,Select,option,Incoming
Call Log,type,Select,option,Outgoing
Call Log,customer,Link,label,Customer
Call Log,status,Select,label,Status
Call Log,status,Select,option,Ringing
Call Log,status,Select,option,In Progress
Call Log,status,Select,option,Completed
Call Log,status,Select,option,Failed
Call Log,status,Select,option,Busy
Call Log,status,Select,option,No Answer
Call Log,status,Select,option,Queued
Call Log,status,Select,option,Canceled
Call Log,duration,Duration,label,Duration
Call Log,duration,Duration,description,Call Duration in seconds
Call Log,recording_url,Data,label,Recording URL
Call Log,recording_html,HTML,label,Recording HTML
Call Log,section_break_11,Section Break,label,Call Summary
Call Log,type_of_call,Link,label,Type Of Call
Call Log,summary,Small Text,label,Summary
Call Log,section_break_19,Section Break,label,Reference
Call Log,links,Table,label,Links
Leave Allocation,naming_series,Select,label,Series
Leave Allocation,naming_series,Select,option,HR-LAL-.YYYY.-
Leave Allocation,employee,Link,label,Employee
Leave Allocation,employee_name,Data,label,Employee Name
Leave Allocation,department,Link,label,Department
Leave Allocation,company,Link,label,Company
Leave Allocation,leave_type,Link,label,Leave Type
Leave Allocation,from_date,Date,label,From Date
Leave Allocation,to_date,Date,label,To Date
Leave Allocation,section_break_6,Section Break,label,Allocation
Leave Allocation,new_leaves_allocated,Float,label,New Leaves Allocated
Leave Allocation,carry_forward,Check,label,Add unused leaves from previous allocations
Leave Allocation,unused_leaves,Float,label,Unused leaves
Leave Allocation,total_leaves_allocated,Float,label,Total Leaves Allocated
Leave Allocation,total_leaves_encashed,Float,label,Total Leaves Encashed
Leave Allocation,compensatory_request,Link,label,Compensatory Leave Request
Leave Allocation,leave_period,Link,label,Leave Period
Leave Allocation,leave_policy,Link,label,Leave Policy
Leave Allocation,leave_policy_assignment,Link,label,Leave Policy Assignment
Leave Allocation,carry_forwarded_leaves_count,Float,label,Carry Forwarded Leaves
Leave Allocation,expired,Check,label,Expired
Leave Allocation,amended_from,Link,label,Amended From
Leave Allocation,notes,Section Break,label,Notes
Leave Allocation,description,Small Text,label,Description
Property Setter,,DocType,doctype_description,Property Setter overrides a standard DocType or Field property
Property Setter,is_system_generated,Check,label,Is System Generated
Property Setter,help,HTML,label,Help
Property Setter,doctype_or_field,Select,label,Applied On
Property Setter,doctype_or_field,Select,option,DocField
Property Setter,doctype_or_field,Select,option,DocType
Property Setter,doctype_or_field,Select,option,DocType Link
Property Setter,doctype_or_field,Select,option,DocType Action
Property Setter,doctype_or_field,Select,option,DocType State
Property Setter,doc_type,Link,label,DocType
Property Setter,field_name,Data,label,Field Name
Property Setter,field_name,Data,description,ID (name) of the entity whose property is to be set
Property Setter,row_name,Data,label,Row Name
Property Setter,row_name,Data,description,For DocType Link / DocType Action
Property Setter,module,Link,label,Module (for export)
Property Setter,property,Data,label,Property
Property Setter,property_type,Data,label,Property Type
Property Setter,value,Small Text,label,Set Value
Property Setter,value,Small Text,description,New value to be set
Property Setter,default_value,Data,label,Default Value
Skill,skill_name,Data,label,Skill Name
Skill,description,Text,label,Description
Telephony Call Type,call_type,Data,label,Call Type
Telephony Call Type,amended_from,Link,label,Amended From
Opportunity Lost Reason,lost_reason,Data,label,Lost Reason
Cost Center Allocation,main_cost_center,Link,label,Main Cost Center
Cost Center Allocation,company,Link,label,Company
Cost Center Allocation,valid_from,Date,label,Valid From
Cost Center Allocation,allocation_percentages,Table,label,Cost Center Allocation Percentages
Cost Center Allocation,amended_from,Link,label,Amended From
Leave Policy,title,Data,label,Title
Leave Policy,leave_allocations_section,Section Break,label,Leave Allocations
Leave Policy,leave_policy_details,Table,label,Leave Policy Details
Leave Policy,amended_from,Link,label,Amended From
Tax Category,title,Data,label,Title
Tax Category,disabled,Check,label,Disabled
Training Result,training_event,Link,label,Training Event
Training Result,employees,Table,label,Employees
Training Result,amended_from,Link,label,Amended From
Training Result,employee_emails,Small Text,label,Employee Emails
Appointment Letter,job_applicant,Link,label,Job Applicant
Appointment Letter,applicant_name,Data,label,Applicant Name
Appointment Letter,company,Link,label,Company
Appointment Letter,appointment_date,Date,label,Appointment Date
Appointment Letter,appointment_letter_template,Link,label,Appointment Letter Template
Appointment Letter,body_section,Section Break,label,Body
Appointment Letter,introduction,Long Text,label,Introduction
Appointment Letter,terms,Table,label,Terms
Appointment Letter,closing_notes,Text,label,Closing Notes
Appointment Letter Template,template_name,Data,label,Template Name
Appointment Letter Template,introduction,Long Text,label,Introduction
Appointment Letter Template,terms,Table,label,Terms
Appointment Letter Template,closing_notes,Text,label,Closing Notes
Document Share Key,reference_doctype,Link,label,Reference Document Type
Document Share Key,reference_docname,Dynamic Link,label,Reference Document Name
Document Share Key,key,Data,label,Key
Document Share Key,expires_on,Date,label,Expires On
Leave Policy Assignment,employee,Link,label,Employee
Leave Policy Assignment,employee_name,Data,label,Employee name
Leave Policy Assignment,company,Link,label,Company
Leave Policy Assignment,leave_policy,Link,label,Leave Policy
Leave Policy Assignment,carry_forward,Check,label,Add unused leaves from previous allocations
Leave Policy Assignment,assignment_based_on,Select,label,Assignment based on
Leave Policy Assignment,assignment_based_on,Select,option,Leave Period
Leave Policy Assignment,assignment_based_on,Select,option,Joining Date
Leave Policy Assignment,leave_period,Link,label,Leave Period
Leave Policy Assignment,effective_from,Date,label,Effective From
Leave Policy Assignment,effective_to,Date,label,Effective To
Leave Policy Assignment,leaves_allocated,Check,label,Leaves Allocated
Leave Policy Assignment,amended_from,Link,label,Amended From
Leave Period,from_date,Date,label,From Date
Leave Period,to_date,Date,label,To Date
Leave Period,is_active,Check,label,Is Active
Leave Period,company,Link,label,Company
Leave Period,optional_holiday_list,Link,label,Holiday List for Optional Leave
Connected App,provider_name,Data,label,Provider Name
Connected App,openid_configuration,Data,label,OpenID Configuration
Connected App,sb_client_credentials_section,Section Break,label,Client Credentials
Connected App,client_id,Data,label,Client Id
Connected App,redirect_uri,Data,label,Redirect URI
Connected App,client_secret,Password,label,Client Secret
Connected App,sb_scope_section,Section Break,label,Scopes
Connected App,scopes,Table,label,Scopes
Connected App,sb_endpoints_section,Section Break,label,Endpoints
Connected App,authorization_uri,Small Text,label,Authorization URI
Connected App,token_uri,Data,label,Token URI
Connected App,revocation_uri,Data,label,Revocation URI
Connected App,userinfo_uri,Data,label,Userinfo URI
Connected App,introspection_uri,Data,label,Introspection URI
Connected App,section_break_18,Section Break,label,Extra Parameters
Connected App,query_parameters,Table,label,Query Parameters
Opening Invoice Creation Tool,company,Link,label,Company
Opening Invoice Creation Tool,create_missing_party,Check,label,Create Missing Party
Opening Invoice Creation Tool,create_missing_party,Check,description,Create missing customer or supplier.
Opening Invoice Creation Tool,invoice_type,Select,label,Invoice Type
Opening Invoice Creation Tool,invoice_type,Select,option,Sales
Opening Invoice Creation Tool,invoice_type,Select,option,Purchase
Opening Invoice Creation Tool,accounting_dimensions_section,Section Break,label,Accounting Dimensions
Opening Invoice Creation Tool,cost_center,Link,label,Cost Center
Opening Invoice Creation Tool,section_break_4,Section Break,label,Invoices
User Permission,user,Link,label,User
User Permission,allow,Link,label,Allow
User Permission,for_value,Dynamic Link,label,For Value
User Permission,is_default,Check,label,Is Default
User Permission,advanced_control_section,Section Break,label,Advanced Control
User Permission,apply_to_all_doctypes,Check,label,Apply To All Document Types
User Permission,applicable_for,Link,label,Applicable For
User Permission,hide_descendants,Check,label,Hide Descendants
User Permission,hide_descendants,Check,description,Hide descendant records of <b>For Value</b>.
Personal Data Deletion Request,email,Data,label,Email
Personal Data Deletion Request,status,Select,label,Status
Personal Data Deletion Request,status,Select,option,Pending Verification
Personal Data Deletion Request,status,Select,option,Pending Approval
Personal Data Deletion Request,status,Select,option,On Hold
Personal Data Deletion Request,status,Select,option,Deleted
Personal Data Deletion Request,anonymization_matrix,Code,label,Anonymization Matrix
Personal Data Deletion Request,deletion_steps,Table,label,Deletion Steps
Ledger Merge,root_type,Select,label,Root Type
Ledger Merge,root_type,Select,option,Asset
Ledger Merge,root_type,Select,option,Liability
Ledger Merge,root_type,Select,option,Income
Ledger Merge,root_type,Select,option,Expense
Ledger Merge,root_type,Select,option,Equity
Ledger Merge,account,Link,label,Account
Ledger Merge,account_name,Data,label,Account Name
Ledger Merge,company,Link,label,Company
Ledger Merge,status,Select,label,Status
Ledger Merge,status,Select,option,Pending
Ledger Merge,status,Select,option,Success
Ledger Merge,status,Select,option,Partial Success
Ledger Merge,status,Select,option,Error
Ledger Merge,is_group,Check,label,Is Group
Ledger Merge,merge_accounts,Table,label,Accounts to Merge
Exit Interview,naming_series,Select,label,Naming Series
Exit Interview,naming_series,Select,option,HR-EXIT-INT-
Exit Interview,employee,Link,label,Employee
Exit Interview,employee_name,Data,label,Employee Name
Exit Interview,email,Data,label,Email ID
Exit Interview,company,Link,label,Company
Exit Interview,status,Select,label,Status
Exit Interview,status,Select,option,Pending
Exit Interview,status,Select,option,Scheduled
Exit Interview,status,Select,option,Completed
Exit Interview,status,Select,option,Cancelled
Exit Interview,date,Date,label,Date
Exit Interview,employee_details_section,Section Break,label,Employee Details
Exit Interview,department,Link,label,Department
Exit Interview,designation,Link,label,Designation
Exit Interview,reports_to,Link,label,Reports To
Exit Interview,date_of_joining,Date,label,Date of Joining
Exit Interview,relieving_date,Date,label,Relieving Date
Exit Interview,exit_questionnaire_section,Section Break,label,Exit Questionnaire
Exit Interview,ref_doctype,Link,label,Reference Document Type
Exit Interview,questionnaire_email_sent,Check,label,Questionnaire Email Sent
Exit Interview,reference_document_name,Dynamic Link,label,Reference Document Name
Exit Interview,interview_summary_section,Section Break,label,Interview Details
Exit Interview,interviewers,Table MultiSelect,label,Interviewers
Exit Interview,interview_summary,Text Editor,label,Interview Summary
Exit Interview,employee_status,Select,label,Final Decision
Exit Interview,employee_status,Select,option,Employee Retained
Exit Interview,employee_status,Select,option,Exit Confirmed
Exit Interview,amended_from,Link,label,Amended From
Module Profile,module_profile_name,Data,label,Module Profile Name
Module Profile,module_html,HTML,label,Module HTML
Module Profile,block_modules,Table,label,Block Modules
Role Profile,role_profile,Data,label,Role Name
Role Profile,roles_html,HTML,label,Roles HTML
Role Profile,roles,Table,label,Roles Assigned
Email Flag Queue,is_completed,Check,label,Is Completed
Email Flag Queue,communication,Data,label,Communication
Email Flag Queue,action,Select,label,Action
Email Flag Queue,action,Select,option,Read
Email Flag Queue,action,Select,option,Unread
Email Flag Queue,email_account,Data,label,Email Account
Email Flag Queue,uid,Data,label,UID
Energy Point Settings,enabled,Check,label,Enabled
Energy Point Settings,review_levels,Table,label,Review Levels
Energy Point Settings,point_allocation_periodicity,Select,label,Point Allocation Periodicity
Energy Point Settings,point_allocation_periodicity,Select,option,Daily
Energy Point Settings,point_allocation_periodicity,Select,option,Weekly
Energy Point Settings,point_allocation_periodicity,Select,option,Monthly
Energy Point Settings,last_point_allocation_date,Date,label,Last Point Allocation Date
Dunning Type,dunning_type,Data,label,Dunning Type
Dunning Type,is_default,Check,label,Is Default
Dunning Type,company,Link,label,Company
Dunning Type,dunning_fee,Currency,label,Dunning Fee
Dunning Type,rate_of_interest,Float,label,Rate of Interest (%) Yearly
Dunning Type,text_block_section,Section Break,label,Dunning Letter
Dunning Type,text_block_section,Section Break,description,"This section allows the user to set the Body and Closing text of the Dunning Letter for the Dunning Type based on language, which can be used in Print."
Dunning Type,section_break_9,Section Break,label,Accounting Details
Dunning Type,income_account,Link,label,Income Account
Dunning Type,cost_center,Link,label,Cost Center
Supplier Scorecard Criteria,criteria_name,Data,label,Criteria Name
Supplier Scorecard Criteria,max_score,Float,label,Max Score
Supplier Scorecard Criteria,formula,Small Text,label,Criteria Formula
Supplier Scorecard Criteria,weight,Percent,label,Criteria Weight
Print Format Field Template,document_type,Link,label,Document Type
Print Format Field Template,field,Data,label,Default Template For Field
Print Format Field Template,template_file,Data,label,Template File
Print Format Field Template,module,Link,label,Module
Print Format Field Template,standard,Check,label,Standard
Print Format Field Template,template,Code,label,Template
UOM,enabled,Check,label,Enabled
UOM,uom_name,Data,label,UOM Name
UOM,must_be_whole_number,Check,label,Must be Whole Number
UOM,must_be_whole_number,Check,description,Check this to disallow fractions. (for Nos)
Support Settings,sb_00,Section Break,label,Service Level Agreements
Support Settings,track_service_level_agreement,Check,label,Track Service Level Agreement
Support Settings,allow_resetting_service_level_agreement,Check,label,Allow Resetting Service Level Agreement
Support Settings,issues_sb,Section Break,label,Issues
Support Settings,close_issue_after_days,Int,label,Close Issue After Days
Support Settings,portal_sb,Section Break,label,Support Portal
Support Settings,get_started_sections,Code,label,Get Started Sections
Support Settings,show_latest_forum_posts,Check,label,Show Latest Forum Posts
Support Settings,forum_sb,Section Break,label,Forum Posts
Support Settings,forum_url,Data,label,Forum URL
Support Settings,get_latest_query,Data,label,Get Latest Query
Support Settings,response_key_list,Data,label,Response Key List
Support Settings,post_title_key,Data,label,Post Title Key
Support Settings,post_description_key,Data,label,Post Description Key
Support Settings,post_route_key,Data,label,Post Route Key
Support Settings,post_route_string,Data,label,Post Route String
Support Settings,greetings_section_section,Section Break,label,Greetings Section
Support Settings,greeting_title,Data,label,Greeting Title
Support Settings,greeting_subtitle,Data,label,Greeting Subtitle
Support Settings,search_apis_sb,Section Break,label,Search APIs
Support Settings,search_apis,Table,label,Search APIs
Interview Type,description,Text,label,Description
Discussion Topic,title,Data,label,Title
Discussion Topic,reference_doctype,Link,label,Reference Doctype
Discussion Topic,reference_docname,Dynamic Link,label,Reference Docname
Discussion Reply,topic,Link,label,Topic
Discussion Reply,reply,Text Editor,label,Reply
SMS Settings,sms_gateway_url,Small Text,label,SMS Gateway URL
SMS Settings,sms_gateway_url,Small Text,description,Eg. smsgateway.com/api/send_sms.cgi
SMS Settings,message_parameter,Data,label,Message Parameter
SMS Settings,message_parameter,Data,description,Enter url parameter for message
SMS Settings,receiver_parameter,Data,label,Receiver Parameter
SMS Settings,receiver_parameter,Data,description,Enter url parameter for receiver nos
SMS Settings,parameters,Table,label,Static Parameters
SMS Settings,parameters,Table,description,"Enter static url parameters here (Eg. sender=ERPNext, username=ERPNext, password=1234 etc.)"
SMS Settings,use_post,Check,label,Use POST
Package Import,attach_package,Attach,label,Attach Package
Package Import,activate,Check,label,Activate
Package Import,force,Check,label,Force
Package Import,log,Code,label,Log
Package Release,package,Link,label,Package
Package Release,publish,Check,label,Publish
Package Release,path,Small Text,label,Path
Package Release,major,Int,label,Major
Package Release,minor,Int,label,Minor
Package Release,patch,Int,label,Patch
Package Release,release_notes,Markdown Editor,label,Release Notes
Package,package_name,Data,label,Package Name
Package,readme,Markdown Editor,label,Readme
Package,license_type,Select,label,License Type
Package,license_type,Select,option,MIT License
Package,license_type,Select,option,GNU General Public License
Package,license_type,Select,option,GNU Affero General Public License
Package,license,Markdown Editor,label,License
Party Link,primary_role,Link,label,Primary Role
Party Link,secondary_role,Link,label,Secondary Role
Party Link,primary_party,Dynamic Link,label,Primary Party
Party Link,secondary_party,Dynamic Link,label,Secondary Party
Employee Separation,employee,Link,label,Employee
Employee Separation,employee_name,Data,label,Employee Name
Employee Separation,department,Link,label,Department
Employee Separation,designation,Link,label,Designation
Employee Separation,employee_grade,Link,label,Employee Grade
Employee Separation,company,Link,label,Company
Employee Separation,boarding_status,Select,label,Status
Employee Separation,boarding_status,Select,option,Pending
Employee Separation,boarding_status,Select,option,In Process
Employee Separation,boarding_status,Select,option,Completed
Employee Separation,resignation_letter_date,Date,label,Resignation Letter Date
Employee Separation,boarding_begins_on,Date,label,Separation Begins On
Employee Separation,project,Link,label,Project
Employee Separation,table_for_activity,Section Break,label,Separation Activities
Employee Separation,employee_separation_template,Link,label,Employee Separation Template
Employee Separation,activities,Table,label,Activities
Employee Separation,notify_users_by_email,Check,label,Notify users by email
Employee Separation,exit_interview,Text Editor,label,Exit Interview Summary
Employee Separation,amended_from,Link,label,Amended From
Assignment Rule,,DocType,doctype_description,Automatically Assign Documents to Users
Assignment Rule,document_type,Link,label,Document Type
Assignment Rule,due_date_based_on,Select,label,Due Date Based On
Assignment Rule,due_date_based_on,Select,description,Value from this field will be set as the due date in the ToDo
Assignment Rule,priority,Int,label,Priority
Assignment Rule,priority,Int,description,Higher priority rule will be applied first
Assignment Rule,disabled,Check,label,Disabled
Assignment Rule,description,Small Text,label,Description
Assignment Rule,description,Small Text,description,Example: {{ subject }}
Assignment Rule,assignment_rules_section,Section Break,label,Assignment Rules
Assignment Rule,assign_condition,Code,label,Assign Condition
Assignment Rule,assign_condition,Code,description,"Simple Python Expression, Example: status == 'Open' and type == 'Bug'"
Assignment Rule,unassign_condition,Code,label,Unassign Condition
Assignment Rule,unassign_condition,Code,description,"Simple Python Expression, Example: Status in (""Closed"", ""Cancelled"")"
Assignment Rule,close_condition,Code,label,Close Condition
Assignment Rule,close_condition,Code,description,"Simple Python Expression, Example: Status in (""Invalid"")"
Assignment Rule,sb,Section Break,label,Assignment Days
Assignment Rule,assignment_days,Table,label,Assignment Days
Assignment Rule,assign_to_users_section,Section Break,label,Assign To Users
Assignment Rule,rule,Select,label,Rule
Assignment Rule,rule,Select,option,Round Robin
Assignment Rule,rule,Select,option,Load Balancing
Assignment Rule,rule,Select,option,Based on Field
Assignment Rule,field,Select,label,Field
Assignment Rule,users,Table MultiSelect,label,Users
Assignment Rule,last_user,Link,label,Last User
South Africa VAT Settings,company,Link,label,Company
South Africa VAT Settings,vat_accounts,Table,label,VAT Accounts
Campaign,,DocType,doctype_description,"Keep Track of Sales Campaigns. Keep track of Leads, Quotations, Sales Order etc from Campaigns to gauge Return on Investment."
Campaign,campaign,Section Break,label,Campaign
Campaign,campaign_name,Data,label,Campaign Name
Campaign,naming_series,Select,label,Naming Series
Campaign,naming_series,Select,option,SAL-CAM-.YYYY.-
Campaign,campaign_schedules_section,Section Break,label,Campaign Schedules
Campaign,campaign_schedules,Table,label,Campaign Schedules
Campaign,description,Text,label,Description
Tax Rule,tax_type,Select,label,Tax Type
Tax Rule,tax_type,Select,option,Sales
Tax Rule,tax_type,Select,option,Purchase
Tax Rule,use_for_shopping_cart,Check,label,Use for Shopping Cart
Tax Rule,sales_tax_template,Link,label,Sales Tax Template
Tax Rule,purchase_tax_template,Link,label,Purchase Tax Template
Tax Rule,filters,Section Break,label,Filters
Tax Rule,customer,Link,label,Customer
Tax Rule,supplier,Link,label,Supplier
Tax Rule,item,Link,label,Item
Tax Rule,billing_city,Data,label,Billing City
Tax Rule,billing_county,Data,label,Billing County
Tax Rule,billing_state,Data,label,Billing State
Tax Rule,billing_zipcode,Data,label,Billing Zipcode
Tax Rule,billing_country,Link,label,Billing Country
Tax Rule,tax_category,Link,label,Tax Category
Tax Rule,customer_group,Link,label,Customer Group
Tax Rule,supplier_group,Link,label,Supplier Group
Tax Rule,item_group,Link,label,Item Group
Tax Rule,shipping_city,Data,label,Shipping City
Tax Rule,shipping_county,Data,label,Shipping County
Tax Rule,shipping_state,Data,label,Shipping State
Tax Rule,shipping_zipcode,Data,label,Shipping Zipcode
Tax Rule,shipping_country,Link,label,Shipping Country
Tax Rule,section_break_4,Section Break,label,Validity
Tax Rule,from_date,Date,label,From Date
Tax Rule,to_date,Date,label,To Date
Tax Rule,priority,Int,label,Priority
Tax Rule,company,Link,label,Company
Vehicle Log,vehicle_section,Section Break,option,fa fa-user
Vehicle Log,naming_series,Select,label,Series
Vehicle Log,naming_series,Select,option,HR-VLOG-.YYYY.-
Vehicle Log,license_plate,Link,label,License Plate
Vehicle Log,employee,Link,label,Employee
Vehicle Log,model,Read Only,label,Model
Vehicle Log,make,Read Only,label,Make
Vehicle Log,odometer_reading,Section Break,label,Odometer Reading
Vehicle Log,date,Date,label,Date
Vehicle Log,odometer,Int,label,Current Odometer value
Vehicle Log,last_odometer,Int,label,Last Odometer Value
Vehicle Log,refuelling_details,Section Break,label,Refuelling Details
Vehicle Log,fuel_qty,Float,label,Fuel Qty
Vehicle Log,price,Currency,label,Fuel Price
Vehicle Log,supplier,Link,label,Supplier
Vehicle Log,invoice,Data,label,Invoice Ref
Vehicle Log,service_details,Section Break,label,Service Details
Vehicle Log,amended_from,Link,label,Amended From
Slack Webhook URL,webhook_name,Data,label,Name
Slack Webhook URL,webhook_url,Data,label,Webhook URL
Slack Webhook URL,show_document_link,Check,label,Show link to document
Employee Referral,first_name,Data,label,First Name
Employee Referral,last_name,Data,label,Last Name
Employee Referral,full_name,Data,label,Full Name
Employee Referral,date,Date,label,Date
Employee Referral,status,Select,label,Status
Employee Referral,status,Select,option,Pending
Employee Referral,status,Select,option,In Process
Employee Referral,status,Select,option,Accepted
Employee Referral,status,Select,option,Rejected
Employee Referral,for_designation,Link,label,For Designation
Employee Referral,referral_details_section,Section Break,label,Referral Details
Employee Referral,email,Data,label,Email
Employee Referral,contact_no,Data,label,Contact No.
Employee Referral,resume_link,Data,label,Resume Link
Employee Referral,current_employer,Data,label,Current Employer
Employee Referral,current_job_title,Data,label,Current Job Title
Employee Referral,resume,Attach,label,Resume
Employee Referral,referrer_details_section,Section Break,label,Referrer Details
Employee Referral,referrer,Link,label,Referrer
Employee Referral,referrer_name,Data,label,Referrer Name
Employee Referral,is_applicable_for_referral_bonus,Check,label,Is Applicable for Referral Bonus
Employee Referral,referral_payment_status,Select,label,Referral Bonus Payment Status
Employee Referral,referral_payment_status,Select,option,Unpaid
Employee Referral,referral_payment_status,Select,option,Paid
Employee Referral,department,Link,label,Department
Employee Referral,additional_information_section,Section Break,label,Additional Information
Employee Referral,qualification_reason,Text Editor,label,Why is this Candidate Qualified for this Position?
Employee Referral,work_references,Text Editor,label,Work References
Employee Referral,amended_from,Link,label,Amended From
OAuth Authorization Code,client,Link,label,Client
OAuth Authorization Code,user,Link,label,User
OAuth Authorization Code,scopes,Text,label,Scopes
OAuth Authorization Code,authorization_code,Data,label,Authorization Code
OAuth Authorization Code,expiration_time,Datetime,label,Expiration time
OAuth Authorization Code,redirect_uri_bound_to_authorization_code,Data,label,Redirect URI Bound To Auth Code
OAuth Authorization Code,validity,Select,label,Validity
OAuth Authorization Code,validity,Select,option,Valid
OAuth Authorization Code,validity,Select,option,Invalid
OAuth Authorization Code,nonce,Data,label,nonce
OAuth Authorization Code,code_challenge,Data,label,Code Challenge
OAuth Authorization Code,code_challenge_method,Select,label,Code challenge method
OAuth Authorization Code,code_challenge_method,Select,option,s256
OAuth Authorization Code,code_challenge_method,Select,option,plain
Import Supplier Invoice,invoice_series,Select,label,Invoice Series
Import Supplier Invoice,invoice_series,Select,option,ACC-PINV-.YYYY.-
Import Supplier Invoice,company,Link,label,Company
Import Supplier Invoice,item_code,Link,label,Item Code
Import Supplier Invoice,supplier_group,Link,label,Supplier Group
Import Supplier Invoice,tax_account,Link,label,Tax Account
Import Supplier Invoice,default_buying_price_list,Link,label,Default Buying Price List
Import Supplier Invoice,upload_xml_invoices_section,Section Break,label,Upload XML Invoices
Import Supplier Invoice,zip_file,Attach,label,Zip File
Import Supplier Invoice,import_invoices,Button,label,Import Invoices
Import Supplier Invoice,import_invoices,Button,description,Click on Import Invoices button once the zip file has been attached to the document. Any errors related to processing will be shown in the Error Log.
Import Supplier Invoice,status,Data,label,Status
POS Settings,invoice_fields,Table,label,POS Field
POS Settings,pos_search_fields,Table,label,POS Search Fields
Plaid Settings,enabled,Check,label,Enabled
Plaid Settings,automatic_sync,Check,label,Synchronize all accounts every hour
Plaid Settings,plaid_client_id,Data,label,Plaid Client ID
Plaid Settings,plaid_secret,Password,label,Plaid Secret
Plaid Settings,plaid_env,Select,label,Plaid Environment
Plaid Settings,plaid_env,Select,option,sandbox
Plaid Settings,plaid_env,Select,option,development
Plaid Settings,plaid_env,Select,option,production
Plaid Settings,enable_european_access,Check,label,Enable European Access
Quality Inspection Parameter,parameter,Data,label,Parameter
Quality Inspection Parameter,parameter_group,Link,label,Parameter Group
Quality Inspection Parameter,description,Text Editor,label,Description
Payment Term,payment_term_name,Data,label,Payment Term Name
Payment Term,invoice_portion,Float,label,Invoice Portion (%)
Payment Term,mode_of_payment,Link,label,Mode of Payment
Payment Term,due_date_based_on,Select,label,Due Date Based On
Payment Term,due_date_based_on,Select,option,Day(s) after invoice date
Payment Term,due_date_based_on,Select,option,Day(s) after the end of the invoice month
Payment Term,due_date_based_on,Select,option,Month(s) after the end of the invoice month
Payment Term,credit_days,Int,label,Credit Days
Payment Term,credit_months,Int,label,Credit Months
Payment Term,section_break_8,Section Break,label,Discount Settings
Payment Term,discount_type,Select,label,Discount Type
Payment Term,discount_type,Select,option,Percentage
Payment Term,discount_type,Select,option,Amount
Payment Term,discount,Float,label,Discount
Payment Term,discount_validity_based_on,Select,label,Discount Validity Based On
Payment Term,discount_validity_based_on,Select,option,Day(s) after invoice date
Payment Term,discount_validity_based_on,Select,option,Day(s) after the end of the invoice month
Payment Term,discount_validity_based_on,Select,option,Month(s) after the end of the invoice month
Payment Term,discount_validity,Int,label,Discount Validity
Payment Term,description,Small Text,label,Description
Accounting Dimension,document_type,Link,label,Reference Document Type
Accounting Dimension,label,Data,label,Dimension Name
Accounting Dimension,fieldname,Data,label,Fieldname
Accounting Dimension,dimension_defaults,Table,label,Dimension Defaults
Accounting Dimension,disabled,Check,label,Disable
Quality Inspection Parameter Group,group_name,Data,label,Parameter Group Name
Landed Cost Voucher,naming_series,Select,label,Series
Landed Cost Voucher,naming_series,Select,option,MAT-LCV-.YYYY.-
Landed Cost Voucher,company,Link,label,Company
Landed Cost Voucher,posting_date,Date,label,Posting Date
Landed Cost Voucher,purchase_receipts,Table,label,Purchase Receipts
Landed Cost Voucher,purchase_receipt_items,Section Break,label,Purchase Receipt Items
Landed Cost Voucher,get_items_from_purchase_receipts,Button,label,Get Items From Purchase Receipts
Landed Cost Voucher,items,Table,label,Purchase Receipt Items
Landed Cost Voucher,sec_break1,Section Break,label,Applicable Charges
Landed Cost Voucher,taxes,Table,label,Taxes and Charges
Landed Cost Voucher,total_taxes_and_charges,Currency,label,Total Taxes and Charges (Company Currency)
Landed Cost Voucher,distribute_charges_based_on,Select,label,Distribute Charges Based On
Landed Cost Voucher,distribute_charges_based_on,Select,option,Qty
Landed Cost Voucher,distribute_charges_based_on,Select,option,Amount
Landed Cost Voucher,distribute_charges_based_on,Select,option,Distribute Manually
Landed Cost Voucher,amended_from,Link,label,Amended From
Landed Cost Voucher,landed_cost_help,HTML,label,Landed Cost Help
Asset Maintenance Team,maintenance_team_name,Data,label,Maintenance Team Name
Asset Maintenance Team,maintenance_manager,Link,label,Maintenance Manager
Asset Maintenance Team,maintenance_manager_name,Read Only,label,Maintenance Manager Name
Asset Maintenance Team,company,Link,label,Company
Asset Maintenance Team,section_break_2,Section Break,label,Team
Asset Maintenance Team,maintenance_team_members,Table,label,Maintenance Team Members
UAE VAT Settings,company,Link,label,Company
UAE VAT Settings,uae_vat_accounts,Table,label,UAE VAT Accounts
Voice Call Settings,user,Link,label,User
Voice Call Settings,call_receiving_device,Select,label,Call Receiving Device
Voice Call Settings,call_receiving_device,Select,option,Computer
Voice Call Settings,call_receiving_device,Select,option,Phone
Voice Call Settings,greeting_message,Data,label,Greeting Message
Voice Call Settings,agent_busy_message,Data,label,Agent Busy Message
Voice Call Settings,agent_unavailable_message,Data,label,Agent Unavailable Message
Contract Template,title,Data,label,Title
Contract Template,contract_terms,Text Editor,label,Contract Terms and Conditions
Contract Template,requires_fulfilment,Check,label,Requires Fulfilment
Contract Template,fulfilment_terms,Table,label,Fulfilment Terms and Conditions
Contract Template,contract_template_help,HTML,label,Contract Template Help
Contract Template,contract_template_help,HTML,option,<h4>Contract Template Example</h4>
Contract Template,contract_template_help,HTML,option,<pre>Contract for Customer {{ party_name }}
Contract Template,contract_template_help,HTML,option,-Valid From : {{ start_date }}
Contract Template,contract_template_help,HTML,option,-Valid To : {{ end_date }}
Contract Template,contract_template_help,HTML,option,</pre>
Contract Template,contract_template_help,HTML,option,<h4>How to get fieldnames</h4>
Contract Template,contract_template_help,HTML,option,<p>The field names you can use in your Contract Template are the fields in the Contract for which you are creating the template. You can find out the fields of any documents via Setup &gt; Customize Form View and selecting the document type (e.g. Contract)</p>
Contract Template,contract_template_help,HTML,option,<h4>Templating</h4>
Contract Template,contract_template_help,HTML,option,"<p>Templates are compiled using the Jinja Templating Language. To learn more about Jinja, <a class=""strong"" href=""http://jinja.pocoo.org/docs/dev/templates/"">read this documentation.</a></p>"
Incoming Call Settings,call_routing,Select,label,Call Routing
Incoming Call Settings,call_routing,Select,option,Sequential
Incoming Call Settings,call_routing,Select,option,Simultaneous
Incoming Call Settings,greeting_message,Data,label,Greeting Message
Incoming Call Settings,agent_busy_message,Data,label,Agent Busy Message
Incoming Call Settings,agent_unavailable_message,Data,label,Agent Unavailable Message
Incoming Call Settings,call_handling_schedule,Table,label,Call Handling Schedule
Communication Medium,communication_channel,Select,label,Communication Channel
Communication Medium,communication_medium_type,Select,label,Communication Medium Type
Communication Medium,communication_medium_type,Select,option,Voice
Communication Medium,communication_medium_type,Select,option,Email
Communication Medium,communication_medium_type,Select,option,Chat
Communication Medium,catch_all,Link,label,Catch All
Communication Medium,catch_all,Link,description,"If there is no assigned timeslot, then communication will be handled by this group"
Communication Medium,provider,Link,label,Provider
Communication Medium,disabled,Check,label,Disabled
Communication Medium,timeslots_section,Section Break,label,Timeslots
Communication Medium,timeslots,Table,label,Timeslots
Quality Feedback Template,template,Data,label,Template Name
Quality Feedback Template,parameters,Table,label,Parameters
About Us Settings,,DocType,doctype_description,Settings for the About Us Page
About Us Settings,page_title,Data,label,Page Title
About Us Settings,company_introduction,Text Editor,label,Company Introduction
About Us Settings,company_introduction,Text Editor,description,Introduce your company to the website visitor.
About Us Settings,sb0,Section Break,label,Org History
About Us Settings,company_history_heading,Data,label,Org History Heading
About Us Settings,company_history_heading,Data,description,"""Company History"""
About Us Settings,company_history,Table,label,Org History
About Us Settings,sb1,Section Break,label,Team Members
About Us Settings,team_members_heading,Data,label,Team Members Heading
About Us Settings,team_members_heading,Data,description,"""Team Members"" or ""Management"""
About Us Settings,team_members_subtitle,Small Text,label,Team Members Subtitle
About Us Settings,team_members,Table,label,Team Members
About Us Settings,footer,Text Editor,label,Footer
About Us Settings,footer,Text Editor,description,More content for the bottom of the page.
Shipment Parcel Template,parcel_template_name,Data,label,Parcel Template Name
Shipment Parcel Template,length,Int,label,Length (cm)
Shipment Parcel Template,width,Int,label,Width (cm)
Shipment Parcel Template,height,Int,label,Height (cm)
Shipment Parcel Template,weight,Float,label,Weight (kg)
Mode of Payment,mode_of_payment,Data,label,Mode of Payment
Mode of Payment,enabled,Check,label,Enabled
Mode of Payment,type,Select,label,Type
Mode of Payment,type,Select,option,Cash
Mode of Payment,type,Select,option,Bank
Mode of Payment,type,Select,option,General
Mode of Payment,type,Select,option,Phone
Mode of Payment,accounts,Table,label,Accounts
Domain,domain,Data,label,Domain
Upload Attendance,download_template,Section Break,label,Download Template
Upload Attendance,att_fr_date,Date,label,Attendance From Date
Upload Attendance,att_to_date,Date,label,Attendance To Date
Upload Attendance,get_template,Button,label,Get Template
Upload Attendance,upload_attendance_data,Section Break,label,Import Attendance
Upload Attendance,upload_html,HTML,label,Upload HTML
Upload Attendance,import_log,HTML,label,Import Log
Expense Claim Type,deferred_expense_account,Check,label,Deferred Expense Account
Expense Claim Type,expense_type,Data,label,Expense Claim Type
Expense Claim Type,accounts,Table,label,Accounts
Expense Claim Type,description,Small Text,label,Description
Video,title,Data,label,Title
Video,provider,Select,label,Provider
Video,provider,Select,option,YouTube
Video,provider,Select,option,Vimeo
Video,url,Data,label,URL
Video,youtube_video_id,Data,label,Youtube ID
Video,publish_date,Date,label,Publish Date
Video,duration,Duration,label,Duration
Video,youtube_tracking_section,Section Break,label,Youtube Statistics
Video,like_count,Float,label,Likes
Video,view_count,Float,label,Views
Video,dislike_count,Float,label,Dislikes
Video,comment_count,Float,label,Comments
Video,description,Text Editor,label,Description
Video,image,Attach Image,label,Image
Video Settings,enable_youtube_tracking,Check,label,Enable YouTube Tracking
Video Settings,api_key,Data,label,API Key
Video Settings,frequency,Select,label,Frequency
Video Settings,frequency,Select,option,30 mins
Video Settings,frequency,Select,option,1 hr
Video Settings,frequency,Select,option,6 hrs
Video Settings,frequency,Select,option,Daily
Process Deferred Accounting,company,Link,label,Company
Process Deferred Accounting,type,Select,label,Type
Process Deferred Accounting,type,Select,option,Income
Process Deferred Accounting,type,Select,option,Expense
Process Deferred Accounting,account,Link,label,Account
Process Deferred Accounting,posting_date,Date,label,Posting Date
Process Deferred Accounting,start_date,Date,label,Service Start Date
Process Deferred Accounting,end_date,Date,label,Service End Date
Process Deferred Accounting,amended_from,Link,label,Amended From
Email Digest,,DocType,doctype_description,Send regular summary reports via Email.
Email Digest,settings,Section Break,label,Email Digest Settings
Email Digest,enabled,Check,label,Enabled
Email Digest,company,Link,label,For Company
Email Digest,frequency,Select,label,How frequently?
Email Digest,frequency,Select,option,Daily
Email Digest,frequency,Select,option,Weekly
Email Digest,frequency,Select,option,Monthly
Email Digest,next_send,Data,label,Next email will be sent on:
Email Digest,recipients,Table MultiSelect,label,Recipients
Email Digest,recipients,Table MultiSelect,description,Note: Email will not be sent to disabled users
Email Digest,accounts,Section Break,label,Accounts
Email Digest,accounts_module,Column Break,label,Profit & Loss
Email Digest,income,Check,label,New Income
Email Digest,expenses_booked,Check,label,New Expenses
Email Digest,income_year_to_date,Check,label,Annual Income
Email Digest,expense_year_to_date,Check,label,Annual Expenses
Email Digest,column_break_16,Column Break,label,Balance Sheet
Email Digest,bank_balance,Check,label,Bank Balance
Email Digest,credit_balance,Check,label,Bank Credit Balance
Email Digest,invoiced_amount,Check,label,Receivables
Email Digest,payables,Check,label,Payables
Email Digest,work_in_progress,Column Break,label,Work in Progress
Email Digest,sales_orders_to_bill,Check,label,Sales Orders to Bill
Email Digest,purchase_orders_to_bill,Check,label,Purchase Orders to Bill
Email Digest,operation,Section Break,label,Operations
Email Digest,sales_order,Check,label,New Sales Orders
Email Digest,purchase_order,Check,label,New Purchase Orders
Email Digest,sales_orders_to_deliver,Check,label,Sales Orders to Deliver
Email Digest,purchase_orders_to_receive,Check,label,Purchase Orders to Receive
Email Digest,sales_invoice,Check,label,New Sales Invoice
Email Digest,purchase_invoice,Check,label,New Purchase Invoice
Email Digest,new_quotations,Check,label,New Quotations
Email Digest,pending_quotations,Check,label,Open Quotations
Email Digest,issue,Check,label,Open Issues
Email Digest,project,Check,label,Open Projects
Email Digest,purchase_orders_items_overdue,Check,label,Purchase Orders Items Overdue
Email Digest,other,Section Break,label,Other
Email Digest,tools,Column Break,label,Tools
Email Digest,calendar_events,Check,label,Upcoming Calendar Events
Email Digest,todo_list,Check,label,Open To Do
Email Digest,notifications,Check,label,Open Notifications
Email Digest,add_quote,Check,label,Add Quote
Shift Request,shift_type,Link,label,Shift Type
Shift Request,employee,Link,label,Employee
Shift Request,employee_name,Data,label,Employee Name
Shift Request,department,Link,label,Department
Shift Request,status,Select,label,Status
Shift Request,status,Select,option,Draft
Shift Request,status,Select,option,Approved
Shift Request,status,Select,option,Rejected
Shift Request,company,Link,label,Company
Shift Request,approver,Link,label,Approver
Shift Request,from_date,Date,label,From Date
Shift Request,to_date,Date,label,To Date
Shift Request,amended_from,Link,label,Amended From
Portal Settings,default_role,Link,label,Default Role at Time of Signup
Portal Settings,default_portal_home,Data,label,Default Portal Home
Portal Settings,default_portal_home,Data,description,"Example: ""/desk"""
Portal Settings,standard_menu_items,Section Break,label,Standard Sidebar Menu
Portal Settings,hide_standard_menu,Check,label,Hide Standard Menu
Portal Settings,menu,Table,label,Portal Menu
Portal Settings,custom_sidebar_menu,Section Break,label,Custom Sidebar Menu
Portal Settings,custom_menu,Table,label,Custom Menu Items
Bank,bank_details_section,Section Break,label,Bank Details
Bank,bank_name,Data,label,Bank Name
Bank,swift_number,Data,label,SWIFT number
Bank,website,Data,label,Website
Bank,address_and_contact,Section Break,label,Address and Contact
Bank,address_and_contact,Section Break,option,fa fa-map-marker
Bank,address_html,HTML,label,Address HTML
Bank,contact_html,HTML,label,Contact HTML
Bank,data_import_configuration_section,Section Break,label,Data Import Configuration
Bank,bank_transaction_mapping,Table,label,Bank Transaction Mapping
Bank,plaid_access_token,Data,label,Plaid Access Token
Email Campaign,campaign_name,Link,label,Campaign
Email Campaign,email_campaign_for,Select,label,Email Campaign For
Email Campaign,email_campaign_for,Select,option,Lead
Email Campaign,email_campaign_for,Select,option,Contact
Email Campaign,email_campaign_for,Select,option,Email Group
Email Campaign,recipient,Dynamic Link,label,Recipient
Email Campaign,sender,Link,label,Sender
Email Campaign,start_date,Date,label,Start Date
Email Campaign,end_date,Date,label,End Date
Email Campaign,status,Select,label,Status
Email Campaign,status,Select,option,Scheduled
Email Campaign,status,Select,option,In Progress
Email Campaign,status,Select,option,Completed
Email Campaign,status,Select,option,Unsubscribed
Dashboard Chart Source,source_name,Data,label,Source Name
Dashboard Chart Source,module,Link,label,Module
Dashboard Chart Source,timeseries,Check,label,Timeseries
Customs Tariff Number,tariff_number,Data,label,Tariff Number
Customs Tariff Number,description,Data,label,Description
Subscription Settings,grace_period,Int,label,Grace Period
Subscription Settings,grace_period,Int,description,Number of days after invoice date has elapsed before canceling subscription or marking subscription as unpaid
Subscription Settings,cancel_after_grace,Check,label,Cancel Subscription After Grace Period
Subscription Settings,prorate,Check,label,Prorate
Employee Tax Exemption Sub Category,exemption_category,Link,label,Tax Exemption Category
Employee Tax Exemption Sub Category,max_amount,Currency,label,Max Exemption Amount
Employee Tax Exemption Sub Category,is_active,Check,label,Is Active
Employee Tax Exemption Category,max_amount,Currency,label,Max Exemption Amount
Employee Tax Exemption Category,is_active,Check,label,Is Active
POS Opening Entry,period_start_date,Datetime,label,Period Start Date
POS Opening Entry,period_end_date,Date,label,Period End Date
POS Opening Entry,status,Select,label,Status
POS Opening Entry,status,Select,option,Draft
POS Opening Entry,status,Select,option,Open
POS Opening Entry,status,Select,option,Closed
POS Opening Entry,status,Select,option,Cancelled
POS Opening Entry,posting_date,Date,label,Posting Date
POS Opening Entry,set_posting_date,Check,label,Set Posting Date
POS Opening Entry,company,Link,label,Company
POS Opening Entry,pos_profile,Link,label,POS Profile
POS Opening Entry,pos_closing_entry,Data,label,POS Closing Entry
POS Opening Entry,user,Link,label,Cashier
POS Opening Entry,balance_details,Table,label,Opening Balance Details
POS Opening Entry,amended_from,Link,label,Amended From
Asset Maintenance,asset_name,Link,label,Asset Name
Asset Maintenance,asset_category,Read Only,label,Asset Category
Asset Maintenance,company,Link,label,Company
Asset Maintenance,item_code,Read Only,label,Item Code
Asset Maintenance,item_name,Read Only,label,Item Name
Asset Maintenance,maintenance_team,Link,label,Maintenance Team
Asset Maintenance,maintenance_manager,Data,label,Maintenance Manager
Asset Maintenance,maintenance_manager_name,Read Only,label,Maintenance Manager Name
Asset Maintenance,section_break_8,Section Break,label,Tasks
Asset Maintenance,asset_maintenance_tasks,Table,label,Maintenance Tasks
Downtime Entry,naming_series,Select,label,Naming Series
Downtime Entry,naming_series,Select,option,DT-
Downtime Entry,workstation,Link,label,Workstation / Machine
Downtime Entry,operator,Link,label,Operator
Downtime Entry,from_time,Datetime,label,From Time
Downtime Entry,to_time,Datetime,label,To Time
Downtime Entry,downtime,Float,label,Downtime
Downtime Entry,downtime,Float,description,In Mins
Downtime Entry,downtime_reason_section,Section Break,label,Downtime Reason
Downtime Entry,stop_reason,Select,label,Stop Reason
Downtime Entry,stop_reason,Select,option,Excessive machine set up time
Downtime Entry,stop_reason,Select,option,Unplanned machine maintenance
Downtime Entry,stop_reason,Select,option,On-machine press checks
Downtime Entry,stop_reason,Select,option,Machine operator errors
Downtime Entry,stop_reason,Select,option,Machine malfunction
Downtime Entry,stop_reason,Select,option,Electricity down
Downtime Entry,stop_reason,Select,option,Other
Downtime Entry,remarks,Text,label,Remarks
Journal Entry Template,template_title,Data,label,Template Title
Journal Entry Template,voucher_type,Select,label,Journal Entry Type
Journal Entry Template,voucher_type,Select,option,Journal Entry
Journal Entry Template,voucher_type,Select,option,Inter Company Journal Entry
Journal Entry Template,voucher_type,Select,option,Bank Entry
Journal Entry Template,voucher_type,Select,option,Cash Entry
Journal Entry Template,voucher_type,Select,option,Credit Card Entry
Journal Entry Template,voucher_type,Select,option,Debit Note
Journal Entry Template,voucher_type,Select,option,Credit Note
Journal Entry Template,voucher_type,Select,option,Contra Entry
Journal Entry Template,voucher_type,Select,option,Excise Entry
Journal Entry Template,voucher_type,Select,option,Write Off Entry
Journal Entry Template,voucher_type,Select,option,Opening Entry
Journal Entry Template,voucher_type,Select,option,Depreciation Entry
Journal Entry Template,voucher_type,Select,option,Exchange Rate Revaluation
Journal Entry Template,naming_series,Select,label,Series
Journal Entry Template,company,Link,label,Company
Journal Entry Template,is_opening,Select,label,Is Opening
Journal Entry Template,is_opening,Select,option,No
Journal Entry Template,is_opening,Select,option,Yes
Journal Entry Template,multi_currency,Check,label,Multi Currency
Journal Entry Template,accounts,Table,label,Accounting Entries
Quality Inspection Template,quality_inspection_template_name,Data,label,Quality Inspection Template Name
Quality Inspection Template,item_quality_inspection_parameter,Table,label,Item Quality Inspection Parameter
Project Template,project_type,Link,label,Project Type
Project Template,tasks,Table,label,Tasks
Color,color,Color,label,Color
Bank Account Type,account_type,Data,label,Account Type
Item Manufacturer,item_code,Link,label,Item Code
Item Manufacturer,manufacturer,Link,label,Manufacturer
Item Manufacturer,manufacturer_part_no,Data,label,Manufacturer Part Number
Item Manufacturer,item_name,Data,label,Item Name
Item Manufacturer,description,Small Text,label,Description
Item Manufacturer,is_default,Check,label,Is Default
Payment Order,naming_series,Select,label,Series
Payment Order,naming_series,Select,option,PMO-
Payment Order,company,Link,label,Company
Payment Order,payment_order_type,Select,label,Payment Order Type
Payment Order,payment_order_type,Select,option,Payment Request
Payment Order,payment_order_type,Select,option,Payment Entry
Payment Order,party,Link,label,Supplier
Payment Order,posting_date,Date,label,Posting Date
Payment Order,company_bank,Link,label,Bank
Payment Order,company_bank_account,Link,label,Company Bank Account
Payment Order,account,Data,label,Account
Payment Order,references,Table,label,Payment Order Reference
Payment Order,amended_from,Link,label,Amended From
Chart of Accounts Importer,,DocType,doctype_description,Import Chart of Accounts from a csv file
Chart of Accounts Importer,company,Link,label,Company
Chart of Accounts Importer,download_template,Button,label,Download Template
Chart of Accounts Importer,import_file,Attach,label,Attach custom Chart of Accounts file
Chart of Accounts Importer,chart_preview,Section Break,label,Chart Preview
Chart of Accounts Importer,chart_tree,HTML,label,Chart Tree
Loyalty Point Entry,loyalty_program,Link,label,Loyalty Program
Loyalty Point Entry,loyalty_program_tier,Data,label,Loyalty Program Tier
Loyalty Point Entry,customer,Link,label,Customer
Loyalty Point Entry,invoice_type,Link,label,Invoice Type
Loyalty Point Entry,invoice,Dynamic Link,label,Invoice
Loyalty Point Entry,redeem_against,Link,label,Redeem Against
Loyalty Point Entry,loyalty_points,Int,label,Loyalty Points
Loyalty Point Entry,purchase_amount,Currency,label,Purchase Amount
Loyalty Point Entry,expiry_date,Date,label,Expiry Date
Loyalty Point Entry,posting_date,Date,label,Posting Date
Loyalty Point Entry,company,Link,label,Company
Share Transfer,transfer_type,Select,label,Transfer Type
Share Transfer,transfer_type,Select,option,Issue
Share Transfer,transfer_type,Select,option,Purchase
Share Transfer,transfer_type,Select,option,Transfer
Share Transfer,date,Date,label,Date
Share Transfer,from_shareholder,Link,label,From Shareholder
Share Transfer,from_folio_no,Data,label,From Folio No
Share Transfer,to_shareholder,Link,label,To Shareholder
Share Transfer,to_folio_no,Data,label,To Folio No
Share Transfer,equity_or_liability_account,Link,label,Equity/Liability Account
Share Transfer,asset_account,Link,label,Asset Account
Share Transfer,share_type,Link,label,Share Type
Share Transfer,from_no,Int,label,From No
Share Transfer,from_no,Int,description,(including)
Share Transfer,rate,Currency,label,Rate
Share Transfer,no_of_shares,Int,label,No of Shares
Share Transfer,to_no,Int,label,To No
Share Transfer,to_no,Int,description,(including)
Share Transfer,amount,Currency,label,Amount
Share Transfer,company,Link,label,Company
Share Transfer,remarks,Long Text,label,Remarks
Share Transfer,amended_from,Link,label,Amended From
Employee Skill Map,employee,Link,label,Employee
Employee Skill Map,employee_name,Read Only,label,Employee Name
Employee Skill Map,designation,Read Only,label,Designation
Employee Skill Map,skills_section,Section Break,label,Skills
Employee Skill Map,employee_skills,Table,label,Employee Skills
Employee Skill Map,trainings_section,Section Break,label,Trainings
Employee Skill Map,trainings,Table,label,Trainings
Website Route Meta,meta_tags,Table,label,Meta Tags
Energy Point Rule,enabled,Check,label,Enabled
Energy Point Rule,rule_name,Data,label,Rule Name
Energy Point Rule,reference_doctype,Link,label,Reference Document Type
Energy Point Rule,for_doc_event,Select,label,For Document Event
Energy Point Rule,for_doc_event,Select,option,New
Energy Point Rule,for_doc_event,Select,option,Submit
Energy Point Rule,for_doc_event,Select,option,Cancel
Energy Point Rule,for_doc_event,Select,option,Value Change
Energy Point Rule,for_doc_event,Select,option,Custom
Energy Point Rule,field_to_check,Select,label,Field To Check
Energy Point Rule,points,Int,label,Points
Energy Point Rule,for_assigned_users,Check,label,Allot Points To Assigned Users
Energy Point Rule,for_assigned_users,Check,description,Users assigned to the reference document will get points.
Energy Point Rule,user_field,Select,label,User Field
Energy Point Rule,user_field,Select,description,The user from this field will be rewarded points
Energy Point Rule,multiplier_field,Select,label,Multiplier Field
Energy Point Rule,max_points,Int,label,Maximum Points
Energy Point Rule,max_points,Int,description,"Maximum points allowed after multiplying points with the multiplier value
(Note: For no limit leave this field empty or set 0)"
Energy Point Rule,apply_only_once,Check,label,Apply Only Once
Energy Point Rule,apply_only_once,Check,description,Apply this rule only once per document
Energy Point Rule,condition,Code,label,Condition
Energy Point Rule,condition,Code,description,If the condition is satisfied user will be rewarded with the points. eg. doc.status == 'Closed'
Coupon Code,coupon_name,Data,label,Coupon Name
Coupon Code,coupon_name,Data,description,"e.g. ""Summer Holiday 2019 Offer 20"""
Coupon Code,coupon_type,Select,label,Coupon Type
Coupon Code,coupon_type,Select,option,Promotional
Coupon Code,coupon_type,Select,option,Gift Card
Coupon Code,customer,Link,label,Customer
Coupon Code,coupon_code,Data,label,Coupon Code
Coupon Code,coupon_code,Data,description,unique e.g. SAVE20  To be used to get discount
Coupon Code,pricing_rule,Link,label,Pricing Rule
Coupon Code,uses,Section Break,label,Validity and Usage
Coupon Code,valid_from,Date,label,Valid From
Coupon Code,valid_upto,Date,label,Valid Upto
Coupon Code,maximum_use,Int,label,Maximum Use
Coupon Code,used,Int,label,Used
Coupon Code,description,Text Editor,label,Coupon Description
Coupon Code,amended_from,Link,label,Amended From
Sales Partner,,DocType,doctype_description,A third party distributor / dealer / commission agent / affiliate / reseller who sells the companies products for a commission.
Sales Partner,partner_name,Data,label,Sales Partner Name
Sales Partner,partner_type,Link,label,Partner Type
Sales Partner,territory,Link,label,Territory
Sales Partner,commission_rate,Float,label,Commission Rate
Sales Partner,address_contacts,Section Break,label,Address & Contacts
Sales Partner,address_desc,HTML,label,Address Desc
Sales Partner,address_html,HTML,label,Address HTML
Sales Partner,contact_desc,HTML,label,Contact Desc
Sales Partner,contact_html,HTML,label,Contact HTML
Sales Partner,partner_target_details_section_break,Section Break,label,Sales Partner Target
Sales Partner,targets,Table,label,Targets
Sales Partner,website,Section Break,label,Website
Sales Partner,show_in_website,Check,label,Show In Website
Sales Partner,referral_code,Data,label,Referral Code
Sales Partner,referral_code,Data,description,To Track inbound purchase
Sales Partner,route,Data,label,Route
Sales Partner,logo,Attach,label,Logo
Sales Partner,partner_website,Data,label,Partner website
Sales Partner,introduction,Text,label,Introduction
Sales Partner,description,Text Editor,label,Description
Global Search Settings,allowed_in_global_search,Table,label,Search Priorities
Quick Stock Balance,warehouse,Link,label,Warehouse
Quick Stock Balance,date,Date,label,Date
Quick Stock Balance,item_barcode,Data,label,Item Barcode
Quick Stock Balance,item,Link,label,Item Code
Quick Stock Balance,item_name,Data,label,Item Name
Quick Stock Balance,item_description,Small Text,label,Item Description
Quick Stock Balance,image,Image,label,Image View
Quick Stock Balance,qty,Float,label,Available Quantity
Quick Stock Balance,value,Currency,label,Stock Value
Tag,description,Small Text,label,Description
Accounting Period,period_name,Data,label,Period Name
Accounting Period,start_date,Date,label,Start Date
Accounting Period,end_date,Date,label,End Date
Accounting Period,company,Link,label,Company
Accounting Period,closed_documents,Table,label,Closed Documents
Session Default Settings,session_defaults,Table,label,Session Defaults
Manufacturer,,DocType,doctype_description,Manufacturers used in Items
Manufacturer,short_name,Data,label,Short Name
Manufacturer,short_name,Data,description,Limited to 12 characters
Manufacturer,full_name,Data,label,Full Name
Manufacturer,website,Data,label,Website
Manufacturer,country,Link,label,Country
Manufacturer,logo,Attach Image,label,Logo
Manufacturer,address_contacts,Section Break,label,Address and Contacts
Manufacturer,address_contacts,Section Break,option,fa fa-map-marker
Manufacturer,address_html,HTML,label,Address HTML
Manufacturer,contact_html,HTML,label,Contact HTML
Manufacturer,notes,Small Text,label,Notes
Issue Type,description,Small Text,label,Description
Invoice Discounting,posting_date,Date,label,Posting Date
Invoice Discounting,loan_start_date,Date,label,Loan Start Date
Invoice Discounting,loan_period,Int,label,Loan Period (Days)
Invoice Discounting,loan_end_date,Date,label,Loan End Date
Invoice Discounting,status,Select,label,Status
Invoice Discounting,status,Select,option,Draft
Invoice Discounting,status,Select,option,Sanctioned
Invoice Discounting,status,Select,option,Disbursed
Invoice Discounting,status,Select,option,Settled
Invoice Discounting,status,Select,option,Cancelled
Invoice Discounting,company,Link,label,Company
Invoice Discounting,invoices,Table,label,Invoices
Invoice Discounting,total_amount,Currency,label,Total Amount
Invoice Discounting,bank_charges,Currency,label,Bank Charges
Invoice Discounting,short_term_loan,Link,label,Short Term Loan Account
Invoice Discounting,bank_account,Link,label,Bank Account
Invoice Discounting,bank_charges_account,Link,label,Bank Charges Account
Invoice Discounting,accounts_receivable_credit,Link,label,Accounts Receivable Credit Account
Invoice Discounting,accounts_receivable_discounted,Link,label,Accounts Receivable Discounted Account
Invoice Discounting,accounts_receivable_unpaid,Link,label,Accounts Receivable Unpaid Account
Invoice Discounting,amended_from,Link,label,Amended From
Warehouse Type,description,Small Text,label,Description
Loyalty Program,loyalty_program_name,Data,label,Loyalty Program Name
Loyalty Program,loyalty_program_type,Select,label,Loyalty Program Type
Loyalty Program,loyalty_program_type,Select,option,Single Tier Program
Loyalty Program,loyalty_program_type,Select,option,Multiple Tier Program
Loyalty Program,from_date,Date,label,From Date
Loyalty Program,to_date,Date,label,To Date
Loyalty Program,customer_group,Link,label,Customer Group
Loyalty Program,customer_territory,Link,label,Customer Territory
Loyalty Program,auto_opt_in,Check,label,Auto Opt In (For all customers)
Loyalty Program,rules,Section Break,label,Collection Tier
Loyalty Program,collection_rules,Table,label,Collection Rules
Loyalty Program,redemption,Section Break,label,Redemption
Loyalty Program,conversion_factor,Float,label,Conversion Factor
Loyalty Program,conversion_factor,Float,description,1 Loyalty Points = How much base currency?
Loyalty Program,expiry_duration,Int,label,Expiry Duration (in days)
Loyalty Program,expense_account,Link,label,Expense Account
Loyalty Program,company,Link,label,Company
Loyalty Program,accounting_dimensions_section,Section Break,label,Accounting Dimensions
Loyalty Program,cost_center,Link,label,Cost Center
Loyalty Program,help_section,Section Break,label,Help Section
Loyalty Program,loyalty_program_help,HTML,label,Loyalty Program Help
Shipping Rule,,DocType,doctype_description,Specify conditions to calculate shipping amount
Shipping Rule,label,Data,label,Shipping Rule Label
Shipping Rule,label,Data,description,example: Next Day Shipping
Shipping Rule,disabled,Check,label,Disabled
Shipping Rule,shipping_rule_type,Select,label,Shipping Rule Type
Shipping Rule,shipping_rule_type,Select,option,Selling
Shipping Rule,shipping_rule_type,Select,option,Buying
Shipping Rule,section_break_10,Section Break,label,Accounting
Shipping Rule,company,Link,label,Company
Shipping Rule,account,Link,label,Shipping Account
Shipping Rule,accounting_dimensions_section,Section Break,label,Accounting Dimensions
Shipping Rule,cost_center,Link,label,Cost Center
Shipping Rule,calculate_based_on,Select,label,Calculate Based On
Shipping Rule,calculate_based_on,Select,option,Fixed
Shipping Rule,calculate_based_on,Select,option,Net Total
Shipping Rule,calculate_based_on,Select,option,Net Weight
Shipping Rule,shipping_amount,Currency,label,Shipping Amount
Shipping Rule,rule_conditions_section,Section Break,label,Shipping Rule Conditions
Shipping Rule,conditions,Table,label,Shipping Rule Conditions
Shipping Rule,section_break_6,Section Break,label,Restrict to Countries
Shipping Rule,countries,Table,label,Valid for Countries
Issue Priority,description,Small Text,label,Description
Personal Data Download Request,user,Link,label,User
Personal Data Download Request,user_name,Data,label,User Name
Personal Data Download Request,amended_from,Link,label,Amended From
Homepage Section,section_based_on,Select,label,Section Based On
Homepage Section,section_based_on,Select,option,Cards
Homepage Section,section_based_on,Select,option,Custom HTML
Homepage Section,section_cards_section,Section Break,label,Section Cards
Homepage Section,section_cards,Table,label,Section Cards
Homepage Section,no_of_columns,Select,label,Number of Columns
Homepage Section,no_of_columns,Select,description,Number of columns for this section. 3 cards will be shown per row if you select 3 columns.
Homepage Section,no_of_columns,Select,option,1
Homepage Section,no_of_columns,Select,option,2
Homepage Section,no_of_columns,Select,option,3
Homepage Section,no_of_columns,Select,option,4
Homepage Section,no_of_columns,Select,option,6
Homepage Section,custom_html_section,Section Break,label,Custom HTML
Homepage Section,section_html,Code,label,Section HTML
Homepage Section,section_html,Code,description,Use this field to render any custom HTML in the section.
Homepage Section,section_order,Int,label,Section Order
Homepage Section,section_order,Int,description,"Order in which sections should appear. 0 is first, 1 is second and so on."
Activity Cost,activity_type,Link,label,Activity Type
Activity Cost,employee,Link,label,Employee
Activity Cost,employee_name,Data,label,Employee Name
Activity Cost,department,Link,label,Department
Activity Cost,billing_rate,Currency,label,Billing Rate
Activity Cost,billing_rate,Currency,description,per hour
Activity Cost,costing_rate,Currency,label,Costing Rate
Activity Cost,costing_rate,Currency,description,per hour
Activity Cost,title,Data,label,title
Supplier Scorecard Period,supplier,Link,label,Supplier
Supplier Scorecard Period,naming_series,Select,label,Naming Series
Supplier Scorecard Period,naming_series,Select,option,PU-SSP-.YYYY.-
Supplier Scorecard Period,total_score,Percent,label,Period Score
Supplier Scorecard Period,start_date,Date,label,Start Date
Supplier Scorecard Period,end_date,Date,label,End Date
Supplier Scorecard Period,section_break_11,Section Break,label,Calculations
Supplier Scorecard Period,criteria,Table,label,Criteria
Supplier Scorecard Period,variables,Table,label,Variables
Supplier Scorecard Period,sec_ref,Section Break,label,Reference
Supplier Scorecard Period,scorecard,Link,label,Supplier Scorecard Setup
Supplier Scorecard Period,amended_from,Link,label,Amended From
Supplier Scorecard Variable,variable_label,Data,label,Variable Name
Supplier Scorecard Variable,is_custom,Check,label,Custom?
Supplier Scorecard Variable,param_name,Data,label,Parameter Name
Supplier Scorecard Variable,path,Data,label,Path
Supplier Scorecard Variable,description,Small Text,label,Description
Supplier Scorecard,supplier,Link,label,Supplier
Supplier Scorecard,supplier_score,Data,label,Supplier Score
Supplier Scorecard,indicator_color,Data,label,Indicator Color
Supplier Scorecard,status,Data,label,Status
Supplier Scorecard,period,Select,label,Evaluation Period
Supplier Scorecard,period,Select,option,Per Week
Supplier Scorecard,period,Select,option,Per Month
Supplier Scorecard,period,Select,option,Per Year
Supplier Scorecard,scoring_setup,Section Break,label,Scoring Setup
Supplier Scorecard,weighting_function,Small Text,label,Weighting Function
Supplier Scorecard,weighting_function,Small Text,description,"Scorecard variables can be used, as well as:
{total_score} (the total score from that period),
{period_number} (the number of periods to present day)"
Supplier Scorecard,standings,Table,label,Scoring Standings
Supplier Scorecard,criteria_setup,Section Break,label,Criteria Setup
Supplier Scorecard,load_criteria,Button,label,Load All Criteria
Supplier Scorecard,criteria,Table,label,Scoring Criteria
Supplier Scorecard,scorecard_actions,Section Break,label,Scorecard Actions
Supplier Scorecard,warn_rfqs,Check,label,Warn for new Request for Quotations
Supplier Scorecard,warn_pos,Check,label,Warn for new Purchase Orders
Supplier Scorecard,prevent_rfqs,Check,label,Prevent RFQs
Supplier Scorecard,prevent_pos,Check,label,Prevent POs
Supplier Scorecard,notify_supplier,Check,label,Notify Supplier
Supplier Scorecard,notify_employee,Check,label,Notify Employee
Supplier Scorecard,employee,Link,label,Employee
Supplier Scorecard Standing,standing_name,Data,label,Standing Name
Supplier Scorecard Standing,standing_color,Select,label,Color
Supplier Scorecard Standing,standing_color,Select,option,Blue
Supplier Scorecard Standing,standing_color,Select,option,Purple
Supplier Scorecard Standing,standing_color,Select,option,Green
Supplier Scorecard Standing,standing_color,Select,option,Yellow
Supplier Scorecard Standing,standing_color,Select,option,Orange
Supplier Scorecard Standing,standing_color,Select,option,Red
Supplier Scorecard Standing,min_grade,Percent,label,Min Grade
Supplier Scorecard Standing,max_grade,Percent,label,Max Grade
Supplier Scorecard Standing,warn_rfqs,Check,label,Warn RFQs
Supplier Scorecard Standing,warn_pos,Check,label,Warn Purchase Orders
Supplier Scorecard Standing,prevent_rfqs,Check,label,Prevent RFQs
Supplier Scorecard Standing,prevent_pos,Check,label,Prevent Purchase Orders
Supplier Scorecard Standing,notify_supplier,Check,label,Notify Supplier
Supplier Scorecard Standing,notify_employee,Check,label,Notify Other
Supplier Scorecard Standing,employee_link,Link,label,Other
Employee Group,employee_group_name,Data,label,Name
Employee Group,section_break_00,Section Break,label,Employee
Employee Group,employee_list,Table,label,Employee
Bank Account Subtype,account_subtype,Data,label,Account Subtype
Market Segment,market_segment,Data,label,Market Segment
Delivery Settings,sb_dispatch,Section Break,label,Dispatch Settings
Delivery Settings,dispatch_template,Link,label,Dispatch Notification Template
Delivery Settings,dispatch_attachment,Link,label,Dispatch Notification Attachment
Delivery Settings,dispatch_attachment,Link,description,Leave blank to use the standard Delivery Note format
Delivery Settings,send_with_attachment,Check,label,Send with Attachment
Delivery Settings,stop_delay,Int,label,Delay between Delivery Stops
Delivery Settings,stop_delay,Int,description,In minutes
Bank Guarantee,bg_type,Select,label,Bank Guarantee Type
Bank Guarantee,bg_type,Select,option,Receiving
Bank Guarantee,bg_type,Select,option,Providing
Bank Guarantee,reference_doctype,Link,label,Reference Document Type
Bank Guarantee,reference_docname,Dynamic Link,label,Reference Document Name
Bank Guarantee,customer,Link,label,Customer
Bank Guarantee,supplier,Link,label,Supplier
Bank Guarantee,project,Link,label,Project
Bank Guarantee,amount,Currency,label,Amount
Bank Guarantee,start_date,Date,label,Start Date
Bank Guarantee,validity,Int,label,Validity in Days
Bank Guarantee,end_date,Date,label,End Date
Bank Guarantee,bank_account_info,Section Break,label,Bank Account Info
Bank Guarantee,bank,Link,label,Bank
Bank Guarantee,bank_account,Link,label,Bank Account
Bank Guarantee,account,Link,label,Account
Bank Guarantee,bank_account_no,Data,label,Bank Account No
Bank Guarantee,iban,Data,label,IBAN
Bank Guarantee,branch_code,Data,label,Branch Code
Bank Guarantee,swift_number,Data,label,SWIFT number
Bank Guarantee,more_information,Text Editor,label,Clauses and Conditions
Bank Guarantee,margin_details,Section Break,label,Other Details
Bank Guarantee,bank_guarantee_number,Data,label,Bank Guarantee Number
Bank Guarantee,name_of_beneficiary,Data,label,Name of Beneficiary
Bank Guarantee,margin_money,Currency,label,Margin Money
Bank Guarantee,charges,Currency,label,Charges Incurred
Bank Guarantee,fixed_deposit_number,Data,label,Fixed Deposit Number
Bank Guarantee,amended_from,Link,label,Amended From
UOM Conversion Factor,category,Link,label,Category
UOM Conversion Factor,from_uom,Link,label,From
UOM Conversion Factor,to_uom,Link,label,To
UOM Conversion Factor,value,Float,label,Value
SMS Log,sender_name,Data,label,Sender Name
SMS Log,sent_on,Date,label,Sent On
SMS Log,message,Small Text,label,Message
SMS Log,no_of_requested_sms,Int,label,No of Requested SMS
SMS Log,requested_numbers,Code,label,Requested Numbers
SMS Log,no_of_sent_sms,Int,label,No of Sent SMS
SMS Log,sent_to,Code,label,Sent To
Employee Transfer,employee,Link,label,Employee
Employee Transfer,employee_name,Data,label,Employee Name
Employee Transfer,transfer_date,Date,label,Transfer Date
Employee Transfer,company,Link,label,Company
Employee Transfer,new_company,Link,label,New Company
Employee Transfer,department,Link,label,Department
Employee Transfer,details_section,Section Break,label,Employee Transfer Details
Employee Transfer,transfer_details,Table,label,Employee Transfer Detail
Employee Transfer,reallocate_leaves,Check,label,Re-allocate Leaves
Employee Transfer,create_new_employee_id,Check,label,Create New Employee Id
Employee Transfer,new_employee_id,Link,label,New Employee ID
Employee Transfer,amended_from,Link,label,Amended From
Compensatory Leave Request,employee,Link,label,Employee
Compensatory Leave Request,employee_name,Data,label,Employee Name
Compensatory Leave Request,department,Link,label,Department
Compensatory Leave Request,leave_type,Link,label,Leave Type
Compensatory Leave Request,leave_allocation,Link,label,Leave Allocation
Compensatory Leave Request,worked_on,Section Break,label,Worked On Holiday
Compensatory Leave Request,work_from_date,Date,label,Work From Date
Compensatory Leave Request,work_end_date,Date,label,Work End Date
Compensatory Leave Request,half_day,Check,label,Half Day
Compensatory Leave Request,half_day_date,Date,label,Half Day Date
Compensatory Leave Request,reason,Small Text,label,Reason
Compensatory Leave Request,amended_from,Link,label,Amended From
Routing,routing_name,Data,label,Routing Name
Routing,disabled,Check,label,Disabled
Routing,operations,Table,label,BOM Operation
Share Type,title,Data,label,Title
Share Type,description,Long Text,label,Description
BOM Update Tool,,DocType,doctype_description,"Replace a particular BOM in all other BOMs where it is used. It will replace the old BOM link, update cost and regenerate ""BOM Explosion Item"" table as per new BOM.
It also updates latest price in all the BOMs."
BOM Update Tool,replace_bom_section,Section Break,label,Replace BOM
BOM Update Tool,current_bom,Link,label,Current BOM
BOM Update Tool,current_bom,Link,description,The BOM which will be replaced
BOM Update Tool,new_bom,Link,label,New BOM
BOM Update Tool,new_bom,Link,description,The new BOM after replacement
BOM Update Tool,replace,Button,label,Replace
BOM Update Tool,update_cost_section,Section Break,label,Update Cost
BOM Update Tool,update_latest_price_in_all_boms,Button,label,Update latest price in all BOMs
Job Applicant Source,source_name,Data,label,Source Name
Job Applicant Source,details,Text Editor,label,Details
Item Alternative,item_code,Link,label,Item Code
Item Alternative,alternative_item_code,Link,label,Alternative Item Code
Item Alternative,two_way,Check,label,Two-way
Item Alternative,item_name,Read Only,label,Item Name
Item Alternative,alternative_item_name,Read Only,label,Alternative Item Name
Identification Document Type,identification_document_type,Data,label,Identification Document Type
Currency Exchange,,DocType,doctype_description,Specify Exchange Rate to convert one currency into another
Currency Exchange,date,Date,label,Date
Currency Exchange,from_currency,Link,label,From Currency
Currency Exchange,to_currency,Link,label,To Currency
Currency Exchange,exchange_rate,Float,label,Exchange Rate
Currency Exchange,for_buying,Check,label,For Buying
Currency Exchange,for_selling,Check,label,For Selling
Purpose of Travel,purpose_of_travel,Data,label,Purpose of Travel
Finance Book,finance_book_name,Data,label,Name
UOM Category,category_name,Data,label,Category Name
Party Type,party_type,Link,label,Party Type
Party Type,account_type,Select,label,Account Type
Party Type,account_type,Select,option,Payable
Party Type,account_type,Select,option,Receivable
Employee Health Insurance,health_insurance_name,Data,label,Health Insurance Name
Item Variant Settings,do_not_update_variants,Check,label,Do not update variants on save
Item Variant Settings,do_not_update_variants,Check,description,Fields will be copied over only at time of creation.
Item Variant Settings,allow_rename_attribute_value,Check,label,Allow Rename Attribute Value
Item Variant Settings,allow_rename_attribute_value,Check,description,Rename Attribute Value in Item Attribute.
Item Variant Settings,copy_fields_to_variant,Section Break,label,Copy Fields to Variant
Item Variant Settings,fields,Table,label,Fields
Daily Work Summary Group,enabled,Check,label,Enabled
Daily Work Summary Group,select_users,Section Break,label,Select Users
Daily Work Summary Group,users,Table,label,Users
Daily Work Summary Group,send_emails_at,Select,label,Send Emails At
Daily Work Summary Group,send_emails_at,Select,option,00:00
Daily Work Summary Group,send_emails_at,Select,option,01:00
Daily Work Summary Group,send_emails_at,Select,option,02:00
Daily Work Summary Group,send_emails_at,Select,option,03:00
Daily Work Summary Group,send_emails_at,Select,option,04:00
Daily Work Summary Group,send_emails_at,Select,option,05:00
Daily Work Summary Group,send_emails_at,Select,option,06:00
Daily Work Summary Group,send_emails_at,Select,option,07:00
Daily Work Summary Group,send_emails_at,Select,option,08:00
Daily Work Summary Group,send_emails_at,Select,option,09:00
Daily Work Summary Group,send_emails_at,Select,option,10:00
Daily Work Summary Group,send_emails_at,Select,option,11:00
Daily Work Summary Group,send_emails_at,Select,option,12:00
Daily Work Summary Group,send_emails_at,Select,option,13:00
Daily Work Summary Group,send_emails_at,Select,option,14:00
Daily Work Summary Group,send_emails_at,Select,option,15:00
Daily Work Summary Group,send_emails_at,Select,option,16:00
Daily Work Summary Group,send_emails_at,Select,option,17:00
Daily Work Summary Group,send_emails_at,Select,option,18:00
Daily Work Summary Group,send_emails_at,Select,option,19:00
Daily Work Summary Group,send_emails_at,Select,option,20:00
Daily Work Summary Group,send_emails_at,Select,option,21:00
Daily Work Summary Group,send_emails_at,Select,option,22:00
Daily Work Summary Group,send_emails_at,Select,option,23:00
Daily Work Summary Group,holiday_list,Link,label,Holiday List
Daily Work Summary Group,mail_details,Section Break,label,Reminder
Daily Work Summary Group,subject,Data,label,Subject
Daily Work Summary Group,message,Text Editor,label,Message
Training Program,training_program,Data,label,Training Program
Training Program,status,Select,label,Status
Training Program,status,Select,option,Scheduled
Training Program,status,Select,option,Completed
Training Program,status,Select,option,Cancelled
Training Program,company,Link,label,Company
Training Program,trainer_name,Data,label,Trainer Name
Training Program,trainer_email,Data,label,Trainer Email
Training Program,supplier,Link,label,Supplier
Training Program,contact_number,Data,label,Contact Number
Training Program,description,Text Editor,label,Description
Training Program,amended_from,Link,label,Amended From
Opportunity Type,description,Small Text,label,Description
SMS Center,send_to,Select,label,Send To
SMS Center,send_to,Select,option,All Contact
SMS Center,send_to,Select,option,All Customer Contact
SMS Center,send_to,Select,option,All Supplier Contact
SMS Center,send_to,Select,option,All Sales Partner Contact
SMS Center,send_to,Select,option,All Lead (Open)
SMS Center,send_to,Select,option,All Employee (Active)
SMS Center,send_to,Select,option,All Sales Person
SMS Center,customer,Link,label,Customer
SMS Center,supplier,Link,label,Supplier
SMS Center,sales_partner,Link,label,Sales Partner
SMS Center,department,Link,label,Department
SMS Center,branch,Link,label,Branch
SMS Center,create_receiver_list,Button,label,Create Receiver List
SMS Center,receiver_list,Code,label,Receiver List
SMS Center,message,Text,label,Message
SMS Center,message,Text,description,Messages greater than 160 characters will be split into multiple messages
SMS Center,total_characters,Int,label,Total Characters
SMS Center,total_messages,Int,label,Total Message(s)
SMS Center,send_sms,Button,label,Send SMS
Project Type,project_type,Data,label,Project Type
Project Type,description,Text,label,Description
Activity Type,activity_type,Data,label,Activity Type
Activity Type,costing_rate,Currency,label,Default Costing Rate
Activity Type,billing_rate,Currency,label,Default Billing Rate
Activity Type,disabled,Check,label,Disabled
Interest,interest,Data,label,Interest
Branch,branch,Data,label,Branch
Offer Term,offer_term,Data,label,Offer Term
Cheque Print Template,settings,HTML,option,<div>
Cheque Print Template,settings,HTML,option,<h3> All dimensions in centimeter only </h3>
Cheque Print Template,settings,HTML,option,</div>
Cheque Print Template,has_print_format,Check,label,Has Print Format
Cheque Print Template,primary_settings,Section Break,label,Primary Settings
Cheque Print Template,bank_name,Data,label,Bank Name
Cheque Print Template,cheque_size,Select,label,Cheque Size
Cheque Print Template,cheque_size,Select,option,Regular
Cheque Print Template,cheque_size,Select,option,A4
Cheque Print Template,starting_position_from_top_edge,Float,label,Starting position from top edge
Cheque Print Template,cheque_width,Float,label,Cheque Width
Cheque Print Template,cheque_height,Float,label,Cheque Height
Cheque Print Template,scanned_cheque,Attach,label,Scanned Cheque
Cheque Print Template,is_account_payable,Check,label,Is Account Payable
Cheque Print Template,acc_pay_dist_from_top_edge,Float,label,Distance from top edge
Cheque Print Template,acc_pay_dist_from_left_edge,Float,label,Distance from left edge
Cheque Print Template,message_to_show,Data,label,Message to show
Cheque Print Template,date_settings,HTML,label,Date Settings
Cheque Print Template,date_settings,HTML,option,"<label class=""control-label"" style=""margin-bottom: 0px;"">Date Settings</label>"
Cheque Print Template,date_dist_from_top_edge,Float,label,Distance from top edge
Cheque Print Template,date_dist_from_left_edge,Float,label,Starting location from left edge
Cheque Print Template,payer_settings,Column Break,label,Payer Settings
Cheque Print Template,payer_name_from_top_edge,Float,label,Distance from top edge
Cheque Print Template,payer_name_from_left_edge,Float,label,Starting location from left edge
Cheque Print Template,html_19,HTML,option,"<label class=""control-label"" style=""margin-bottom: 0px;"">Amount In Words</label>"
Cheque Print Template,amt_in_words_from_top_edge,Float,label,Distance from top edge
Cheque Print Template,amt_in_words_from_left_edge,Float,label,Starting location from left edge
Cheque Print Template,amt_in_word_width,Float,label,Width of amount in word
Cheque Print Template,amt_in_words_line_spacing,Float,label,Line spacing for amount in words
Cheque Print Template,amount_in_figure,Column Break,label,Amount In Figure
Cheque Print Template,amt_in_figures_from_top_edge,Float,label,Distance from top edge
Cheque Print Template,amt_in_figures_from_left_edge,Float,label,Starting location from left edge
Cheque Print Template,account_no_settings,HTML,option,"<label class=""control-label"" style=""margin-bottom: 0px;"">Account Number Settings</label>"
Cheque Print Template,acc_no_dist_from_top_edge,Float,label,Distance from top edge
Cheque Print Template,acc_no_dist_from_left_edge,Float,label,Starting location from left edge
Cheque Print Template,signatory_position,Column Break,label,Signatory Position
Cheque Print Template,signatory_from_top_edge,Float,label,Distance from top edge
Cheque Print Template,signatory_from_left_edge,Float,label,Starting location from left edge
Cheque Print Template,preview,Section Break,label,Preview
Rename Tool,select_doctype,Select,label,Select DocType
Rename Tool,select_doctype,Select,description,Type of document to rename.
Rename Tool,file_to_rename,Attach,label,File to Rename
Rename Tool,file_to_rename,Attach,description,"Attach .csv file with two columns, one for the old name and one for the new name"
Rename Tool,rename_log,HTML,label,Rename Log
